instagram name,influencer name ,Category_1,Category_2,Subscribers count,Views avg.,Likes avg,Comments avg.,Month
433,433,Sports with a ball,,50.7M,Spain,274.9K,456.7K,June
____kimwoobin,á„€á…µá†·á„‹á…®á„‡á…µá†«,Lifestyle,,3.6M,Indonesia,449.4K,592.7K,June
__youngbae__,TAEYANG,Music,,13.4M,Indonesia,269.6K,304.1K,June
_agentgirl_,ÐÐÐ¡Ð¢Ð¯ Ð˜Ð’Ð›Ð•Ð•Ð’Ð,Shows,,18.6M,Russia,164.4K,189.4K,June
_hakkencoser_,Hakken å…«çŠ¬,Lifestyle,Photography,3.5M,United States,525.1K,643K,June
_hakkencoser_,Hakken å…«çŠ¬,Lifestyle,Photography,3.5M,United States,525.1K,643K,June
_imyour_joy,Joy,Lifestyle,,14M,Indonesia,1.1M,1.4M,June
_jeongjaehyun,Jaehyun,,,11.9M,Indonesia,2.1M,2.6M,June
_mariahwasa,HWASA,,,8.2M,Brazil,957.2K,1.2M,June
_rl9,Robert Lewandowski,Sports with a ball,,26.6M,Poland,381.9K,486K,June
_seorina,á„‰á…¥á†¯á„‹á…µá†«á„‹á…¡ sá´‡á´Ê€ÉªÉ´á´€,Lifestyle,Cinema & Actors/actresses,5.7M,South Korea,728K,903.5K,June
_shotaroo_,SHOTARO ã‚·ãƒ§ã‚¦ã‚¿ãƒ­ã‚¦,Lifestyle,Music,5.3M,Indonesia,866.9K,1.1M,June
_zyozyo,ì§€íš¨ (JIHYO),,,3.6M,0,1.9M,,June
03_hu,á„‡á…¡á†¨á„Œá…µá„’á…®,Lifestyle,,4.2M,South Korea,632.2K,775.6K,June
21savage,,Music,,13.5M,United States,271.2K,475.8K,June
39saku_chan,Sakura Miyawaki,Cinema & Actors/actresses,,3.5M,Indonesia,666.2K,822.3K,June
3gerardpique,Gerard PiqueÌ,Sports with a ball,,20.4M,Spain,453.3K,668.8K,June
5sos,5 Seconds of Summer,Music,,10.1M,United States,154.3K,213.7K,June
9gag,9GAG: Go Fun The World,Humor & Fun & Happiness,,58.2M,Indonesia,118.5K,154.4K,June
ab,Antonio Brown,Sports with a ball,,9.6M,United States,131.9K,268K,June
abdevilliers17,AB de Villiers,Sports with a ball,Lifestyle,18.3M,India,274.1K,315.8K,June
achrafhakimi,Achraf Hakimi,Sports with a ball,,9.8M,Morocco,359.2K,527.2K,June
actor_jg,"ðŸ’“ë°°ìš° ì´ì¤€ê¸° LEE JOON GI , a.k.a Actor JG æŽæº–åŸº ðŸ’“",Cinema & Actors/actresses,,6.4M,Indonesia,332.2K,389.9K,June
actorleeminho,á„‹á…µá„†á…µá†«á„’á…© leeminho,Cinema & Actors/actresses,,29.9M,Indonesia,2.5M,3.3M,June
actorsuriya,Suriya Sivakumar,Cinema & Actors/actresses,,4.8M,India,715.6K,928.7K,June
acunilicali,Acun IlÄ±calÄ±,Cinema & Actors/actresses,,13.7M,Turkey,128.1K,157.4K,June
adamsandler,Adam Sandler,Cinema & Actors/actresses,,13.3M,United States,126.8K,161.8K,June
adamweitsman,Adam Weitsman,Business & Careers,,17.2M,Russia,235.8K,321.7K,June
addisonraee,Addison Rae,Beauty,,40.5M,United States,569.5K,880.1K,June
adinross,,,,2.8M,United States,497.2K,1M,June
adinross,,,,2.7M,United States,497.3K,1M,June
aespa_official,aespa á„‹á…¦á„‰á…³á„‘á…¡,Lifestyle,,8.9M,Indonesia,211.9K,304.2K,June
agustd,SUGA of BTS ë¯¼ìœ¤ê¸°,Lifestyle,Music,35.9M,10.2M,10.2M,,June
ahmedabohashima,Ahmed Abouhashima,Business & Careers,Finance & Economics,14.8M,Egypt,121.9K,164.4K,June
ahmedhelmy,Ahmed Helmy,Humor & Fun & Happiness,,16.6M,Egypt,107.9K,135.6K,June
ahmedhelmy,Ahmed Helmy,Humor & Fun & Happiness,,16.6M,Egypt,107.9K,135.6K,June
akshaykumar,Akshay Kumar,Cinema & Actors/actresses,,62.5M,India,501.1K,593.8K,June
albafloresoficial,Alba Flores,Cinema & Actors/actresses,,11.7M,Spain,244.4K,328.9K,June
aleoliveiracm,AleÌ‚ Oliveira,Humor & Fun & Happiness,,8.4M,Brazil,232.5K,589.6K,June
alexandradaddario,alexandra daddario,Cinema & Actors/actresses,,22.6M,India,281.1K,343.8K,June
alexis_officia1,Sanchez Alexis,Sports with a ball,,14M,Chile,123.2K,202.2K,June
alexisren,Alexis Ren,Lifestyle,,16.5M,United States,98.7K,153.3K,June
alfinetei,Alfinetadas Dos Famosos ðŸ“Œ,Humor & Fun & Happiness,,21.6M,Brazil,82.5K,185.4K,June
aliaabhatt,Alia Bhatt ðŸ¤â˜€ï¸,Cinema & Actors/actresses,,66.6M,India,1.3M,1.6M,June
aliandooo,Aliando Syarief,Music,Cinema & Actors/actresses,16.6M,Indonesia,132.5K,212.3K,June
aliiiiiiiikarimi8,Ali Karimi,Sports with a ball,,9.4M,Iran,383.8K,578.1K,June
alishalehmann7,Alisha Lehmann,Sports with a ball,,7.7M,Brazil,235.6K,444.8K,June
alluarjunonline,Allu Arjun,Cinema & Actors/actresses,,18.5M,India,1.1M,1.4M,June
alok,Alok,Music,Art/Artists,27.6M,Brazil,103.9K,132K,June
alvaromorata,AÌlvaro Morata,Sports with a ball,Literature & Journalism,17.2M,Italy,104.7K,162.1K,June
alvaromorte,Ãlvaro Morte,Cinema & Actors/actresses,,12.2M,India,125.2K,172.1K,June
alvxaro,ALVARO,Lifestyle,,9.6M,Brazil,205.7K,515.7K,June
alwaysramcharan,Ram Charan,Lifestyle,Cinema & Actors/actresses,7.8M,India,833.6K,933.7K,June
amadorat,N I C O L E   A M A D O ðŸ‰,Fashion,Lifestyle,8.2M,Mexico,440.9K,492.5K,June
amandacerny,Amanda ð•®ð–Šð–—ð–“ð–ž,Humor & Fun & Happiness,,24M,India,97.4K,157.1K,June
amauryguichon,Amaury Guichon,Food & Cooking,,8.9M,United States,416K,507.8K,June
amin.hayai,Amin Hayaiee,,,9M,Iran,298.1K,392.5K,June
amitabhbachchan,Amitabh Bachchan,Cinema & Actors/actresses,,30.6M,India,202.2K,233.7K,June
amitabhbachchan,Amitabh Bachchan,Cinema & Actors/actresses,,30.7M,India,173K,199.3K,June
amybethmcnulty,Amybeth,Lifestyle,Cinema & Actors/actresses,7M,Brazil,430.5K,591.5K,June
ana_d_armas,A N A   D E   A R M A S,Cinema & Actors/actresses,Lifestyle,7M,United States,613.8K,830.2K,June
anahi,Anahi,Music,Modeling,9.7M,Brazil,340.1K,596.3K,June
ananyapanday,Ananya ðŸ’›ðŸ’«,Cinema & Actors/actresses,,22.9M,India,355.5K,415.7K,June
anas,Anas,Family,Shows,5.7M,0,577.7K,,June
andreavaldirisos,ANDREA VALDIRI ðŸ‡¨ðŸ‡´,Lifestyle,Beauty,8.5M,Colombia,462.1K,656.9K,June
andresiniesta8,Andres Iniesta,Sports with a ball,,39.6M,Spain,63K,91.7K,June
angela_aguilar_,AÌngela Aguilar ðŸ‡²ðŸ‡½,Lifestyle,,8.7M,Mexico,320K,388.1K,June
angeldimariajm,AÌngel Di MariÌa,Sports with a ball,,17.5M,Argentina,178.7K,262.9K,June
angelinajolie,Angelina Jolie,Lifestyle,,13.2M,Brazil,213.8K,354.2K,June
angelinajolie,Angelina Jolie,,,13.2M,Brazil,213.8K,354.2K,June
angeliqueboyer,Angelique Boyer,Shows,Cinema & Actors/actresses,14.1M,Brazil,254.2K,318.8K,June
angelrai07,Angel Rai :),Humor & Fun & Happiness,,19.9M,India,448.1K,539K,June
anguscloud,Angus Cloud,,,8.3M,United States,864.8K,1.4M,June
anirudhofficial,Anirudh,Lifestyle,Music,5.9M,India,351.8K,445.5K,June
anitta,Anitta ðŸŽ¤,Music,,62.7M,Brazil,185.7K,345.5K,June
anjimaxuofficially,Anjali Arora,Lifestyle,,11.4M,India,422.1K,540K,June
annehathaway,Anne Hathaway,Cinema & Actors/actresses,,24.3M,United States,685.6K,903.8K,June
ansufati,Ansu Fati,Sports with a ball,,8.6M,Spain,252.3K,382.7K,June
antogriezmann,Antoine Griezmann,Sports with a ball,,36.3M,Spain,85.7K,138.1K,June
antonelaroccuzzo,Antonela Roccuzzo,Modeling,Family,19.5M,Argentina,1M,1.7M,June
anuel,â€œREAL HASTA LA MUERTEâ€,Music,,28.7M,Spain,382K,587.4K,June
anupamaparameswaran96,Anupama Parameswaran,Cinema & Actors/actresses,,12.2M,India,400K,456.8K,June
anushkasen0408,Anushka Sen,Cinema & Actors/actresses,,37.6M,India,388.4K,451.8K,June
anushkasharma,AnushkaSharma1588,Cinema & Actors/actresses,,59.1M,India,1.1M,1.3M,June
anyageraldine,anya geraldine,Music,,10.8M,Indonesia,120.7K,202.2K,June
anyageraldine,anya geraldine,Music,,10.8M,Indonesia,120.7K,202.2K,June
anyataylorjoy,Anya Taylor-Joy,,,9.1M,United States,711.2K,1M,June
araikgalstyanmoscowschool,ï¼¡ï¼²ï¼¡ï¼©ï¼«  ï¼§ï¼¡ï¼¬ï¼³ï¼´ï¼¹ï¼¡ï¼®Â®ï¸,Beauty,,15.1M,Turkey,288K,372.1K,June
arashi_5_official,ARASHI,Music,,4.4M,Japan,535K,557.8K,June
arianagrande,Ariana Grande,Music,,318.3M,United States,2M,2.8M,June
arigameplays,ARIGAMEPLAYS,,,10.5M,Mexico,764.4K,918K,June
arishfakhan138,Sayyed Arishfa Khan ðŸ’Ž,Cinema & Actors/actresses,,29.1M,India,152.2K,184.9K,June
arishfakhan138,Sayyed Arishfa Khan ðŸ’Ž,Cinema & Actors/actresses,,29.1M,India,152.2K,184.9K,June
aron.piper,ARONðŸŒœðŸŒž,Music,Lifestyle,13.9M,Brazil,312.4K,589.6K,June
arthuraguiar,Arthur Aguiar,Music,Cinema & Actors/actresses,14M,Brazil,103.6K,239.6K,June
asabopp,Asa Butterfield,Cinema & Actors/actresses,,5.8M,Brazil,602.9K,881.7K,June
asalamaleh,Asala Maleh,Shows,,6.9M,Iraq,326.1K,403.8K,June
asaprocky,GRIM,Music,,15M,United States,437.5K,730.7K,June
ashishchanchlani,Ashish Chanchlani,Cinema & Actors/actresses,,14.5M,India,655.6K,802.1K,June
aslisona,Sonakshi Sinha,Cinema & Actors/actresses,Lifestyle,22.8M,India,81.3K,99.3K,June
ataliapr,atalia praratya,Lifestyle,,3.9M,Indonesia,825.5K,1.3M,June
ateez_official_,ATEEZ(ì—ì´í‹°ì¦ˆ),Music,,6.7M,United States,287.4K,329.4K,June
ateez_official_,ATEEZ(ì—ì´í‹°ì¦ˆ),Music,,6.7M,United States,287.4K,329.4K,June
auba,Pierre-Emerick Aubameyang,Sports with a ball,,12.8M,United Kingdom,130.3K,207K,June
aurelie.hermansyah,Aurelie Hermansyah Atta,Beauty,,26.4M,Indonesia,236.9K,299.2K,June
avani,avani,Beauty,Lifestyle,19M,United States,176.5K,237.6K,June
avengers,Avengers,Cinema & Actors/actresses,,13.5M,India,180.2K,226.2K,June
avneetkaur_13,Avneet Kaur Official,Cinema & Actors/actresses,,32.1M,India,266.9K,325K,June
avrillavigne,Avril Lavigne,Music,Cinema & Actors/actresses,11.2M,Brazil,163.2K,203.5K,June
awez_darbar,Awez Darbar,Shows,Humor & Fun & Happiness,21.1M,India,715.1K,857.6K,June
badbunnypr,,Music,,40.6M,United States,3.5M,5.5M,June
bambam1a,BamBam,Music,,16.5M,Brazil,928.7K,1.2M,June
barackobama,Barack Obama,Finance & Economics,Business & Careers,35.4M,United States,84.9K,100.4K,June
barbieferreira,barbie ferreira,,,6.3M,United States,597.2K,1.1M,June
bbrightvc,bright,Cinema & Actors/actresses,,15.4M,Indonesia,1.3M,1.6M,June
beautifuldestinations,BEAUTIFUL DESTINATIONS,Photography,Travel,24.6M,United States,105K,141K,June
beberexha,Bebe Rexha,Music,Lifestyle,10.8M,India,188.3K,278.5K,June
beingsalmankhan,Salman Khan,Cinema & Actors/actresses,Art/Artists,52.8M,India,390.5K,501.3K,June
belindapop,Beli,Music,,15.4M,Mexico,405K,581K,June
belindapop,Beli,Music,,15.4M,Mexico,270.5K,388.3K,June
bellahadid,Bella ðŸ¦‹,Modeling,,53.1M,United States,425.2K,682.5K,June
bellapoarch,Bella Poarch,,,14.2M,United States,772K,1M,June
bellathorne,BELLA,Music,Art/Artists,25.4M,United States,189.9K,317.3K,June
bernardokath,Kathryn Bernardo ðŸ˜,Beauty,Cinema & Actors/actresses,17.2M,Philippines,206K,248.7K,June
beyonce,BeyonceÌ,Music,Fashion,265M,United States,922.6K,1.3M,June
bhadbhabie,Bhabie,Music,,16.4M,United States,122K,228.6K,June
bhuvan.bam22,Bhuvan Bam,Cinema & Actors/actresses,,14.6M,India,544.1K,673.7K,June
bianca,BIANCA ROSA,Beauty,,18M,Brazil,72.6K,170.9K,June
bibisbeautypalace,! Bibi,Family,Lifestyle,8.3M,Germany,357.6K,411.2K,June
bighit_ent,BigHit Music Updates,Music,,13M,Indonesia,584.3K,720K,June
billieeilish,BILLIE EILISH,Music,,104.1M,United States,2.6M,3.4M,June
bizarrap,BZRP,Music,,13.2M,Argentina,1M,1.2M,June
blackpinkofficial,BLÎ›Æ†KPIÐ˜K,Music,,47.4M,Indonesia,1.2M,1.5M,June
bleacherreport,Bleacher Report,Sports with a ball,,19.2M,United States,86.8K,171.7K,June
blythe,Andrea Brillantes,Cinema & Actors/actresses,Modeling,13.5M,Philippines,149.9K,170.6K,June
bn_sj2013,á„‡á…¡á†¨á„‰á…¥á„Œá…®á†«,Cinema & Actors/actresses,Modeling,22.1M,Indonesia,2.1M,2.5M,June
borodylia,ÐšÑÐµÐ½Ð¸Ñ Ð‘Ð¾Ñ€Ð¾Ð´Ð¸Ð½Ð°,Shows,Family,18.4M,Russia,116.7K,143.4K,June
brentrivera,Brent Rivera,Music,Cinema & Actors/actresses,22.3M,United States,732.6K,950.3K,June
bretmanrock,Bretman (Da Baddest) Rock,Art/Artists,Beauty,18.4M,United States,368.8K,620.3K,June
brfootball,Bleacher Report Football,Sports with a ball,,12.4M,United States,116K,187.9K,June
briandadeyanara,BRIANDA ðŸ’–,,,12.9M,Mexico,222.7K,261.2K,June
britneyspears,Britney Spears,Music,,41.6M,United States,494.6K,685.6K,June
bronny,,,,6.3M,United States,718.4K,1.3M,June
brooklynpeltzbeckham,,Modeling,Lifestyle,14.2M,United States,106.9K,164.5K,June
brunamarquezine,Bruna Marquezine,Cinema & Actors/actresses,,43M,Brazil,102.5K,176.2K,June
brunogagliasso,Bruno Gagliasso,Cinema & Actors/actresses,Photography,21.4M,Brazil,139K,202.5K,June
brunomars,Bruno Mars,Music,,25.7M,Brazil,547.5K,829.5K,June
brycehall,Bryce Hall,Music,,7.3M,United States,304.2K,390.5K,June
bts.bighitofficial,BTS official,Music,,65.4M,Indonesia,3.7M,4.1M,June
bugatti,BUGATTI,Cars & Motorbikes,Luxury,16.5M,United States,118.4K,159.9K,June
bumkeyk,SHINee KEY,Music,,9.2M,Indonesia,324K,388.7K,June
burakozcivit,Burak OÌˆzcÌ§ivit,Cinema & Actors/actresses,,21.4M,Turkey,232.2K,282.8K,June
burcuozberk,Burcu Ã–zberk,Cinema & Actors/actresses,,9.2M,Turkey,295.8K,382.9K,June
c.syresmith,Jaden Smith,Cinema & Actors/actresses,Lifestyle,19M,United States,147.8K,228K,June
caiocastro,Caio Castro,Cars & Motorbikes,Racing Sports,20.6M,Brazil,74.9K,132.6K,June
camila_cabello,camila,Music,,64.1M,Brazil,434.7K,588.8K,June
camilaloures,Camila Loures,Shows,,18.2M,Brazil,91.9K,136.5K,June
camilo,C A M I L O,Music,,27.4M,Argentina,197.7K,314.7K,June
candiceking,Candice King,Family,Lifestyle,9.9M,Brazil,267.8K,373.4K,June
canelo,Saul Alvarez,Fitness & Gym,,13.4M,Mexico,133.7K,185.7K,June
canyaman,Can Yaman,Cinema & Actors/actresses,Modeling,9.7M,Italy,197.4K,245.8K,June
caradelevingne,Cara Delevingne,Modeling,Cinema & Actors/actresses,43M,United States,120K,166.3K,June
carlinhosmaiaof,Carlinhos MaiaðŸŒ»,Lifestyle,,25.8M,Brazil,449.6K,822.3K,June
carryminati,ð‘¨ð’‹ð’†ð’š ð‘µð’‚ð’ˆð’‚ð’“,Computers & Gadgets,Machinery & Technologies,15.8M,India,719.7K,847.6K,June
casemiro,Casemiro,Sports with a ball,,15.7M,Spain,195.3K,291.8K,June
catherinemcbroom,Catherine Paiz,Family,,7.4M,United States,581.8K,999.2K,June
caviarmagnat,by Tregubov,,,15.2M,Russia,216.2K,313.2K,June
cazzu,â™¡ ð–“ð–Šð–“ð–† á´›Ê€á´€á´á´˜á´€,Music,,10.3M,Argentina,215K,275.9K,June
cbum,Chris Bumstead,Fitness & Gym,,8.5M,United States,504.2K,833.2K,June
centralcee,ðŸ“²,,,3.6M,United Kingdom,378.3K,926.3K,June
chaelincl,CL,Art/Artists,Fashion,10.2M,Brazil,211.6K,279.8K,June
champagnepapi,champagnepapi,Music,,114.8M,United States,763.6K,1.2M,June
charles_leclerc,Charles Leclerc,Racing Sports,,7.8M,Italy,346.9K,461.3K,June
charlidamelio,charli,Lifestyle,Shows,48.8M,United States,638.8K,739.2K,June
charlieputh,Charlie Puth,Music,,16.2M,United States,331.4K,472K,June
chelseafc,Chelsea FC,Sports with a ball,,34.7M,Indonesia,88.3K,133.1K,June
chiaraferragni,Chiara Ferragni âœ¨,Beauty,,27.4M,Italy,168.6K,280.6K,June
chieffkeeffsossa,Chief Keef,Music,,7.7M,United States,168.6K,311.4K,June
chinguamiga,sujin kim,Humor & Fun & Happiness,Shows,6M,Mexico,336.1K,390.4K,June
chloegmoretz,ChloÃ« Grace Moretz,Cinema & Actors/actresses,,20.9M,United States,171.1K,229.9K,June
choi_seung_hyun_tttop,TOP,,,14.2M,Indonesia,352.3K,418.6K,June
chrisbrownofficial,BREEZY,Music,,113.5M,United States,153.5K,237.7K,June
chrisevans,Chris Evans,,,16.7M,United States,1.7M,2.1M,June
chrishemsworth,Chris Hemsworth,Cinema & Actors/actresses,,55M,India,837.2K,1.1M,June
chrismcg,Christopher McGinnis,,,10.5M,United States,164.5K,362.1K,June
chrissyteigen,chrissy teigen,Shows,Modeling,38.3M,United States,56K,72K,June
christian_fig,Christian Figueiredo,Cinema & Actors/actresses,Lifestyle,10.6M,Brazil,127.9K,199.2K,June
ciara,Ciara,Music,Modeling,32.1M,United States,97.7K,132.5K,June
clean_0828,á„€á…µá†·á„‰á…¦á„Œá…¥á†¼,Lifestyle,,7.9M,Indonesia,1.6M,2M,June
cocielo,JuÌlio Cocielo Estaniecki,Cinema & Actors/actresses,,18.6M,Brazil,169K,265.6K,June
coldplay,Coldplay,Music,,16.5M,Brazil,127.3K,176.2K,June
cole.labrant,Cole LaBrant,Lifestyle,Fashion,5M,United States,348.6K,490.7K,June
colesprouse,Cole Sprouse,Modeling,,36M,United States,653.6K,854.9K,June
conangray,Conan Gray,Music,,6.3M,Brazil,607.5K,907.8K,June
coolio_daryl,Coolio,,,5.9M,0,581.3K,,June
corinnakopf,corinna kopf,Beauty,,6.6M,United States,492.4K,753.9K,June
courteneycoxofficial,Courteney Cox,Cinema & Actors/actresses,,12.2M,India,198.5K,262.4K,June
cristiano,Cristiano Ronaldo,Sports with a ball,,459.2M,India,5.1M,6.2M,June
cvillaloboss,CARMEN VILLALOBOS,Shows,Cinema & Actors/actresses,19.9M,Colombia,102K,125.8K,June
cznburak,Burak OÌˆzdemir,Food & Cooking,,36M,Turkey,531.8K,722.1K,June
cznburak,Burak OÌˆzdemir,Food & Cooking,,36.1M,Turkey,504K,683.6K,June
d_degeaofficial,David De Gea,Sports with a ball,,13.4M,United Kingdom,167.7K,237.2K,June
dababy,BILLION DOLLAR BABY ðŸ‘¶ðŸ¾,Music,,21.1M,United States,165.1K,267.7K,June
daddyyankee,Daddy Yankee,Music,,45.8M,Argentina,210.9K,294.3K,June
dagelan,Dagelan,Humor & Fun & Happiness,,20.8M,Indonesia,65.8K,111.8K,June
danbilzerian,Dan Bilzerian,Cinema & Actors/actresses,,32.9M,India,1.3M,2.2M,June
danialves,Daniel Alves,Sports with a ball,,36.6M,Brazil,66.2K,102.1K,June
dannapaola,Danna Paola,Music,,34.2M,Mexico,571.3K,829.8K,June
daquan,Daquan,Humor & Fun & Happiness,,16.8M,United States,293.2K,451.7K,June
darianrojasc,DARIAN R. C R A W S T O N âœ—,Lifestyle,,7.9M,Mexico,748.4K,827.5K,June
darshanravaldz,Darshan Raval #Goriye,Music,,15.4M,India,416.2K,502.5K,June
dava_m,Ð”Ð°Ð²Ð° â“‚ï¸ Ð’ÑÐµÌˆ Ð±ÑƒÐ´ÐµÑ‚ Ñ…Ð¾Ñ€Ð¾ÑˆÐ¾ðŸ§¸,Business & Careers,,13.6M,Russia,164.6K,213.6K,June
davidalaba,David Alaba,Sports with a ball,,10M,Spain,332K,470.5K,June
davidbeckham,David Beckham,Family,Sports with a ball,74.3M,India,272.9K,346.4K,June
davidluiz23,David Luiz,Sports with a ball,,21.8M,Brazil,45.8K,101.5K,June
davidluiz23,David Luiz,Sports with a ball,,21.8M,Brazil,45.8K,101.5K,June
davidmichigan,David Michigan âš¡ï¸,Art/Artists,Photography,16.7M,United States,96.5K,125.4K,June
davido,Davido,Music,,24.4M,Nigeria,129.8K,181.1K,June
dbook,Devin,,,5.3M,United States,381.6K,749.6K,June
ddlovato,Demi Lovato,Music,,135.2M,United States,230.9K,302.5K,June
dean.schneider,Dean Schneider,Animals,,10.1M,India,236.6K,303.2K,June
dear.zia,ð‘“ð‘Ÿð‘’ð‘’ð‘§ð‘–ð‘Ž .ðŸŒ¼,Lifestyle,,3.6M,South Korea,1.3M,1.4M,June
dearra,De'arra Taylor,Lifestyle,,6.2M,United States,182.4K,454.9K,June
dedesecco,Deborah Secco,Cinema & Actors/actresses,,24M,Brazil,73.1K,95.6K,June
deepikapadukone,Deepika Padukone,Cinema & Actors/actresses,,67.6M,India,462K,602.8K,June
deiveleonardo,Deive Leonardo,Literature & Journalism,Trainers & Coaches,11.5M,Brazil,222.4K,409.2K,June
deiveleonardo,Deive Leonardo,Literature & Journalism,Trainers & Coaches,11.5M,Brazil,222.4K,409.2K,June
dejesusoficial,Gabriel Jesus,Sports with a ball,,17.3M,Brazil,97.4K,150.7K,June
demetozdemir,Demet OÌˆzdemir,Cinema & Actors/actresses,,15.2M,India,318.7K,406.5K,June
demirose,Demi ðŸŒ¹,Modeling,Lifestyle,19.9M,United States,263.5K,343.9K,June
dew_jsu,2000,Cinema & Actors/actresses,,6M,Indonesia,543.8K,731.7K,June
dhanushkraja,Dhanush,Cinema & Actors/actresses,,4.3M,India,484.9K,628.3K,June
dilettaleotta,ðŸŒ¸Diletta LeottaðŸŒ¸,Shows,,8.3M,Italy,188.9K,282.1K,June
diljitdosanjh,DILJIT DOSANJH,Cinema & Actors/actresses,,13.5M,India,148.5K,179.4K,June
dindahw,Dinda Hauw,Cinema & Actors/actresses,,14.4M,Indonesia,150.4K,224.8K,June
dishapatani,disha patani (paatni) ðŸ¦‹,Cinema & Actors/actresses,Lifestyle,51.8M,India,688.1K,845.4K,June
dixiedamelio,dixie,Music,Clothing & Outfits,25.1M,United States,217.5K,318K,June
djokernole,Novak Djokovic,Sports with a ball,,10.9M,Serbia,172.2K,211.9K,June
djsnake,djsnake,Music,,9.5M,India,383K,455.4K,June
djxiao_888,XIAOJUN,,,6.8M,Indonesia,980.1K,1.2M,June
dkharbour,David Harbour,Cinema & Actors/actresses,,7.7M,United States,238.4K,312.7K,June
dlwlrma,á„‹á…µá„Œá…µá„€á…³á†· IU,Art/Artists,,26.9M,South Korea,2.5M,3M,June
dntlrdl,CHOIWOOSHIK,Lifestyle,,6.4M,Indonesia,787.7K,1M,June
do0_nct,Doyoung,Lifestyle,,10.3M,Indonesia,1.4M,1.8M,June
dojacat,Doja Cat,Music,,24.3M,United States,2.4M,3.3M,June
domelipa,domelipa,Lifestyle,,18.7M,Mexico,882.4K,1.1M,June
donatella_versace,Donatella Versace,Fashion,,8.9M,United States,159.1K,275.4K,June
donya,Donya,Fashion,,15.1M,Iran,192.3K,301.6K,June
dovecameron,DOVE,Cinema & Actors/actresses,,47.9M,United States,1.1M,1.4M,June
dqsalmaan,Dulquer Salmaan,Cinema & Actors/actresses,,10.6M,India,363.4K,492.6K,June
dra.deolanebezerra,Deolane Bezerra,Lifestyle,,14.3M,Brazil,282.8K,605.7K,June
dualipa,DUA LIPA,Music,,84.7M,Mexico,1.2M,1.5M,June
dudewithsign,Seth,,,8.1M,United States,219.2K,345.3K,June
duki,Ya Supiste,Music,,9.9M,Argentina,429.1K,660.2K,June
dylanminnette,Dylan Minnette,Music,Cinema & Actors/actresses,7.4M,United States,283.2K,460.3K,June
dylansprouse,Dylan Sprouse,Cinema & Actors/actresses,,9.2M,United States,356.9K,560K,June
earthpix,ðŸŒŽ  EarthPix  ðŸŒŽ,Nature & landscapes,Photography,23.3M,United States,175.2K,214K,June
easportsfifa,EA SPORTS FIFA,Sports with a ball,,26.6M,Spain,81.1K,136.1K,June
easymoneysniper,,Lifestyle,Sports with a ball,13M,United States,324.3K,608.6K,June
eda.ece,Eda Ece,Lifestyle,Cinema & Actors/actresses,6.5M,Turkey,290.1K,356.8K,June
eduincaz,Eduin Caz,Lifestyle,,7.1M,Mexico,234.2K,299.6K,June
egorkreed,Ð•Ð³Ð¾Ñ€ ÐšÑ€Ð¸Ð´ | #HeartBreakKid,Music,,14.7M,Russia,241.9K,297.4K,June
egupta,Esha Gupta,Lifestyle,Modeling,8.6M,India,347.4K,435.1K,June
eilirjani,Elton ILIRJANI,Lifestyle,,10.3M,Albania,153.9K,222.7K,June
elcinsangu,ElcÌ§in Sangu,Cinema & Actors/actresses,Lifestyle,8.5M,Turkey,216.9K,260.6K,June
elmarianaa,El Mariana,Humor & Fun & Happiness,,3.6M,Mexico,568.6K,831.3K,June
elrodrigocontreras,RODðŸ¥´,Lifestyle,,12.9M,Mexico,683.7K,754.2K,June
elrubiuswtf,el rubius WTF,Computers & Gadgets,,16.7M,Mexico,1.2M,1.4M,June
emiliamernes,Emilia Mernes,Music,,5.8M,Argentina,325.2K,612.3K,June
eminem,Marshall Mathers,Cinema & Actors/actresses,Music,36.1M,Iran,442.8K,571.6K,June
emmachamberlain,emma chamberlain,Lifestyle,Shows,15.7M,United States,934.7K,1.4M,June
emmaroberts,Emma Roberts,Cinema & Actors/actresses,,18.1M,United States,126.3K,185.8K,June
emrata,Emily Ratajkowski,Modeling,,29.4M,United States,431.7K,688.8K,June
enhypen,ENHYPEN,Music,,10.4M,Indonesia,757.8K,1.1M,June
erling.haaland,Erling Braut Haaland,,,16.8M,Brazil,797.2K,1.2M,June
esbilgic,Esra Bilgic,Lifestyle,Modeling,6.9M,India,309.1K,393.7K,June
espn,ESPN,Sports with a ball,,23.1M,United States,74K,134.7K,June
ester_exposito,Ester ðŸŒ™,Cinema & Actors/actresses,,29.3M,Russia,2.3M,3.4M,June
eunwo.o_c,ì°¨ì€ìš°,Music,Lifestyle,28.9M,Indonesia,3.7M,4.6M,June
euphoria,euphoria,,,7.9M,United States,564.2K,910.6K,June
evaluna,Evaluna Montaner de Echeverry,Family,Music,20.7M,Argentina,846.8K,1.2M,June
everyone_woo,Wonwoo,,,2.8M,Indonesia,787.5K,1M,June
ewsbdi,ë¡œìš´,,,4.5M,Indonesia,504.5K,753.8K,June
f1,FORMULA 1Â®,Racing Sports,,19.7M,Italy,107.6K,136.2K,June
fabriziorom,Fabrizio Romano,Literature & Journalism,Shows,8M,Italy,387.7K,670.8K,June
fabriziorom,Fabrizio Romano,Literature & Journalism,Shows,8M,Italy,387.7K,670.8K,June
fadiljaidi,Fadil Jaidi,Lifestyle,,7.6M,Indonesia,409.4K,615.2K,June
farhaddddddd,Farhad Majidi,Sports with a ball,,3.6M,Iran,477K,787.6K,June
faz3,Fazza,Lifestyle,,14.4M,United Arab Emirates,189.4K,248.7K,June
fcbarcelona,FC Barcelona,Sports with a ball,,109.7M,Indonesia,316.9K,481K,June
fcbayern,FC Bayern,Sports with a ball,,33.1M,Germany,214.9K,314.6K,June
fedeevalverde,Fede Valverde,Sports with a ball,,6.2M,Spain,314.8K,446.4K,June
fedez,FEDEZ,Music,,14.1M,Italy,441.6K,612.2K,June
feliciathegoat,"Tyler, The Creator",Music,,12.8M,United States,822K,1.4M,June
felipeneto,Felipe Neto ðŸ¦‰,Lifestyle,,15.9M,Brazil,162.3K,231.1K,June
fenerbahce,FenerbahÃ§e,Sports with a ball,,7.9M,Turkey,205.3K,274.5K,June
fernandasouzaoficial,ðŸ‡«â€ŠðŸ‡ªâ€ŠðŸ‡·â€ŠðŸ‡³â€ŠðŸ‡¦â€ŠðŸ‡³â€Šâ€ŠðŸ‡©â€ŠðŸ‡¦â€Š  ðŸ‡¸â€ŠðŸ‡´â€ŠðŸ‡ºâ€ŠðŸ‡¿â€ŠðŸ‡¦,Music,Cinema & Actors/actresses,22M,Brazil,106.5K,147.2K,June
fifaworldcup,FIFA World Cup,Sports with a ball,,28M,India,55.8K,83.8K,June
filiperet,Ret,Lifestyle,,6.8M,Brazil,147.9K,379.4K,June
finnwolfhardofficial,Finn Wolfhard,Music,Cinema & Actors/actresses,23.3M,Brazil,1M,1.4M,June
florencepugh,Florence Pugh,Humor & Fun & Happiness,Cinema & Actors/actresses,7.4M,United States,562.4K,859.8K,June
floydmayweather,Floyd Mayweather,Fitness & Gym,,28.3M,United States,73.2K,127.7K,June
fortnite,Fortnite,Computers & Gadgets,,25.9M,United States,161.1K,189.6K,June
francety,Francia James,Adult content,,11.3M,India,158.4K,207.4K,June
frenkiedejong,Frenkie de Jong,Sports with a ball,,10.4M,Spain,311.4K,466.8K,June
friends,Friends,Shows,,11.9M,Brazil,270.3K,339.7K,June
fuckjerry,FUCKJERRY,Humor & Fun & Happiness,,16.8M,United States,175.5K,226.4K,June
fuji_an,Fujianti Utami Putri,Lifestyle,Family,11.7M,Indonesia,191.3K,454.7K,June
funnymike,FunnyMike,Art/Artists,,7.9M,United States,166.6K,295.1K,June
future,Future PLUTO Hendrix,Music,,20.6M,United States,490K,979.6K,June
g_eazy,G-Eazy,Music,Art/Artists,9.6M,United States,154.5K,236K,June
g_eazy,G-Eazy,Music,Art/Artists,9.6M,United States,154.5K,236K,June
gabigol,Gabi ðŸ‡§ðŸ‡· Lil Gabi,Sports with a ball,,9.8M,Brazil,164.4K,248.8K,June
gal_gadot,Gal Gadot,Cinema & Actors/actresses,,82.9M,United States,443.9K,572.8K,June
galatasaray,Galatasaray,Sports with a ball,,11.4M,Turkey,198.3K,240.1K,June
garethbale11,Gareth Bale,Sports with a ball,,47.7M,Spain,481.4K,759.5K,June
gatenm123,Gaten Matarazzo,Music,Cinema & Actors/actresses,15.8M,Brazil,429.1K,566.7K,June
geewonii,ê¹€ì§€ì›,,,7.5M,Indonesia,473.4K,624.3K,June
geneliad,Genelia Deshmukh,Cinema & Actors/actresses,,10.1M,India,174.4K,215.5K,June
geneliad,Genelia Deshmukh,Cinema & Actors/actresses,,10.1M,India,174.4K,215.5K,June
georgenotfound,GeorgeNotFound,,,3M,United States,1M,1.1M,June
georginagio,Georgina RodriÌguez,Lifestyle,Fashion,38.6M,India,2M,2.9M,June
germangarmendia,GERMAN,Cinema & Actors/actresses,Fitness & Gym,14.6M,Argentina,799.4K,966.4K,June
ggonekim,,,,5.4M,Indonesia,426.1K,523.9K,June
gianlucavacchi,Gianluca Vacchi,Lifestyle,,22.4M,Brazil,231.9K,358K,June
giannis_an34,Giannis Antetokounmpo,Sports with a ball,,12.8M,United States,157.9K,249.9K,June
gigihadid,Gigi Hadid,Modeling,Lifestyle,74.9M,United States,1.6M,2.4M,June
gildovigor,GIL DO VIGOR,Family,Lifestyle,15.2M,Brazil,143.8K,202.1K,June
gioewbank,Giovanna Ewbank,Cinema & Actors/actresses,Modeling,28.4M,Brazil,78.4K,125.3K,June
gisele,Gisele BuÌˆndchen,Modeling,Fashion,19.4M,Brazil,128.3K,190.7K,June
goar_avetisyan,Goar Avetisyan,Beauty,,11.6M,Russia,227.7K,315.7K,June
golfarahani,Golshifteh Farahani,Cinema & Actors/actresses,,13.3M,Iran,389K,503.4K,June
greeicy,Greeicy,Shows,Cinema & Actors/actresses,21.1M,Colombia,776.2K,1M,June
grefg_official,TheGrefg,Computers & Gadgets,Machinery & Technologies,7.3M,Spain,285.4K,343.5K,June
grisha_eric,Grisha Eric,,,12.5M,Turkey,172.1K,248.6K,June
gucci,,Accessories & Jewellery,Clothing & Outfits,48.7M,United States,33.1K,45.1K,June
gucci,,Accessories & Jewellery,Clothing & Outfits,48.7M,United States,33.1K,45.1K,June
gururandhawa,Guru Randhawa,Music,,32.8M,India,161.2K,197.1K,June
gusttavolima,ðŸ› Gusttavo Lima ðŸ›,Music,,43.6M,Brazil,95.4K,157.6K,June
hadise,Hadise,Music,Shows,13.8M,Turkey,183.9K,214.4K,June
haechanahceah,HAECHAN,,,3.5M,0,2.1M,,June
haifawehbe,Haifa Wehbe,Music,,10M,Iraq,251.4K,368.1K,June
haileesteinfeld,hailee steinfeld,Cinema & Actors/actresses,,19M,United States,794.6K,1M,June
haileybieber,Hailey Rhode Baldwin Bieber,Lifestyle,Modeling,45.5M,United States,900.8K,1.2M,June
hakkiakdenizz,hakki akdeniz,Business & Careers,,22.5M,Russia,169.5K,245.8K,June
handemiyy,Hande ErcÌ§el,Cinema & Actors/actresses,,28.3M,Turkey,1.6M,2.1M,June
hannahelzahed,Hannah El-Zahed,Cinema & Actors/actresses,,17.7M,Egypt,136.2K,169.1K,June
hannahstocking,Hannah Stocking,Modeling,,22M,United States,483.8K,686.9K,June
hardikpandya93,Hardik Himanshu Pandya,Sports with a ball,,21.6M,India,573.7K,718.7K,June
harrystyles,,Music,Fashion,45.9M,United States,2.2M,3M,June
harshbeniwal,Harsh KADAMBADI Beniwal,Humor & Fun & Happiness,Shows,5.5M,India,370.6K,482.7K,June
hasan_yazdani73,hasan yazdani73,Extreme Sports & Outdoor activity,Fitness & Gym,2.7M,Iran,506.7K,917K,June
hassan_reyvandi,hasan reyvandi Ø­Ø³Ù† Ø±ÛŒÙˆÙ†Ø¯ÛŒ,Cinema & Actors/actresses,Humor & Fun & Happiness,19.4M,Iran,304.6K,420.2K,June
hazalkaya,Hazal Kaya,Cinema & Actors/actresses,Lifestyle,7.1M,Turkey,310.9K,368.7K,June
hazardeden_10,Eden Hazard,Sports with a ball,,27M,Spain,677.1K,1.1M,June
hegdepooja,Pooja Hegde,Cinema & Actors/actresses,,20.6M,India,926.4K,1.1M,June
henrycavill,Henry Cavill,Cinema & Actors/actresses,,21.2M,Brazil,815.6K,992.1K,June
heybiblee,á„‹á…µá„‰á…¥á†¼á„€á…§á†¼,Modeling,,14.3M,Indonesia,996.1K,1.3M,June
hi_high_hiy,á„’á…ªá†¼á„‹á…µá†«á„‹á…§á†¸,Cinema & Actors/actresses,,14.1M,South Korea,2.1M,2.5M,June
hi_songjoongki,á„‰á…©á†¼á„Œá…®á†¼á„€á…µ songjoongki official,Cinema & Actors/actresses,,9.3M,Indonesia,1.9M,2.6M,June
hi_sseulgi,ìŠ¬ê¸° Seulgi,Modeling,,12.5M,Indonesia,738K,925.4K,June
hilaryduff,Hilary Duff,Cinema & Actors/actresses,,21.8M,United States,84.2K,107.1K,June
hm_son7,Son HeungMin(ì†í¥ë¯¼)ðŸ‡°ðŸ‡·,,,7.3M,Brazil,420.4K,684.3K,June
holyhaein,ì •í•´ì¸,,,10.2M,Indonesia,1.4M,1.7M,June
hoooooyeony,Hoyeon,Lifestyle,,23.5M,South Korea,1.6M,2.1M,June
houseofhighlights,House of Highlights,Sports with a ball,,34.6M,United States,121.5K,223.1K,June
hrithikroshan,Hrithik Roshan,Cinema & Actors/actresses,,43.2M,India,1M,1.3M,June
hshq,Harry Styles HQ,Music,Cinema & Actors/actresses,6.3M,United States,487K,856.4K,June
huddy,Chase Hudson,Lifestyle,Art/Artists,11.8M,United States,177.9K,244.8K,June
humansofny,Humans of New York,Lifestyle,Photography,12.1M,United States,166.5K,196.7K,June
hunterschafer,Hunter,,,7.3M,United States,741.7K,1.2M,June
hyeri_0609,á„’á…¨á„…á…µ,Music,,7.2M,South Korea,338.1K,407K,June
hyunah_aa,Hyun Ah,Music,,18M,South Korea,349.9K,414.2K,June
i_m_hendery,HiðŸ‘‰ðŸ»im HenderyðŸ‘ˆðŸ»,,,6.2M,United States,905.6K,1.2M,June
i_nivethathomas,Nivetha Thomas,Cinema & Actors/actresses,,6.1M,India,330.9K,374.3K,June
i_nivethathomas,Nivetha Thomas,Cinema & Actors/actresses,,6.1M,India,330.9K,374.3K,June
iambeckyg,Becky G,Music,,32.7M,Mexico,258K,311.2K,June
iamcardib,Cardi B,Music,Fashion,135.6M,United States,1.2M,1.7M,June
iamferv,fer,Lifestyle,Art/Artists,9.8M,Mexico,1M,1.5M,June
iamhalsey,halsey,Music,,30M,United States,442.8K,581.3K,June
iammichelemorroneofficial,Michele Morrone,Lifestyle,Cinema & Actors/actresses,14.8M,Brazil,761.6K,1.1M,June
iampauloandre,Paulo AndreÌ ðŸ,Lifestyle,,10M,Brazil,68K,239.7K,June
iamsrk,Shah Rukh Khan,Cinema & Actors/actresses,,29.9M,India,1M,1.3M,June
iamzlatanibrahimovic,Zlatan IbrahimoviÄ‡,Sports with a ball,,54.3M,Italy,675.7K,1M,June
iansomerhalder,iansomerhalder,Cinema & Actors/actresses,,23M,United States,536.2K,800.7K,June
ibaillanos,Ibai,Art/Artists,,7.5M,Spain,787.2K,1.1M,June
ignaciaa_antonia,Ignacia HernandezðŸ‘‘,Lifestyle,,9.7M,Mexico,210.7K,273K,June
ikercasillas,Iker Casillas,Sports with a ball,,18.2M,Spain,119K,164.3K,June
imcryansp,TUBARAO GIGANTE ðŸ¦ˆ,,,3.8M,Brazil,254.6K,605.4K,June
imhyoseop,ì•ˆíš¨ì„­,Lifestyle,,8.4M,Indonesia,2.2M,2.6M,June
imouniroy,mon,Cinema & Actors/actresses,,23.7M,India,142.6K,172.6K,June
imsebastianstan,Sebastian Stan,Shows,Cinema & Actors/actresses,9.4M,United States,918.8K,1.1M,June
inanna,Inanna,Shows,,14.6M,United States,103.3K,155.9K,June
indiancricketteam,Team India,Sports with a ball,,24.4M,India,249.1K,291.1K,June
indiaroyale,India,Lifestyle,,4.3M,United States,240.9K,714.9K,June
instagram,Instagram,Photography,,523.3M,India,294.3K,356.5K,June
iqbaal.e,iqbaal ramadhan,Cinema & Actors/actresses,,13.5M,Indonesia,121.1K,207.4K,June
irinashayk,irinashayk,Modeling,,18.7M,Russia,132.5K,183K,June
isaias,IsaiÌas,Shows,,9.2M,Brazil,72.8K,239.4K,June
iscoalarcon,Isco Alarcon Suarez,Sports with a ball,,24.7M,Spain,215.1K,309.4K,June
itsmarziapie,Marzia Kjellberg,Beauty,Lifestyle,8.3M,United States,630.9K,737.5K,June
itzy.all.in.us,ITZY,Music,,17M,Indonesia,954.9K,1.2M,June
ivetesangalo,Veveta,Music,Shows,34.6M,Brazil,57K,74.4K,June
iynemliarasbulut,Aras Bulut IÌ‡ynemli,Cinema & Actors/actresses,Lifestyle,10.3M,Turkey,546.7K,763.4K,June
j.m,JIMIN,,,37M,11.8M,11.8M,,June
jackblack,Jack Black,Cinema & Actors/actresses,,8.8M,United States,198K,258.2K,June
jackblack,Jack Black,Cinema & Actors/actresses,,8.8M,United States,198K,258.2K,June
jackharlow,Jack Harlow,Lifestyle,Music,6.7M,United States,361.9K,675.8K,June
jacksepticeye,Jacksepticeye,Computers & Gadgets,Machinery & Technologies,7.9M,United States,231.9K,269K,June
jacksonwang852g7,Jackson Wang,Music,,28.7M,China,1.2M,1.4M,June
jacquelinef143,Jacqueline Fernandez,Cinema & Actors/actresses,,61.8M,India,254.3K,309.6K,June
jadenhossler,jxdn,Music,,4.6M,United States,463.3K,714.9K,June
jadepicon,JADE ðŸŒª,Modeling,Fashion,20.6M,Brazil,194.9K,429.3K,June
jadethirlwall,jade amelia thirlwall,Music,Art/Artists,9.2M,United States,197.7K,259.1K,June
jailyneojeda,Jailyne Ojeda Ochoa,Modeling,Lifestyle,14.2M,United States,304.2K,421.4K,June
jairmessiasbolsonaro,Jair M. Bolsonaro,Finance & Economics,Business & Careers,20.1M,Brazil,163.7K,229.7K,June
jamescharles,James Charles,Beauty,,22.9M,United States,382K,560.9K,June
jamesrodriguez10,James RodriÌguez,Sports with a ball,,49.7M,Colombia,292.2K,443.9K,June
jamorant,12 ðŸ¥·ðŸ½ðŸ–¤,Lifestyle,Sports with a ball,7.2M,United States,259.1K,419.1K,June
janhvikapoor,Janhvi Kapoor,Lifestyle,Cinema & Actors/actresses,17.5M,India,708.4K,844.5K,June
jannatzubair29,Jannat Zubair Rahmani,Cinema & Actors/actresses,,43.1M,India,617.3K,753.4K,June
jasonstatham,Jason Statham,Cinema & Actors/actresses,,30.6M,Iran,549.6K,810K,June
jaspritb1,jasprit bumrah,Lifestyle,,9.8M,India,331.6K,380.8K,June
jaybnow.hr,LIM JAE BEOM,Music,,6.9M,Brazil,521.7K,684.1K,June
jbalvin,J Balvin,Music,,52.8M,Mexico,241.8K,317K,June
jbayleaf,JONATHAN BAILEY,,,3.4M,United Kingdom,448.6K,623.5K,June
jennaortega,Jenna Ortega,Cinema & Actors/actresses,Lifestyle,8.1M,United States,530K,755.1K,June
jennierubyjane,J,Music,,67.6M,Indonesia,7M,8.4M,June
jennifer.garner,Jennifer Garner,Cinema & Actors/actresses,,13.3M,United States,198.5K,225.2K,June
jenniferaniston,Jennifer Aniston,Cinema & Actors/actresses,,40.7M,Brazil,624.8K,907.7K,June
jensenackles,Jensen Ackles,Cinema & Actors/actresses,,9.4M,United States,317.9K,413.9K,June
jeonghaniyoo_n,ìœ¤ì •í•œ,,,2.9M,Iran,823.1K,1M,June
jeremyrenner,Jeremy Renner,Shows,Cinema & Actors/actresses,17.7M,United States,114.2K,137.3K,June
jeromepolin,Jerome Polin Sijabat ã‚·ã‚™ã‚§ãƒ­ãƒ¼ãƒ ,Education,Humor & Fun & Happiness,6.9M,Indonesia,435.1K,637.5K,June
jessica.syj,Jessica Jung,Modeling,Beauty,10.6M,Indonesia,173.8K,212.5K,June
jessicah_o,Jessi / á„Œá…¦á„‰á…µ,Music,,11.8M,United States,928.8K,1.2M,June
jessicajane99,Jessica Jane,Lifestyle,,6M,Indonesia,408.8K,538.9K,June
jessnolimit,Jess No Limit,Shows,,7.3M,Indonesia,532.2K,637.9K,June
jharden13,James Harden,Sports with a ball,,11.6M,United States,122.2K,209.9K,June
jhope_bighitentertainment,J-HOPE (ì œì´í™‰) Updates,Lifestyle,,8M,Brazil,1.1M,1.2M,June
jichangwook,ì§€ì°½ìš±,Cinema & Actors/actresses,,20.5M,Indonesia,832.8K,1.1M,June
jimena.jimenezr,Jimena,,,5.8M,Mexico,580.1K,837.9K,June
jimin_bighitentertainment,JIMIN (ë°•ì§€ë¯¼) Updates,Lifestyle,,8.9M,Indonesia,754.7K,836.6K,June
jin,Jin of BTS,,,36.6M,United States,9.3M,9.3M,June
jin_bighitentertainment,JIN (á„€á…µá†·á„‰á…¥á†¨á„Œá…µá†«) Updates,Lifestyle,,8.3M,Indonesia,685.7K,779.3K,June
jinyoung_0922jy,ë°•ì§„ì˜,Music,,9.8M,Indonesia,712.7K,943.6K,June
jlo,Jennifer Lopez,Music,Cinema & Actors/actresses,215.5M,United States,700K,896.2K,June
joaogomescantor,JoaÌƒo Gomes ðŸŽ™,Family,Music,12.6M,Brazil,133.9K,366.8K,June
joaoguilherme,JÒ‰OÒ‰TÒ‰IÒ‰NÒ‰HÒ‰AÒ‰,Music,Cinema & Actors/actresses,16M,Brazil,157.3K,306.5K,June
joeyking,Joey King,Music,Cinema & Actors/actresses,19M,Brazil,262.3K,374.4K,June
johnnydepp,Johnny Depp,Cinema & Actors/actresses,,26.2M,India,2.3M,3.1M,June
johnnyjsuh,Johnny Suh,Lifestyle,Music,8.6M,Indonesia,1.3M,1.6M,June
jojotodynho,JoJo,Music,,22.5M,Brazil,83.7K,136.8K,June
jokowi,Joko Widodo,Finance & Economics,,47.1M,Indonesia,109.5K,138.6K,June
jongsuk0206,ì´ì¢…ì„,Cinema & Actors/actresses,,22.9M,Indonesia,1.8M,2.4M,June
jordialbaoficial,Jordi Alba,Sports with a ball,,14.4M,Spain,128.1K,185.2K,June
jorgelopez_as,Jorge Lopez,Cinema & Actors/actresses,,9.6M,Brazil,161K,264.3K,June
joshrichards,Josh Richards,Shows,Modeling,6.9M,United States,225.1K,315.8K,June
joshu_acoustic,Joshua Hong,Music,,4.2M,0,1M,,June
juandediospantoja,JD PANTOJA ðŸ‡²ðŸ‡½,Music,Art/Artists,22.2M,Mexico,548.6K,625.4K,June
juanpazurita,Juanpa Zurita,Cinema & Actors/actresses,,29.7M,Mexico,127.2K,182K,June
juki_lop,JukiLop,Shows,Family,9.4M,Mexico,313.6K,364.6K,June
julesleblanc,julianna,Music,Shows,9.7M,United States,420.2K,608.3K,June
juliette,Juliette,Cinema & Actors/actresses,,33.8M,Brazil,178.1K,282.1K,June
juliopfernandez,J U L I O   P E Ã‘ A   F. D E Z,,,3.5M,Brazil,614.9K,782.5K,June
jungkook_bighitentertainment,JUNGKOOK (ì „ì •êµ­) Updates,Management & Marketing,Music,9.6M,Brazil,660.1K,749K,June
jungkook.97,ì „ ì •êµ­ ì´ì˜¬ì‹œë‹¤,Music,,41.8M,4.9M,4.9M,,June
justinbieber,Justin Bieber,Music,,244M,India,758.6K,1.1M,June
juventus,Juventus,Sports with a ball,,53.9M,India,52K,77.7K,June
jy_piece,ì •ì—° (JEONGYEON),,,2.4M,0,1.2M,,June
k.mbappe,Kylian MbappeÌ,Sports with a ball,,72.1M,France,2.1M,3M,June
kajalaggarwalofficial,Kajal A Kitchlu,Cinema & Actors/actresses,,23M,India,522.9K,632.9K,June
kajol,Kajol Devgan,Cinema & Actors/actresses,,12.6M,India,134.5K,166.1K,June
kaka,KakaÌ,Sports with a ball,,18.6M,Brazil,89.3K,145.6K,June
kaliuchis,,Music,,3.9M,United States,408.1K,704.4K,June
kanik4kapoor,Kanika Kapoor,Shows,Lifestyle,10.6M,India,214.9K,257.1K,June
kapilsharma,Kapil Sharma,Cinema & Actors/actresses,Shows,41.7M,India,293.4K,332.9K,June
kareenakapoorkhan,Kareena Kapoor Khan,Lifestyle,Cinema & Actors/actresses,9.3M,India,211.7K,264.1K,June
karelyruiz,Karely Ruiz,Lifestyle,,5.8M,Mexico,656K,823.6K,June
karimbenzema,Karim Benzema,Sports with a ball,,55.3M,France,743.2K,1.1M,June
karljacobs,Karl Jacobs,,,4.1M,United States,645.4K,840.6K,June
karna.val,ðŸ–¤ValentinaðŸ–¤,Lifestyle,,7.3M,Russia,455.9K,532.5K,June
karolg,KAROL G,Music,,54.1M,Mexico,2.5M,3M,June
karrrambaby,ÐšÐ°Ñ€Ð¸Ð½Ð° KARRRAMBABY ÐšÐÑ€ÐœÐÐ½ Ð‘ÑÐ‘Ð˜,Lifestyle,,4M,Russia,532.6K,590.8K,June
kartikaaryan,KARTIK AARYAN,Cinema & Actors/actresses,,25.2M,India,389.9K,484.6K,June
kashikakapoor09,Kashika Kapoor,,,8.1M,Indonesia,274K,295.2K,June
kashikakapoor09,Kashika Kapoor,,,8.1M,Indonesia,271.6K,292.6K,June
katherinelangford,KATHERINE LANGFORD,Cinema & Actors/actresses,,27.8M,India,172.3K,247K,June
katrinakaif,Katrina Kaif,Beauty,,65.4M,India,1.9M,2.1M,June
katyperry,KATY PERRY,Music,,165.5M,Brazil,129K,168.8K,June
kaylanicolejones,,Shows,,7.4M,United States,144.1K,304.8K,June
kaylanicolejones,,Shows,,7.4M,United States,144.1K,304.8K,June
keerthysureshofficial,Keerthy Suresh,Fashion,Cinema & Actors/actresses,13.2M,India,428.3K,489.4K,June
kellyrowland,Kelly Rowland,Music,Cinema & Actors/actresses,13.3M,United States,153.6K,211.2K,June
kendalljenner,Kendall,Modeling,Fashion,244.7M,United States,2.5M,4M,June
keniaos,Kenia Os,Music,,13.5M,Mexico,705.7K,918.5K,June
kentooyamazaki,å±±ï¨‘è³¢äºº,Cinema & Actors/actresses,,5M,Japan,623.1K,724.5K,June
kenzie,kenzie â™¡,Art/Artists,,14.9M,United States,155.7K,236.7K,June
kevindebruyne,Kevin De Bruyne,Sports with a ball,,18M,United Kingdom,322.4K,499.5K,June
kevinhart4real,Kevin Hart,Cinema & Actors/actresses,,147.3M,United States,46.8K,55.8K,June
khabib_nurmagomedov,Ð¥Ð°Ð±Ð¸Ð± ÐÑƒÑ€Ð¼Ð°Ð³Ð¾Ð¼ÐµÐ´Ð¾Ð²,Fitness & Gym,,33.5M,Russia,119.8K,168.6K,June
khaby00,Khaby Lame,Sports with a ball,,78.3M,Iran,3.5M,5.3M,June
khloekardashian,KhloeÌ Kardashian,Clothing & Outfits,Lifestyle,256.5M,United States,604.3K,751.7K,June
kiaraaliaadvani,KIARA,Cinema & Actors/actresses,,23.8M,India,555.5K,630.3K,June
kikakim,Kristina Kim,Lifestyle,,6.9M,Kazakhstan,311.7K,412.4K,June
kimberly.loaiza,KIM LOAIZA ðŸ–¤,Clothing & Outfits,Lifestyle,35M,Mexico,1.3M,1.6M,June
kimjuncotton,SUHO,Lifestyle,,10.2M,Indonesia,889.7K,1.1M,June
kimkardashian,,Fashion,Beauty,320.5M,United States,724K,1.1M,June
kingarturo23oficial,Arturo Vidal,Sports with a ball,,17.3M,Italy,81.7K,132.9K,June
kingbach,King Bach,Music,Art/Artists,22.7M,United States,141.9K,283.6K,June
kingjames,ðŸ‘‘,Sports with a ball,,125.7M,United States,776K,1.3M,June
kit.connor,Kit Connor,Cinema & Actors/actresses,,4.1M,United States,377.8K,626.1K,June
kittychicha,NANNO | KITTYCHICHA AMATAYAKUL,Lifestyle,,4.2M,Philippines,654.7K,794.1K,June
kjapa,KJ Apa,Cinema & Actors/actresses,,18.9M,United States,541.6K,773K,June
klaythompson,Klay Thompson,Sports with a ball,Lifestyle,12.8M,United States,179.1K,260.3K,June
klrahul,KL RahulðŸ‘‘,Sports with a ball,,12.8M,India,824.4K,1.1M,June
kourtneykardash,Kourtney Kardashian Barker â¤ï¸â€ðŸ”¥,Lifestyle,,185.3M,United States,997.3K,1.4M,June
krisjenner,Kris Jenner,Shows,Beauty,48.8M,United States,128.6K,195.2K,June
krithi.shetty_official,Krithi Shetty,,,3.4M,India,531.1K,628K,June
kritisanon,Kriti,Modeling,,49.5M,India,348.7K,407.7K,June
ksi,KSI,Music,,11.5M,United Kingdom,545.9K,766.3K,June
kto_takaya,Liza Miller,Family,,7M,Russia,303.5K,374.4K,June
kun11xd,KUN,Lifestyle,,6.7M,Indonesia,818.8K,1M,June
kunaguero,Sergio Leonel AguÌˆero,Sports with a ball,,23.4M,Argentina,332.2K,575K,June
kyliejenner,Kylie ðŸ¤,Fashion,Modeling,352.7M,United States,2.8M,4.6M,June
kyrieirving,K.A.I HÃ©lÃ ,Sports with a ball,,16.8M,United States,165.2K,250.7K,June
l7nnon,L7,Lifestyle,Shows,7.8M,Brazil,168.5K,400.6K,June
lacasadepapel,La Casa de Papel,Shows,Cinema & Actors/actresses,12.9M,Brazil,304K,457.1K,June
lacikaysomers,Laci Kay Somers,Music,Modeling,12.2M,United States,167.4K,287.2K,June
ladygaga,Lady Gaga,Music,Cinema & Actors/actresses,53M,United States,421.5K,590.6K,June
lalala_lfamily,Lfamily,,,2.2M,Thailand,801.7K,959.4K,June
lalalalisa_m,LISA,Music,,79.2M,Indonesia,7.3M,8.4M,June
lamborghini,Lamborghini,Luxury,Cars & Motorbikes,32M,India,137K,187.5K,June
lanarhoades,Lana Rhoades,Lifestyle,Modeling,16.8M,United States,1M,1.7M,June
larasilva,Lara Silva ðŸ’¦,Shows,Adult content,17.4M,Brazil,525.3K,810.1K,June
larissamanoela,Larissa Manoela,Cinema & Actors/actresses,,45.9M,Brazil,72.1K,121.9K,June
larissamanoela,Larissa Manoela,Cinema & Actors/actresses,,45.9M,Brazil,49.9K,83.8K,June
larray,larri,Lifestyle,Modeling,6.8M,United States,301.2K,440.8K,June
latto777,BIG LATTOðŸŽ°,Music,,9.4M,United States,156.6K,319.8K,June
laurenjauregui,Lauren Jauregui,Music,,10.6M,United States,140K,207.2K,June
laurenjauregui,Lauren Jauregui,Music,,10.6M,United States,140K,207.2K,June
laurenlondon,Lauren London,Cinema & Actors/actresses,Modeling,9.8M,United States,138.6K,237.1K,June
layzhang,Lay Zhang,Music,,14.2M,Indonesia,810.6K,862.4K,June
ldh_sky,á„‹á…µá„ƒá…©á„’á…§á†«,,,5.6M,Indonesia,819.8K,1.1M,June
leaelui,Lea Elui G,Modeling,Lifestyle,11.6M,India,395.5K,664.5K,June
leedongwook_official,ì´ë™ìš± (Official_Instagram),Cinema & Actors/actresses,,14.5M,Indonesia,1M,1.4M,June
leeyoum262,á„‹á…µá„‹á…²á„†á…µ,Photography,Humor & Fun & Happiness,7.8M,South Korea,352.8K,432.2K,June
leighannepinnock,Leigh-Anne Pinnock,Music,,8.9M,Brazil,193.2K,274.8K,June
leomessi,Leo Messi,Sports with a ball,Family,341.7M,Argentina,4.7M,6.3M,June
leonardodicaprio,Leonardo DiCaprio,Cinema & Actors/actresses,,54M,United States,100.2K,125.7K,June
leonardodicaprio,Leonardo DiCaprio,Cinema & Actors/actresses,,54M,United States,87.1K,111.4K,June
ler_chek,Ð’Ð°Ð»ÐµÑ€Ð¸Ñ Ð§ÐµÐºÐ°Ð»Ð¸Ð½Ð°,Lifestyle,Beauty,10.4M,Russia,360.4K,465.8K,June
lestykejora,Lestikejora,Music,,25.6M,Indonesia,330K,426.6K,June
letthelordbewithyou,Scott Disick,Lifestyle,Family,27.2M,United States,73.9K,112.7K,June
lewishamilton,Lewis Hamilton,Racing Sports,,28.7M,Brazil,538.2K,773.4K,June
lexibrookerivera,Lexi Rivera,Shows,Humor & Fun & Happiness,8.5M,United States,761K,953K,June
liamhemsworth,Liam Hemsworth,Cinema & Actors/actresses,,13.1M,United States,274.1K,389.8K,June
liampayne,Liam Payne,Music,,24.3M,United States,348.6K,486.7K,June
lilbaby,WHAM,Music,,19.6M,United States,389.3K,718.8K,June
lildurk,DURKIOOO,Music,Art/Artists,13.7M,United States,230.9K,653.1K,June
lilnasx,MONTERO,Music,,12.5M,United States,376.6K,630.2K,June
liluzivert,,Music,,15.9M,United States,632.7K,1.2M,June
liluzivert,,Music,,15.9M,United States,632.7K,1.2M,June
lilyjcollins,Lily Collins,Cinema & Actors/actresses,,27M,United States,186.7K,277.6K,June
lilyrose_depp,Lily-Rose Depp,Modeling,,6.3M,United States,360.8K,567.3K,June
litkillah,MAWZðŸ’¬,Music,,7.9M,Argentina,498.4K,657.4K,June
littlemix,Little Mix,Music,,15.9M,Brazil,137.3K,184.6K,June
liverpoolfc,Liverpool Football Club,Sports with a ball,,39.4M,United Kingdom,127.3K,176.9K,June
lizakoshy,Liza Koshy,Cinema & Actors/actresses,,20M,United States,144.3K,191.3K,June
lizasoberano,Liza Soberano,Beauty,Cinema & Actors/actresses,17.3M,Philippines,466.9K,556.7K,June
lizgillz,Elizabeth Gillies,Music,Cinema & Actors/actresses,14M,Mexico,462.1K,669.4K,June
lizzobeeating,Lizzo,Music,Lifestyle,12.7M,United States,192.3K,269.6K,June
lm_____ltm,TAEMIN,,,5.4M,Indonesia,940.7K,1.2M,June
loganpaul,Logan Paul,Fitness & Gym,,23.2M,United States,123.7K,166.3K,June
loreimprota,Lorena Improta,Art/Artists,,13.3M,Brazil,98.8K,229.3K,June
loud_babi,BaÌrbara Passos,Lifestyle,,9.1M,Brazil,186K,299.8K,June
loud_victor,Victor Augusto,Lifestyle,Sports with a ball,10.6M,Brazil,336.4K,428.4K,June
louispartridge_,LouisðŸ’,Cinema & Actors/actresses,,7.6M,United States,883.6K,1.3M,June
louist91,Louis Tomlinson,Music,,18.5M,Brazil,817.2K,1.1M,June
lucas_lira,Lucas Lira,Humor & Fun & Happiness,Lifestyle,5.8M,Brazil,269.5K,394.6K,June
lucasranngel,LUCAS RANGEL,Lifestyle,,19.7M,Brazil,234.5K,520K,June
lucasvazquez91,Lucas VaÌzquez,Sports with a ball,,14.4M,Spain,171.9K,253.4K,June
lucyhale,Lucy Hale,Cinema & Actors/actresses,,24.4M,United States,121.1K,159.5K,June
ludmilla,Ludmilla,Music,,27.3M,Brazil,99.5K,147.4K,June
luissuarez9,Luis Suarez,Sports with a ball,,43.8M,Brazil,263.4K,397K,June
lukadoncic,Luka Doncic,Sports with a ball,,7M,United States,203.7K,304.4K,June
lukamodric10,Luka Modric,Sports with a ball,,24.2M,Spain,625K,914.3K,June
luvadepedreiro,Iran Ferreira,Family,Sports with a ball,14.4M,Brazil,331.7K,752.1K,June
m_kayoung,MUN KA YOUNG,Cinema & Actors/actresses,,8.2M,Indonesia,864.4K,1.2M,June
m.by__sana,ì‚¬ë‚˜ (SANA),,,2.8M,0,1.5M,,June
m10_official,Mesut OÌˆzil,Sports with a ball,,24.5M,Turkey,642K,903.8K,June
machinegunkelly,the Blonde Don,Music,,9.6M,United States,215.4K,346.5K,June
maddieziegler,maddie,Cinema & Actors/actresses,Modeling,13.9M,United States,139.2K,208.3K,June
madelame,Madelaine Petsch,Cinema & Actors/actresses,,25.5M,Russia,1.1M,1.6M,June
madelyncline,Maddie,,,12.6M,United States,1.7M,2.4M,June
madhuridixitnene,Madhuri Dixit,Music,Cinema & Actors/actresses,32M,India,230.4K,266.5K,June
madisonbaileybabe,Maddie Baby,Lifestyle,,6.7M,United States,361.6K,676.9K,June
madisonbeer,Madison Beer,Music,,31.6M,United States,498K,744K,June
madonna,Madonna,Music,,18.3M,Italy,99.3K,148.1K,June
maisa,#¿NOMBRE?,Music,,43.6M,Brazil,102.7K,138.2K,June
maluma,MALUMA,Music,,62.6M,Italy,420.8K,645.7K,June
malutrevejo,MaluÌ ðŸ¦‹ 222ðŸŽ¤,Music,,11.5M,United States,267.8K,480.5K,June
malutrevejo,MaluÌ ðŸ¦‹ 222ðŸŽ¤,Music,,11.5M,United States,254.8K,456.8K,June
manchesterunited,Manchester United,Sports with a ball,,58.7M,United Kingdom,136K,217.9K,June
mancity,Manchester City,Sports with a ball,,32.8M,United Kingdom,92.4K,126K,June
maneskinofficial,MaÌŠneskin,Lifestyle,,6.1M,Italy,384.6K,542.9K,June
manurios,Manu Rios,Shows,,11.1M,Mexico,1M,1.7M,June
manurios,Manu Rios,Shows,,11.1M,Mexico,981.7K,1.7M,June
marcelotwelve,Marcelo Vieira,Sports with a ball,,57M,Spain,518.8K,773K,June
marcoasensio10,Marco Asensio,Sports with a ball,,14.4M,Spain,167.9K,257.6K,June
marcusrashford,Marcus Rashford MBE,Sports with a ball,,12.7M,United Kingdom,224.8K,356.4K,June
mariaalice,Maria Alice,,,7.3M,Brazil,665.7K,1.4M,June
mariabecerra,Maria Becerra,Music,,9.6M,Argentina,490.8K,1.2M,June
mariapedraza_,MariÌa Pedraza,Cinema & Actors/actresses,,12M,Spain,159.5K,211K,June
marimaria,Mari Maria,Beauty,,20.1M,Brazil,117.5K,225K,June
marinaruybarbosa,Marina Ruy Barbosa,Cinema & Actors/actresses,,40.5M,Brazil,307.1K,467.6K,June
markiplier,Markiplier,Shows,,10.3M,United States,353.8K,403.4K,June
markruffalo,Mark Ruffalo,Cinema & Actors/actresses,,20.9M,Brazil,108.2K,136.8K,June
marktuan,Mark Tuan,Music,Cinema & Actors/actresses,12.7M,Thailand,769.1K,1M,June
marshmello,marshmello,Music,,29.4M,0,601.3K,,June
marshmello,marshmello,,,29.4M,0,536.8K,,June
martinpdisalvo,Coscu,,,3.6M,Argentina,421.1K,637.7K,June
marvel,Marvel Entertainment,Cinema & Actors/actresses,Comics & sketches,65.2M,United States,77K,89K,June
marvelstudios,Marvel Studios,Cinema & Actors/actresses,Comics & sketches,37.4M,India,126.9K,142.1K,June
mathildtantot,Mathilde,Lifestyle,Modeling,10.2M,United States,531.6K,804.6K,June
mattyperry4,Matthew Perry,,,7.9M,Brazil,413.5K,564.4K,June
maudeapatow,Maude Apatow,Lifestyle,Cinema & Actors/actresses,4.9M,United States,471K,779.6K,June
maudyayunda,Maudy Ayunda,Music,,16.8M,Indonesia,412.1K,607.7K,June
maxverstappen1,Max Verstappen,Racing Sports,,8.8M,United States,306K,402.3K,June
mclomaofficial,Paloma Santos ðŸŸ,Music,,8M,Brazil,246.4K,421.9K,June
meganfox,Megan Fox,Cinema & Actors/actresses,,20.3M,United States,1M,1.7M,June
melissamelmaia,MEL MAIA ðŸ¯,Music,,12.5M,Brazil,194.8K,353.2K,June
melo,LaMelo Ball,Sports with a ball,,8.9M,United States,265.6K,539.6K,June
memezar,MEMEZAR â€¢ Comedy and Culture,Cinema & Actors/actresses,,23.5M,United States,91.6K,137.3K,June
memphisdepay,Memphis Depay,Sports with a ball,,14.9M,France,104.4K,185.2K,June
miakhalifa,Mia K.,Fitness & Gym,Lifestyle,27.8M,India,849.8K,1.4M,June
miamalkova,Mia Malkova,Cinema & Actors/actresses,,10.9M,India,205.4K,279.1K,June
michelleobama,Michelle Obama,Finance & Economics,Business & Careers,49.9M,United States,121.1K,132.9K,June
miguel.g.herran,Miguel HerraÌn,Cinema & Actors/actresses,,14.1M,Brazil,387.7K,583.7K,June
mileycyrus,Miley Cyrus,Music,,176.6M,United States,552.8K,750.9K,June
milliebobbybrown,Millie Bobby Brown,Cinema & Actors/actresses,,52.3M,Brazil,2.6M,3.3M,June
min9yu_k,ê¹€ë¯¼ê·œ,Music,,6.7M,Indonesia,1.2M,1.4M,June
mina_sr_my,ë¯¸ë‚˜ (MINA),,,3.1M,0,1.5M,,June
mingue.k,ê¹€ë¯¼ê·œ,Shows,,5.6M,Indonesia,1.1M,1.4M,June
mirandacosgrove,Miranda Cosgrove,Music,Cinema & Actors/actresses,9.9M,Brazil,171.8K,268.3K,June
mirella,BAD MI âš¡ï¸ MIRELLA,Music,,27.2M,Brazil,111.4K,236.1K,June
missasinfonia,MissaSinfonia,,,5.3M,Mexico,687.5K,770.7K,June
mo.on_air,TAEIL,,,4.8M,Indonesia,1.3M,1.5M,June
mohanshakti,Shakti Mohan,Art/Artists,Cinema & Actors/actresses,16.1M,India,225.4K,270K,June
momo,ëª¨ëª¨ (MOMO),Modeling,,6.6M,Turkey,1.9M,2.8M,June
momo,ëª¨ëª¨ (MOMO),,,6.6M,Turkey,1.9M,2.8M,June
mont.pantoja,MONT,,,11.9M,Mexico,724.4K,862K,June
mosalah,Mohamed Salah,Sports with a ball,,51.6M,Egypt,1.3M,1.8M,June
mr_faisu_07,FAISAL SHAIKH,Modeling,Cinema & Actors/actresses,27.7M,India,381.1K,486.8K,June
mrancelotti,Carlo Ancelotti,Sports with a ball,,8.3M,Italy,268.5K,418.6K,June
mrbeast,MrBeast,Shows,Humor & Fun & Happiness,18.8M,United States,1.3M,1.7M,June
ms_puiyi,Siew Pui Yi ðŸ¤,Adult content,,18.7M,United States,249.7K,320.5K,June
ms.sethii,Shilpa Sethi,,,6.5M,United States,246.7K,373.3K,June
mterstegen1,Marc ter Stegen,Sports with a ball,,13.5M,Spain,186.4K,280.2K,June
na.jaemin0813,JAEMIN,,,9.7M,Indonesia,1.9M,2.3M,June
nabilla,Nabilla Vergara âœ¨,Beauty,,7.6M,France,234.7K,323.2K,June
nadin_serovski,Nadin Serovski,Family,Lifestyle,9.4M,Russia,471.3K,648.7K,June
nadine,å°å®®å¸Œç¾Ž ðŸ¤,Music,Shows,11.4M,Philippines,305.3K,339.1K,June
nadine.nassib.njeim,Nadine Nassib Njeim,Cinema & Actors/actresses,Modeling,15M,Iraq,118.7K,169.2K,June
naileadevora,nai,Shows,,5.2M,United States,583.4K,861.9K,June
najwashihab,Najwa Shihab,Shows,,21.6M,Indonesia,75.4K,104.5K,June
nancyajram,Nancy Ajram,Music,,33M,Iraq,117K,150.8K,June
narendramodi,Narendra Modi,Finance & Economics,Business & Careers,68.1M,India,1.2M,1.4M,June
narins_beauty,â€¢â€¢Narins Beautyâ€¢â€¢,Lifestyle,,8.9M,Syria,360.1K,439.2K,June
nasa,NASA,Science,Photography,78.3M,India,612.1K,734.3K,June
natashawilona12,Natasha Wilona,Beauty,,38.7M,Indonesia,110.7K,132.4K,June
natgeo,National Geographic,Nature & landscapes,Science,229.5M,United States,72.3K,102.6K,June
nattinatasha,NATTI NATASHA,Music,Cinema & Actors/actresses,35.9M,Mexico,162.2K,196.1K,June
navidmohammadzadeh,navid mohammadzadeh,Cinema & Actors/actresses,,8.7M,Iran,481.7K,680.7K,June
nazormaya,Maya Nazor,Lifestyle,Photography,3.3M,Mexico,462K,684K,June
nazormaya,Maya Nazor,Lifestyle,Photography,3.3M,Mexico,462K,684K,June
nazriyafahadh,Nazriya Nazim Fahadh,Lifestyle,,6M,India,610.4K,817.7K,June
nba,NBA,Sports with a ball,,68.5M,United States,25.4K,38.6K,June
ncentineo,Noah,Cinema & Actors/actresses,,16.8M,Brazil,74.9K,124.9K,June
nct,NCT Official Instagram,Music,,14.3M,Indonesia,748K,981.8K,June
nct_dream,NCT DREAM OFFICIAL,,,10.1M,Indonesia,760K,849K,June
nct127,NCT 127 Official Instagram,Music,,14.1M,Indonesia,522.6K,645.2K,June
nehakakkar,Neha Kakkar (Mrs. Singh),Music,,70.3M,India,380.7K,444.6K,June
nehasharmaofficial,Neha Sharma ðŸ’«,Cinema & Actors/actresses,,14.6M,India,189.4K,216.9K,June
nessabarrett,ness,,,7M,United States,397.7K,539.5K,June
netflix,Netflix US,Cinema & Actors/actresses,Shows,30.4M,Brazil,65K,105.6K,June
netflixbrasil,Netflix Brasil,Shows,Cinema & Actors/actresses,31.5M,Brazil,206.9K,354.3K,June
netflixlat,Netflix LatinoameÌrica,Shows,Cinema & Actors/actresses,23.4M,Argentina,76.1K,119.5K,June
neymarjr,NJ ðŸ‡§ðŸ‡·,Sports with a ball,,175.8M,Brazil,1.4M,1.9M,June
niallhoran,Niall Horan,Music,,30.1M,United States,1.2M,1.8M,June
nianaguerrero,Niana,Music,Kids & Toys,14.2M,Indonesia,408.1K,512.7K,June
nicki.nicole,,Music,,12M,Argentina,390.7K,571.4K,June
nickiminaj,Barbie,Music,,195.2M,United States,896.1K,1.4M,June
nickjonas,Nick Jonas,Music,Art/Artists,32.8M,United States,164.2K,234.9K,June
nickyjam,NICKY JAM,Music,,43.3M,Colombia,54.6K,66.7K,June
nicolebahls,Nicole Bahls,Modeling,,17.6M,Brazil,77.7K,138.5K,June
nicolegarcia,NICOLE,Lifestyle,,5.6M,Mexico,327.9K,428.8K,June
nidhhiagerwal,Nidhhi Agerwal ðŸŒŸ,Lifestyle,Modeling,24.2M,India,101.3K,120.5K,June
nike,Nike,Fitness & Gym,Shopping & Retail,225.6M,United States,87.4K,120.5K,June
nikefootball,Nike Football (Soccer),Sports with a ball,Clothing & Outfits,45.1M,Brazil,108.2K,165.5K,June
nikitadragun,Nikita,Beauty,Modeling,9M,United States,252.7K,386.2K,June
nina,Nina Dobrev,Cinema & Actors/actresses,,25.7M,Brazil,496.9K,711.5K,June
nita_shilimkar,Nita Shilimkar,Fashion,Modeling,11.3M,India,277.4K,366.5K,June
noahbeck,Noah Beck,Sports with a ball,,9.1M,United States,188.2K,310.5K,June
noahschnapp,Noah Schnapp,Cinema & Actors/actresses,,22.8M,Brazil,2.1M,2.7M,June
nobru,Bruno Goes ðŸŽ­,,,13.5M,Brazil,0,245.8K,June
nobru,Bruno Goes ðŸŽ­,Machinery & Technologies,Computers & Gadgets,13.5M,Brazil,0,245.8K,June
nodal,Christian Nodal ðŸ‡²ðŸ‡½ ðŸŒµðŸ’š,Music,,9.3M,Mexico,236.4K,347.2K,June
nolimitherbo,G HERBO,Music,Art/Artists,7.7M,United States,128.2K,307.1K,June
noorstars,Ù†ÙˆØ± Ø³ØªØ§Ø±Ø² | Noor Stars,Shows,,13M,Iraq,155.1K,208.2K,June
norafatehi,Nora Fatehi,Cinema & Actors/actresses,Music,40.9M,India,489.7K,601.5K,June
normani,Normani,Lifestyle,,7.2M,United States,268.9K,420.4K,June
nusr_et,Nusr_et#Saltbae,Food & Cooking,,46.6M,Turkey,79.4K,116.1K,June
o.dembele7,Ousmane DembÃ©lÃ©,Sports with a ball,,10.9M,Spain,502.6K,861.1K,June
obj,Odell Beckham Jr,Sports with a ball,,16.2M,United States,248.9K,473.5K,June
offsetyrn,OFFSET,Music,,19.9M,United States,249.2K,446.1K,June
oliviarodrigo,Olivia Rodrigo,Music,Cinema & Actors/actresses,26.7M,India,2.2M,2.8M,June
onwardwanna,"Javon ""Wanna"" Walton",Lifestyle,Cinema & Actors/actresses,5.4M,United States,353.5K,589.8K,June
onyourm__ark,Mark,Lifestyle,,8.9M,Indonesia,1.4M,1.8M,June
oohsehun,SEHUN,Music,,23.2M,Indonesia,1.8M,2.2M,June
oprah,Oprah,Art/Artists,Cinema & Actors/actresses,21.3M,United States,85.5K,100K,June
otabek_muhammadalievich,Otabek Umarov,,,19.4M,Russia,136.2K,184.1K,June
ozuna,@ozutochi ðŸ”œ,Music,,22.4M,Spain,239K,323.6K,June
pablogavi,GAVI,,,4.7M,0,1M,,June
pandorakaaki,ððšð§ðð¨ð«ðš ðŠðšðšð¤ð¢,Adult content,,7.3M,United States,221.1K,304.5K,June
pandorakaaki,ððšð§ðð¨ð«ðš ðŠðšðšð¤ð¢,Adult content,,7.3M,United States,221.1K,304.5K,June
parineetichopra,Parineeti Chopra,Cinema & Actors/actresses,,36.8M,India,194.7K,224.2K,June
paulodybala,Paulo Dybala,Sports with a ball,,47.5M,Argentina,763.5K,1.2M,June
paulolondra,Paulo londra,Music,,13.8M,Argentina,1.2M,1.9M,June
paulpogba,Paul Labile Pogba,Sports with a ball,,54.4M,Brazil,125.6K,224.2K,June
paulwalker,Paul Walker,Cinema & Actors/actresses,,14.9M,India,198.9K,273.2K,June
paulwesley,Paul Wesley,Cinema & Actors/actresses,,12.3M,Brazil,330K,493.2K,June
pefabiodemelo,Padre FÃ¡bio de Melo,Lifestyle,,25.7M,Brazil,87.6K,132.3K,June
perrieedwards,Perrie Edwards ðŸ–¤,Modeling,,15.4M,Brazil,456.9K,713.7K,June
perspolis,P e r s e p o l i s,Sports with a ball,,8.1M,Iran,267.7K,381.7K,June
pewdiepie,PewDiePie,Computers & Gadgets,,21.9M,United States,1.2M,1.4M,June
peytonlist,Peyton List,Cinema & Actors/actresses,,20.1M,United States,279.9K,421.1K,June
pharrell,ð’ðŽð ðŽð… ð€ ðð‡ð€ð‘ð€ðŽð‡,Music,,13.9M,United States,107.9K,154.5K,June
phil.coutinho,Philippe Coutinho,Sports with a ball,,24.8M,Brazil,184.9K,299.1K,June
philfoden,Phil Foden,Sports with a ball,,4.9M,United Kingdom,325.2K,569.8K,June
phoebejtonkin,Phoebe Tonkin,Beauty,Cinema & Actors/actresses,8.4M,United States,281.2K,401.7K,June
playstation,PlayStation,Computers & Gadgets,Machinery & Technologies,28.9M,United States,64K,77.3K,June
playstation,PlayStation,Computers & Gadgets,Machinery & Technologies,28.9M,United States,64K,77.3K,June
pledis_boos,ìŠ¹ê´€ SEUNGKWAN,Music,,4M,Indonesia,503.2K,610.3K,June
pocah,POCAH,Music,,15.7M,Brazil,108.2K,257.4K,June
pokimanelol,pokimane â¤,Lifestyle,Shows,6.1M,United States,429.8K,566.4K,June
polo.capalot,Polo.GðŸ,Music,Lifestyle,10.5M,United States,337.5K,555.8K,June
pooorblack,Pooorblack,,,4.5M,Iran,497.7K,643.5K,June
porsche,Porsche,Cars & Motorbikes,,26.6M,United States,64.7K,81.5K,June
porsche,Porsche,Cars & Motorbikes,,26.6M,United States,64.7K,81.5K,June
postmalone,,Music,,22.4M,United States,266.7K,407.9K,June
pozevidalouca,Poze Do Rodo ðŸ¤‘,Lifestyle,Photography,6.6M,Brazil,235.2K,590.7K,June
prattprattpratt,Chris Pratt,Cinema & Actors/actresses,,37M,United States,278.2K,364K,June
premierleague,Premier League,Sports with a ball,,57.7M,United Kingdom,55.6K,79.7K,June
prillylatuconsina96,Prilly Latuconsina,Cinema & Actors/actresses,Music,48.2M,Indonesia,58.3K,84K,June
priyankaamohanofficial,Priyanka Mohan,Lifestyle,Cinema & Actors/actresses,3.1M,India,655.6K,752.4K,June
priyankachopra,Priyanka,Cinema & Actors/actresses,,79.8M,India,796.8K,968.5K,June
psg,Paris Saint-Germain,Sports with a ball,,60.9M,Brazil,127.9K,214.6K,June
pubity,Pubity,Humor & Fun & Happiness,,31.8M,United States,192.2K,281.7K,June
quavohuncho,QuavoHuncho,Music,,21.3M,United States,118.5K,195.6K,June
raashiikhanna,Raashii Khanna,Cinema & Actors/actresses,Music,8.4M,India,229.3K,273.7K,June
rachel_mypark,á„‡á…¡á†¨á„†á…µá†«á„‹á…§á†¼ Minyoung Park,Cinema & Actors/actresses,,10.1M,Indonesia,572.3K,713.1K,June
rafaelnadal,Rafa Nadal,Sports with a ball,,15.4M,Spain,202.1K,253.2K,June
rafaeluccman,Rafael Uccman,Lifestyle,Modeling,9M,Brazil,135.6K,281.6K,June
rahulkl,KL RahulðŸ‘‘,,,12.3M,India,366.1K,427.1K,June
raisa6690,,Music,,31.9M,Indonesia,45.1K,69K,June
raisa6690,,Music,,31.9M,Indonesia,45.1K,69K,June
rakulpreet,Rakul Singh,Cinema & Actors/actresses,Modeling,21.9M,India,164.5K,192.9K,June
ranveersingh,Ranveer Singh,Cinema & Actors/actresses,Modeling,39.9M,India,138.3K,178.2K,June
raphaelvarane,Raphael Varane,Sports with a ball,,18.9M,Spain,323.3K,485.6K,June
rashmika_mandanna,Rashmika Mandanna,Beauty,Art/Artists,32.1M,India,1.5M,1.7M,June
rauwalejandro,RAULEETO,Music,,14.9M,Spain,828.8K,1.2M,June
real__pcy,EXO_CY,Music,,23.9M,Indonesia,2.3M,2.8M,June
realbarbarapalvin,Barbara Palvin,Modeling,Fashion,17.9M,Russia,411.6K,555.4K,June
realcoleworld,Cole,Music,Art/Artists,7.7M,United States,198.7K,377.5K,June
realhinakhan,HK,Cinema & Actors/actresses,,17.1M,India,150.8K,185.5K,June
realmadrid,Real Madrid C.F.,Sports with a ball,,121M,Spain,348.8K,478.7K,June
realstraykids,Stray Kids,Music,,21.6M,Indonesia,1.4M,1.7M,June
rebelwilson,Rebel Wilson,Cinema & Actors/actresses,,11.3M,United States,162.7K,188.2K,June
redvelvet.smtown,Red Velvet Official,Music,Beauty,11.8M,Indonesia,203.5K,246.8K,June
reesewitherspoon,Reese Witherspoon,Cinema & Actors/actresses,,28.1M,United States,89.4K,107.9K,June
regejean,RegeÌ-Jean Page,,,6.3M,Brazil,357.4K,566.2K,June
renebaebae,IRENE,Lifestyle,Modeling,10.6M,Indonesia,1.5M,1.8M,June
rezagolzar,Mohammad Reza Golzar,Cinema & Actors/actresses,,12.2M,Iran,169.7K,250.3K,June
riaricis1795,RICIS,Lifestyle,,31.2M,Indonesia,607.3K,742.1K,June
ridwankamil,Ridwan Kamil,Literature & Journalism,Business & Careers,18.2M,Indonesia,347.2K,531K,June
riyadmahrez26.7,RM26,Sports with a ball,,9M,Algeria,321.3K,414.2K,June
riyaz.14,Riyaz Aly,Lifestyle,Art/Artists,27.1M,India,284.3K,371.5K,June
rizkybillar,Muhammad Rizky Billar,Shows,Beauty,12.8M,Indonesia,428.3K,551.5K,June
robertdowneyjr,Robert Downey Jr. Official,Cinema & Actors/actresses,,53.2M,India,1.7M,2.1M,June
roberto_firmino,ROBERTO FIRMINO,Sports with a ball,,13.6M,Brazil,173.2K,257.3K,June
roddyricch,,Lifestyle,,6.9M,United States,220.8K,423.6K,June
rodridepaul,Rodrigo De Paul,Sports with a ball,,4.7M,Argentina,346.8K,628.8K,June
rodwave,RodWave,Lifestyle,,5.3M,United States,201.7K,501.6K,June
rogerfederer,Roger Federer,Sports with a ball,,9.5M,Spain,253K,327.1K,June
rohitsharma45,Rohit Sharma,Sports with a ball,Lifestyle,24.3M,India,805.4K,908.1K,June
romanreigns,Joe Anoai aka â€œRoman Reignsâ€,,,6.4M,India,481.7K,626.2K,June
ronaldinho,Ronaldo de Assis Moreira,Sports with a ball,,67.1M,Brazil,112.1K,196K,June
rosalia.vt,LA ROSALIÌA,Music,,20.8M,Spain,1.1M,1.5M,June
roses_are_rosie,ROSEÌ,Music,,60.5M,Indonesia,4M,4.6M,June
ross_lynch,Ross Shor Lynch,Music,Cinema & Actors/actresses,10.1M,United States,409.4K,818K,June
rubyrose,Ruby Rose,Modeling,,19.6M,United States,90.7K,120.3K,June
rudeth,Rudy Pankow,Humor & Fun & Happiness,,6.5M,United States,1M,1.6M,June
sabinahidalgo,Sabina Hidalgo,Lifestyle,Music,4.7M,Brazil,409.5K,491.5K,June
sabinahidalgo,Sabina Hidalgo,Lifestyle,Music,4.7M,Brazil,409.5K,491.5K,June
sabrinacarpenter,Sabrina Carpenter,Music,,27.4M,Brazil,839.2K,1M,June
sachintendulkar,Sachin Tendulkar,Sports with a ball,Lifestyle,34.9M,India,204.1K,243K,June
sadiesink_,Sadie Sink,Modeling,Lifestyle,19M,Brazil,1.4M,2M,June
sadiomaneofficiel,Sadio Mane,Sports with a ball,,11.5M,United Kingdom,331.6K,473.4K,June
sadiomaneofficiel,Sadio Mane,Sports with a ball,,11.3M,United Kingdom,319.2K,455.8K,June
sagar_pop02,Sagar Pop,Lifestyle,,7.5M,India,241.8K,380.8K,June
saipallavi.senthamarai,Sai Pallavi,,,5.8M,India,569K,653K,June
salmahayek,Salma Hayek Pinault,Cinema & Actors/actresses,,21.5M,United States,122K,151.6K,June
salshabillaadr,Salshabilla adriani,Music,Cinema & Actors/actresses,14.1M,Indonesia,127.1K,202.7K,June
samantharuthprabhuoffl,Samantha,Beauty,Modeling,24.1M,India,1.2M,1.4M,June
samoylovaoxana,Samoylova Oxana,Family,Lifestyle,15.2M,Russia,679.4K,923.3K,June
sanchooo10,Jadon Sancho,Sports with a ball,,8.6M,United Kingdom,361.9K,633K,June
sandrinna_11,Drinna,Lifestyle,,10.7M,Indonesia,191.3K,244.7K,June
saraalikhan95,Sara Ali Khan,Cinema & Actors/actresses,,40.5M,India,774.4K,945.6K,June
sarahkhanofficial,Mrs.Falak,Lifestyle,,9.3M,Pakistan,287.5K,324.5K,June
sarwendah29,Sarwendah29,Music,Lifestyle,31.9M,Indonesia,67.2K,79.6K,June
sav.labrant,Savannah Rose LaBrant,Family,Lifestyle,7.1M,United States,541.9K,724.9K,June
saweetie,,Cinema & Actors/actresses,,13.2M,United States,216.3K,501.9K,June
saythename_17,SEVENTEEN,Music,,9.5M,Indonesia,694.4K,782.3K,June
schwarzenegger,Arnold Schwarzenegger,Cinema & Actors/actresses,Fitness & Gym,22.5M,United States,99.9K,117.9K,June
selenagomez,Selena Gomez,Music,Lifestyle,330.6M,United States,1.2M,1.6M,June
serenayss,Serenay SarÄ±kaya,Cinema & Actors/actresses,Modeling,9.4M,Turkey,198.7K,254.6K,June
sergioramos,Sergio Ramos,Sports with a ball,,51.9M,Spain,321.9K,494.7K,June
serna_amini,Serna Amini,,,8.9M,Iran,1.3M,1.8M,June
shahidkapoor,Shahid Kapoor,Cinema & Actors/actresses,,35.2M,India,644.7K,730.7K,June
shawnmendes,Shawn Mendes,Music,,69.1M,Brazil,741K,1.1M,June
shaymitchell,Shay Mitchell,Beauty,Family,33.6M,United States,240.1K,337.2K,June
shehnaazgill,Shehnaaz Gill,Cinema & Actors/actresses,Music,11.6M,India,643.8K,806.5K,June
shivangijoshi18,à¤¶à¤¿à¤µà¤¾à¤‚à¤—à¥€ à¤œà¥‹à¤¶à¥€,Lifestyle,,6.9M,India,418.3K,503.9K,June
shraddhakapoor,Shraddha âœ¶,Cinema & Actors/actresses,,73.2M,India,341.8K,393.7K,June
shreyaghoshal,shreyaghoshal,Music,,24.3M,India,98.2K,110.3K,June
sidhu_moosewala,Sidhu Moosewala (à¨®à©‚à¨¸à©‡ à¨†à¨²à¨¾),,,10.6M,India,1.5M,1.9M,June
sidhu_moosewala,Sidhu Moosewala (à¨®à©‚à¨¸à©‡ à¨†à¨²à¨¾),,,10.6M,India,1.4M,1.7M,June
sidmalhotra,Sidharth Malhotra,Cinema & Actors/actresses,Modeling,19.7M,India,432.7K,538.1K,June
simoneesimaria,Simone e Simaria,Music,,22.7M,Brazil,97.6K,137.5K,June
simoneses,Simone Mendes,Music,,34.7M,Brazil,176.7K,223.7K,June
simoneses,Simone Mendes,Music,,34.7M,Brazil,140.9K,177.1K,June
simonettalein,Simonetta Lein,Shows,Fashion,11.4M,India,212.3K,292.2K,June
sinavaliollah,Sina Valiollah,Shows,,7.2M,Iran,300.6K,379.2K,June
sincerooficial,Sincero Oficial,Humor & Fun & Happiness,,21.5M,Brazil,77.9K,149.9K,June
sivakarthikeyan,Sivakarthikeyan Doss,,,5M,India,448.8K,528.7K,June
skaijackson,S K A I,Lifestyle,Beauty,8M,United States,209.2K,369.8K,June
skuukzky,á„‰á…®á†½á„‹á…µ  ðŸ’„ðŸ’…ðŸ‘¡ðŸ‘ ðŸŽ€ðŸ‘™ðŸŒ‚ðŸ‘—ðŸŒ‚ðŸŽ€ðŸ’‹ðŸ’Œ,Clothing & Outfits,Music,17.8M,Indonesia,608K,750.4K,June
smriti_mandhana,Smriti Mandhana,Sports with a ball,,6.1M,India,379.2K,439.6K,June
snoopdogg,snoopdogg,Lifestyle,Music,74.4M,United States,31.6K,42.8K,June
sofia9__official,SOFIA,Lifestyle,Modeling,9.1M,India,179K,249.3K,June
sofia9__official,SOFIA,Lifestyle,Modeling,9.1M,India,179K,249.3K,June
sofiaalcastro,â™¡sofia castro,Shows,Cinema & Actors/actresses,8.7M,Colombia,425.8K,580.3K,June
sofiacarson,Sofia Carson,Music,Cinema & Actors/actresses,16.7M,Brazil,114.5K,155.4K,June
sommerray,Sommer Ray,Modeling,,26.6M,United States,176.4K,278.1K,June
somsomi0309,ENNIK,Music,,14.9M,Indonesia,818K,1M,June
sonamkapoor,Sonam Kapoor Ahuja,Fashion,Modeling,32.9M,India,178.3K,210.8K,June
songkang_b,á„‰á…©á†¼á„€á…¡á†¼,,,14.4M,Mexico,2.2M,3.1M,June
soohyun_k216,á„€á…µá†·á„‰á…®á„’á…§á†« Kim Soo Hyun é‡‘ç§€è³¢,,,13.7M,Indonesia,742.8K,904.9K,June
sooyaaa__,JISOOðŸ¤,Music,Beauty,61.6M,Indonesia,4.8M,5.5M,June
sooyoungchoi,Sooyoung Choi,Beauty,Lifestyle,7.1M,Indonesia,280.7K,338.9K,June
sophiedee,Sophie Dee,Adult content,,12.2M,United States,164.9K,219.6K,June
soueunavida,Sou Eu Na Vida,Humor & Fun & Happiness,,18.1M,Brazil,148.2K,281.5K,June
sound_of_coups,COUPS,,,3.8M,Indonesia,905K,1.2M,June
soycintiacossio,Cintia Cossio,,,5.6M,Colombia,417.3K,521K,June
soydannyalfaro,Danny Alfaro,Beauty,,8.1M,Mexico,336.8K,385.4K,June
soyneiva,Neiva Mara,Adult content,,11.9M,Brazil,187.7K,252.5K,June
spacex,SpaceX,Science,Machinery & Technologies,14.9M,United States,139.8K,170.3K,June
sportscenter,SportsCenter,Sports with a ball,Shows,31.1M,United States,113K,204K,June
srinidhi_shetty,Srinidhi Shetty ðŸŒ¸,,,4.1M,India,995.9K,1.3M,June
ssinz7,ë°•ì‹ í˜œ/Shin Hye Park,Music,Cinema & Actors/actresses,13.7M,Indonesia,652K,800.6K,June
staryuukiii,Star Yuuki,Lifestyle,,6.7M,Mexico,329.8K,397K,June
staskaranikolaou,Anastasia Karanikolaou,Lifestyle,,11M,United States,1.9M,2.8M,June
stephencurry30,Wardell Curry,Sports with a ball,Family,44.1M,United States,442.8K,591.3K,June
sthefanematos,STHE âš“ï¸,Lifestyle,,9.9M,Brazil,153.2K,352.9K,June
strangerthingstv,Stranger Things Netflix,Cinema & Actors/actresses,Shows,18.7M,Brazil,1.2M,1.5M,June
streetartglobe,StreetArtGlobe â„¢ ðŸ˜±,Art/Artists,,17.1M,United States,131.2K,178.2K,June
subo_m,Subhan Mamedov,Shows,,9.7M,Russia,214.2K,262.2K,June
suga_bighitentertainment,SUGA (á„†á…µá†«á„‹á…²á†«á„€á…µ) Updates,Lifestyle,,7.6M,Indonesia,557.6K,628.9K,June
sugaringcandy,Jungwoo Kim,,,2.5M,0,1.4M,,June
sunnyleone,Sunny Leone,Beauty,Cinema & Actors/actresses,53M,India,137.6K,188.9K,June
supercarblondie,Alex - that girl with the Cars,Cars & Motorbikes,,10.3M,India,156.7K,248.6K,June
superstar_dewasi99,SUPERSTARDEWASI 99,,,12.3M,India,253.4K,400.1K,June
supremo_dp,Daniel Ford,Music,,4.9M,Philippines,374K,460.9K,June
sureshraina3,Suresh Raina,Modeling,,20.3M,India,106.5K,119.8K,June
sushitrash,JOJI,Music,,6.1M,United States,489.6K,598.3K,June
sydney_sweeney,Sydney Sweeney,Lifestyle,Cinema & Actors/actresses,13.5M,United States,1.1M,2.1M,June
sza,SZA,Music,,12.2M,United States,811.3K,1.4M,June
t22felton,Tom Felton,Music,Cinema & Actors/actresses,12M,United States,177.6K,230.4K,June
taehyung.bighitentertainment,TAEHYUNG (ê¹€íƒœí˜•) Updates,Management & Marketing,Music,10M,Indonesia,985.4K,1M,June
taeoxo_nct,TAEYONG íƒœìš©,Lifestyle,,9.3M,Indonesia,1.2M,1.5M,June
taeyeon_ss,TaeYeon,Music,,18.6M,South Korea,653.9K,795.5K,June
taina,TainaÌ Costa,Music,,15.9M,Brazil,290.9K,607.5K,June
tamannaahspeaks,Tamannaah Bhatia,Music,Cinema & Actors/actresses,17.1M,India,207.2K,242.6K,June
tamerhosny,Tamer Hosny,Music,Cinema & Actors/actresses,22.6M,Egypt,87.6K,106.9K,June
tarasutaria,TARAðŸ’«,Cinema & Actors/actresses,,7.7M,India,247.2K,310.9K,June
tatawerneck,Tata Werneck,Cinema & Actors/actresses,Family,53.4M,Brazil,55.2K,85.6K,June
taylor_hill,Taylor Hill,Art/Artists,Fashion,19.9M,United States,126.9K,189.4K,June
taylorswift,Taylor Swift,Music,,216.1M,Brazil,2.4M,3.2M,June
teddysphotos,Ed Sheeran,Music,,39.2M,United States,130K,177.4K,June
tejasswiprakash,Tejasswi Prakash,Beauty,,6M,India,321.4K,397.7K,June
tenlee_1001,TEN_+â€¢10,Music,,9.8M,Indonesia,883.1K,1.1M,June
teyanataylor,Jimmy Neutch- Shumpert,Music,,15.1M,United States,112.8K,192.2K,June
theamitbhadana,Amit Bhadana ( à¤…à¤®à¤¿à¤¤ à¤­à¤¡à¤¼à¤¾à¤¨à¤¾ ),Shows,,8.4M,India,284.5K,350.8K,June
thebursin,Kerem BuÌˆrsin,Cinema & Actors/actresses,,10.7M,Russia,625.6K,816.3K,June
theellenshow,Ellen DeGeneres,Shows,Cinema & Actors/actresses,122.6M,United States,30.7K,41.6K,June
theestallion,Megan Thee Stallion,Music,,29.1M,United States,511.5K,891.7K,June
thegirljt,JTðŸ˜¸,Music,,5.5M,United States,155.8K,427.1K,June
thegoodquote,Positive & Motivational Quotes,Humor & Fun & Happiness,,24.6M,United States,81.4K,116.9K,June
thehughjackman,,Cinema & Actors/actresses,,30.5M,United States,167.2K,190.5K,June
thenameisyash,Yash,Cinema & Actors/actresses,,10.8M,India,1.2M,1.5M,June
thenewclassic,Iggy Azalea,Music,,16.4M,United States,232.3K,375.6K,June
therealcalebmclaughlin,Caleb McLaughlin,Cinema & Actors/actresses,Lifestyle,12.8M,United States,472.4K,693.4K,June
therealjosephmorgan,Joseph Morgan,Cinema & Actors/actresses,Lifestyle,8M,Brazil,218.5K,274.1K,June
therock,therock,Cinema & Actors/actresses,Fitness & Gym,324.2M,India,542.3K,711.9K,June
theslumpgod,Stokeley,Music,,5.4M,United States,428.3K,745.1K,June
theweeknd,The Weeknd,Music,,39.9M,United States,728.4K,989.3K,June
thiago6,Thiago Alcantara,Sports with a ball,,9.5M,United Kingdom,234.3K,401.9K,June
thiagosilva,Thiago Silva,Sports with a ball,,19.5M,Brazil,67.2K,113.3K,June
thiagosilva,Thiago Silva,Sports with a ball,,19.5M,Brazil,67.2K,113.3K,June
thv,V,Lifestyle,,44.8M,United States,13.2M,13.2M,June
tiagopzk,GOTTI A,Music,,5M,Argentina,274.3K,626.5K,June
tiffanyyoungofficial,tiffany young,Modeling,Fashion,12.2M,Indonesia,258K,322.9K,June
tigerjackieshroff,Tiger Shroff,Cinema & Actors/actresses,,35.3M,India,261.6K,318.1K,June
tinistoessel,LaTripleT,Music,,18.1M,Argentina,684.5K,915.6K,June
todayis_wendy,Wendy,,,6.8M,Indonesia,889.7K,1.1M,June
tohi,ð“ðŽð‡ðˆ,Lifestyle,,12M,Iran,148.2K,216.9K,June
tombrady,Tom Brady,Sports with a ball,,12.4M,United States,188.1K,346.9K,June
tomhardy,Tom Hardy,Lifestyle,Cinema & Actors/actresses,8.7M,Iran,251.9K,312.5K,June
tomholland2013,Tom Holland,Cinema & Actors/actresses,,67.4M,United States,5.2M,6.4M,June
tommyinnit,TommyInnit,Lifestyle,,3.4M,France,605.9K,683.9K,June
toni.kr8s,Toni Kroos,Sports with a ball,,34.1M,Germany,417.1K,565K,June
tontawan,à¸•à¸¹ / t u ðŸŒ»(â€¢Ó©â€¢)à·†âƒ›,Lifestyle,,3.7M,Thailand,569.9K,749.4K,June
travisbarker,travisbarker,Lifestyle,,7.5M,United States,503.4K,712.4K,June
travisscott,flame,Music,,45.7M,United States,1.8M,2.6M,June
trentarnold66,Trent Alexander-Arnold,Lifestyle,Sports with a ball,7.5M,United Kingdom,429.8K,630K,June
trippieredd,555,Music,,13M,United States,450.9K,883.5K,June
trueno,TR1 â›ˆ,Music,,6.8M,Argentina,227.3K,354.1K,June
twicetagram,TWICE,Music,Modeling,25.9M,Indonesia,1.2M,1.5M,June
tyga,T-Raww,Music,,35M,United States,600K,895.8K,June
uarmyhope,jhope,Art/Artists,Cinema & Actors/actresses,36.6M,South Korea,9.4M,9.4M,June
urstrulymahesh,Mahesh Babu,Cinema & Actors/actresses,,8.6M,India,358.6K,395.1K,June
ursulolita,UÌrsula CorberoÌ âœ¨,Cinema & Actors/actresses,Modeling,24.1M,Brazil,1.1M,1.6M,June
urvashirautela,Urvashi Rautela,Cinema & Actors/actresses,,52.7M,India,107.7K,128.9K,June
valentinazenere,Valentina Zenere,Modeling,Lifestyle,9.9M,Brazil,226.4K,275.5K,June
valeyellow46,Valentino Rossi,Racing Sports,,13.8M,Indonesia,136.4K,178.1K,June
vancityreynolds,Ryan Reynolds,Cinema & Actors/actresses,,44.3M,United States,309.3K,400.6K,June
vanessahudgens,ðŸ”®Vanessa HudgensðŸ”®,Cinema & Actors/actresses,,46.1M,United States,53.4K,86K,June
vanessalopesr_,Vanessa Lopes,Lifestyle,,11.7M,Brazil,76.1K,248.5K,June
vanessamorgan,Vanessa Morgan,Music,Cinema & Actors/actresses,9.5M,United States,319K,454.1K,June
varundvn,VarunDhawan,Cinema & Actors/actresses,,42.9M,India,257.6K,312.9K,June
veradijkmans,Vera Dijkmans,Adult content,,5.4M,United States,400.7K,563.3K,June
vernonline,Vernon ë²„ë…¼,,,4M,0,713.1K,,June
vicdeangelis,Victoria De Angelis/ MaÌŠneskin,,,3.7M,Italy,420.6K,623.9K,June
vickykaushal09,Vicky Kaushal,Cinema & Actors/actresses,,14M,India,909.8K,1.1M,June
victoriajustice,Victoria Justice,Music,Cinema & Actors/actresses,22.5M,United States,142.3K,194.7K,June
viking.barbie,Viking Barbieâš”,Adult content,,11.6M,United States,164.6K,251.4K,June
vikkialchester,Vikki Al Chester ðŸŽ¶,Music,,10.3M,Russia,266.6K,324.7K,June
vindiesel,Vin Diesel,Cinema & Actors/actresses,,81.3M,Brazil,314.8K,408.7K,June
vinijr,Vinicius Jr. âš¡ï¸ðŸ‡§ðŸ‡·,Sports with a ball,,20.7M,Brazil,931K,1.6M,June
vinniehacker,â€ ,Lifestyle,,5.8M,United States,615.1K,1.3M,June
virat.kohli,Virat Kohli,Sports with a ball,,203.7M,India,2M,2.3M,June
virgilvandijk,Virgil van Dijk,Sports with a ball,,12.2M,United Kingdom,281.6K,399.7K,June
virginia,Virginia Fonseca Costa,Shows,Lifestyle,38.1M,Brazil,465.7K,727.2K,June
vivi,Vivi Wanderley,Beauty,Lifestyle,13.5M,Brazil,176.4K,290.2K,June
vousmevoyez,KRYSTAL,Music,Cinema & Actors/actresses,10.3M,Indonesia,369.5K,479.6K,June
wanda_nara,Wanda nara,Lifestyle,,12.8M,Argentina,189.8K,268.5K,June
warriors,Golden State Warriors,Lifestyle,Sports with a ball,24.5M,United States,127.4K,177.3K,June
waynerooney,Wayne Rooney,Sports with a ball,Lifestyle,15.6M,United Kingdom,93.1K,133.9K,June
wdohwan,ìš°ë„í™˜,Cinema & Actors/actresses,,4.5M,Indonesia,471.4K,624.9K,June
weareone.exo,EXO Official,Music,,10M,Indonesia,609.2K,765K,June
whinderssonnunes,Whindersson Nunes,Humor & Fun & Happiness,,58.5M,Brazil,186.9K,288.4K,June
wi__wi__wi,á„‹á…±á„’á…¡á„Œá…®á†« Wi Ha Jun,,,10.1M,South Korea,680.8K,818.7K,June
wilbursoot,Wilbur Soot,Music,,3.1M,United States,539.1K,691.2K,June
willevy,William  Levy / Actor Producer,Shows,Cinema & Actors/actresses,10.6M,Brazil,218.5K,294.1K,June
willyrex,Willyrex,Shows,,8.7M,Spain,366.8K,435.1K,June
winmetawin,Win Metawin O.,Lifestyle,,13.7M,Philippines,863.3K,975.5K,June
wizkhalifa,Wiz Khalifa,Music,Art/Artists,38.3M,India,55K,75.6K,June
wizkidayo,BIG WIZðŸ¦…,Music,,14.8M,Nigeria,186.3K,362.7K,June
wolfiecindy,Cindy Kimberly,Modeling,Lifestyle,7M,United States,240.6K,399.7K,June
woozi_universefactory,WOOZI,,,3.5M,Indonesia,510.9K,624.7K,June
wos.ds3,ValentiÌn Oliva,Music,,6.6M,Argentina,335K,512.4K,June
wow_kimsohyun,á„€á…µá†·á„‰á…©á„’á…§á†«,Music,Cinema & Actors/actresses,12.3M,Indonesia,735.4K,845.2K,June
wwiinn_7,WINWIN,,,7.3M,Indonesia,1.2M,1.4M,June
xavi,Xavi HernaÌndez,Sports with a ball,,8.9M,Spain,428.1K,642.4K,June
xbox,Xbox,Computers & Gadgets,Machinery & Technologies,12.8M,United States,138.6K,170.3K,June
xeesoxee,á„’á…¡á†«á„‰á…©á„’á…´,Lifestyle,,9.3M,Indonesia,1.1M,1.4M,June
xsqueezie,,Music,Lifestyle,7.9M,France,495.6K,579.6K,June
xuminghao_o,The8 ë””ì—ìž‡,Music,,4.7M,Indonesia,666.1K,840.2K,June
xxxibgdrgn,á„€á…¯á†«á„Œá…µá„‹á…­á†¼(æ¬Šå¿—é¾),Photography,Fashion,21.1M,Indonesia,484.4K,615.3K,June
yamigautam,Yami Gautam Dhar,Cinema & Actors/actresses,,15.9M,India,189.3K,219.5K,June
yangyang_x2,YangYang á„‹á…£á†¼á„‹á…£á†¼,,,6.3M,Indonesia,863.2K,1.1M,June
yaocabrera,Yao Cabrera,Computers & Gadgets,Business & Careers,14.2M,Argentina,346.4K,750.1K,June
yasmine_sabri,Yasmine Sabri,Cinema & Actors/actresses,Lifestyle,19.3M,Egypt,317.8K,445.8K,June
yastunes,YAS,Music,,8.4M,Iran,666.8K,927K,June
yawnzzn,YEONJUN,,,9.4M,India,3.2M,4.1M,June
yefersoncossio,Yef,Lifestyle,,9.4M,Colombia,174.5K,255.8K,June
yejinhand,ì†ì˜ˆì§„,Cinema & Actors/actresses,,6.6M,Indonesia,589.5K,767K,June
yellow_3to3,REN JUN,Lifestyle,Music,5.9M,Indonesia,1.4M,1.7M,June
yerimiese,Yeri,Lifestyle,,10.6M,Indonesia,667.4K,827.3K,June
yg_treasure_official,TREASURE (íŠ¸ë ˆì €),Music,,5.4M,Indonesia,323.5K,412.4K,June
yg_treasure_official,TREASURE (íŠ¸ë ˆì €),Music,,5.4M,Indonesia,323.5K,412.4K,June
yihyun_1208,á„Œá…©á„‹á…µá„’á…§á†« cho yihyun,Lifestyle,,5.3M,South Korea,644.8K,816.4K,June
yoona__lim,,Cinema & Actors/actresses,,13.5M,Indonesia,456.8K,546.5K,June
yooncy1,ìœ¤ì°¬ì˜ Yoon chanyoung,,,4.9M,South Korea,1M,1.3M,June
youna_1997,á„‡á…¡á†¨á„‹á…²á„‚á…¡,Cinema & Actors/actresses,,3.5M,South Korea,548.6K,635.3K,June
youna_1997,á„‡á…¡á†¨á„‹á…²á„‚á…¡,Cinema & Actors/actresses,,3.5M,South Korea,548.6K,635.3K,June
youngdae0302,á„€á…µá†·á„‹á…§á†¼á„ƒá…¢,Music,,4.4M,Indonesia,554K,731.3K,June
yugyeom,KYUM,Music,Art/Artists,11.3M,Thailand,399.3K,516.1K,June
yuu_taa_1026,YUTA æ‚ å¤ª,,,8.3M,Indonesia,1M,1.4M,June
yuyacst,ð“¨ð’–ð’šð’‚,Modeling,,17.2M,Mexico,316.8K,487K,June
yuzi_chahal23,Yuzvendra Chahal,Lifestyle,Sports with a ball,7.9M,India,241.1K,293.4K,June
zacefron,Zac Efron,Cinema & Actors/actresses,,53.7M,United States,512.5K,742.2K,June
zachking,Zach King,Shows,Humor & Fun & Happiness,24.6M,Indonesia,429.7K,662.1K,June
zayn,Zayn Malik,Music,,46M,India,2.9M,4.5M,June
zefelipecantor,ZeÌ,Music,,24.3M,Brazil,252.5K,445.1K,June
zendaya,Zendaya,Cinema & Actors/actresses,Fashion,146.3M,United States,6.3M,8.5M,June
zidane,zidane,Sports with a ball,,33M,Spain,412.4K,560.8K,June
zidane,zidane,Sports with a ball,,33M,Spain,412.4K,560.8K,June
zkdlin,KAI,Music,,14.1M,Indonesia,1.4M,1.7M,June
zo,Lonzo Ball,Sports with a ball,,14M,United States,145.8K,262K,June
zoeisabellakravitz,ZoeÌˆ Kravitz,Cinema & Actors/actresses,,8.5M,United States,342.4K,519.3K,June
