S.no,Name,Youtuber,Country, Subscribers,Category_2,"Avg. views
",Avg. likes,Avg Comments,Category_3,Month
1,T-Series,tseries,India,224.4M,Music & Dance,141.5K,4.6K,125,,September
2,Cocomelon - Nursery Rhymes,checkgate,,142.5M,Education,12.5M,64.8K,0,,September
3,PewDiePie,PewDiePie,United States,111.6M,Animation,1.9M,130.5K,7.4K,,September
4,MrBeast,MrBeast6000,United States,104.1M,Video games,44.8M,2.2M,70.9K,Humor,September
5,âœ¿ Kids Diana Show,âœ¿ Kids Diana Show,,100.5M,Animation,6.9M,34.8K,0,Toys,September
6,Like Nastya,Like Nastya,,100.4M,Toys,5.3M,28.1K,0,,September
7,WWE,WWEFanNation,United States,90.8M,Video games,139.5K,4.8K,205,,September
8,Zee Music Company,zeemusiccompany,India,87.7M,Music & Dance,103.7K,1.4K,54,,September
9,Vlad and Niki,Vlad and Niki,,86.1M,Animation,5.3M,14.4K,0,Toys,September
10,BLACKPINK,BLACKPINK,United States,80.3M,Music & Dance,10.4M,1.4M,42K,,September
11,5-Minute Crafts,5-Minute Crafts,India,77.3M,,214.1K,1.8K,77,,September
12,Goldmines,GoldminesTelefilms,India,75.7M,,141.9K,2.1K,56,,September
13,Sony SAB,sabtv,India,71.7M,Movies,61.7K,924,18,Animation,September
14,BANGTANTV,BANGTANTV,India,70.6M,Music & Dance,3.9M,743.3K,15.8K,,September
15,HYBE LABELS,ibighit,United States,68.2M,Music & Dance,1M,173.1K,4.5K,,September
16,Canal KondZilla,CanalKondZilla,Brazil,66M,Music & Dance,37.4K,1.7K,109,,September
17,Zee TV,zeetv,India,63.4M,,109.4K,1.1K,15,,September
18,Shemaroo Filmi Gaane,filmigaane,India,61.8M,Music & Dance,30.4K,273,14,,September
19,Pinkfong Baby Shark - Kids' Songs & Stories,SmartBooksMedia,,60M,Animation,523.2K,1.3K,0,Toys,September
20,ChuChu TV Nursery Rhymes & Kids Songs,ChuChu TV Nursery Rhymes & Kids Songs,,58.4M,Toys,758.8K,3.6K,0,,September
21,Dude Perfect,corycotton,United States,58.3M,Video games,6.4M,206.7K,7.9K,,September
22,Movieclips,movieclips,United States,57.8M,Movies,18.8K,181,11,Animation,September
23,Colors TV,colorstv,India,56M,,19.3K,407,5,,September
24,Marshmello,Marshmello,United States,55.9M,Music & Dance,197.9K,13.2K,729,,September
25,Wave Music,BHOJPURIWAVE,,53.9M,Music & Dance,56.6K,857,94,,September
26,Tips Official,tipsmusic,India,53.5M,Music & Dance,233.3K,2.8K,60,,September
27,Aaj Tak,aajtaktv,India,53.4M,News & Politics,7.5K,138,11,,September
28,EminemMusic,EminemMusic,United States,53.3M,Movies,1.6M,90.6K,5.3K,Animation,September
29,T-Series Bhakti Sagar,tseriesbhakti,India,53.3M,Music & Dance,45.6K,1.3K,53,,September
30,Sony Music India,sonymusicindiaSME,India,53M,Music & Dance,451.4K,15.9K,1.1K,,September
31,Ed Sheeran,EdSheeran,United States,52.4M,Music & Dance,239.1K,20.9K,1.1K,,September
32,El Reino Infantil,ReinoMariaElenaWalsh,,52.3M,Music & Dance,234.6K,894,0,,September
33,LooLoo Kids - Nursery Rhymes and Children's Songs,LooLooKids,United States,50.2M,Music & Dance,1.1M,5.7K,0,,September
34,YRF,yrf,India,48.2M,Music & Dance,67.2K,3.4K,19,Movies,September
35,BillionSurpriseToys - English Kids Songs & Cartoon,BillionSurpriseToys - English Kids Songs & Cartoon,,47.3M,Toys,399.9K,0,0,,September
36,Infobells - Hindi,infobellshindirhymes,India,46.4M,Education,967K,4.8K,0,,September
37,JuegaGerman,JuegaGerman,Mexico,46.4M,Movies,1.7M,114.4K,3.9K,Animation,September
38,Badabun,Badabun,Mexico,45.8M,,9.4K,447,8,,September
39,Fernanfloo,Fernanfloo,Mexico,45.2M,Animation,3.3M,0,26.6K,Video games,September
40,Felipe Neto,felipeneto,Brazil,44.4M,,1M,124.5K,1.3K,,September
41,BRIGHT SIDE,BRIGHT SIDE,United States,44M,Animation,51.3K,1.4K,116,,September
42,whinderssonnunes,whinderssonnunes,Brazil,44M,Music & Dance,350.9K,58.8K,1.6K,Animation,September
43,VocÃª Sabia?,vcsabiavideos,Brazil,43.5M,,488.2K,46.4K,228,,September
44,Bad Bunny,Bad Bunny,Mexico,43.3M,Music & Dance,41.3M,1.4M,62K,Movies,September
45,SonyMusicIndiaVEVO,sonymusicindiaVEVO,India,43.2M,Music & Dance,76.8K,2.4K,93,,September
46,Get Movies,getmovies,,41.9M,,60.4K,375,0,,September
47,A4,A4,Russia,41.7M,Animation,10M,483.6K,30.4K,Humor,September
48,Like Nastya Show,Like Nastya Show,,41.6M,Animation,121.6K,786,0,Toys,September
49,Speed Records,speedrecordss,India,41.1M,Music & Dance,47.5K,1.5K,76,,September
50,ABS-CBN Entertainment,ABSCBNOnline,Philippines,41M,,1.2K,19,0,,September
51,Shemaroo,ShemarooEnt,India,40.6M,,8.9K,65,4,,September
52,elrubiusOMG,elrubiusOMG,Spain,40.5M,Animation,0,0,0,Video games,September
53,Little Baby Bum - Nursery Rhymes & Kids Songs,LittleBabyBum,,39.8M,Animation,218.6K,532,0,Toys,September
54,Voot Kids,Voot Kids,,39.4M,Movies,1.5M,11.8K,0,Animation,September
55,Luisito Comunica,LuisitoComunicaa,Mexico,39.4M,,4M,124.2K,3.9K,,September
56,ÐœÐ°ÑˆÐ° Ð¸ ÐœÐµÐ´Ð²ÐµÐ´ÑŒ,MashaMedvedTV,,38.9M,Education,1.5M,7.8K,0,,September
57,TheEllenShow,TheEllenShow,United States,38.3M,,16.1K,411,40,,September
58,Ishtar Music,venus,India,38.1M,Music & Dance,54.5K,1.3K,17,,September
59,LUCCAS NETO - LUCCAS TOON,luccasneto,Brazil,37.9M,Movies,923.8K,16.4K,0,Animation,September
60,GR6 EXPLODE,gr6explode,Brazil,37.9M,Music & Dance,75.2K,4.8K,133,,September
61,Kimberly Loaiza,Kimberly Loaiza,Mexico,37.5M,Daily vlogs,2M,389.7K,4.1K,,September
62,Shakira,shakira,United States,37.5M,,2.1M,0,2.4K,,September
63,WorkpointOfficial,WorkpointOfficial,Thailand,37.3M,,10.6K,168,5,,September
64,Daddy Yankee,DaddyYankeeOFFTV,Colombia,36.9M,Music & Dance,0,0,0,,September
65,Toys and Colors,Toys and Colors,,36.9M,Movies,2.7M,4.5K,0,Toys,September
66,CarryMinati,AddictedA1,India,36.7M,Movies,24.7M,4.4M,170.9K,Humor,September
67,TEDx Talks,TEDxTalks,United States,36.2M,,205,4,0,,September
68,shfa2 - Ø´ÙØ§,shfa2 - Ø´ÙØ§,,36.1M,Daily vlogs,326K,3.2K,0,,September
69,shfa,shfa,France,36.1M,Daily vlogs,3.7M,52.9K,0,,September
70,Jkk Entertainment,Jkk Entertainment,India,36M,,3.9M,32.6K,450,,September
71,Masha and The Bear,Masha and The Bear,,35.7M,Animation,1.8M,7.6K,0,Toys,September
72,Super Simple Songs - Kids Songs,SuperSimpleSongs,,35.6M,Music & Dance,1.8M,3.8K,0,,September
73,Ozuna,Ozuna,United States,35.3M,Music & Dance,27.3M,116.7K,4.1K,,September
74,Goldmines Gaane Sune Ansune,Goldmines Gaane Sune Ansune,India,34.8M,Music & Dance,33.1K,271,14,,September
75,one31,gmmonetv,Thailand,34.6M,,6.6K,127,2,,September
76,Mikecrack,Mikecrack,Mexico,34.5M,Movies,2.8M,334.8K,6.1K,Animation,September
77,Like Nastya ESP,Like Nastya ESP,,34.1M,,372.4K,1.2K,0,,September
78,Maria Clara & JP,Maria Clara & JP,,33.6M,,5.9M,40K,0,,September
79,YouTube,YouTube,United States,33.6M,,258.8K,0,0,,September
80,Markiplier,markiplierGAME,United States,33.6M,Animation,2.6M,145.9K,5.8K,Video games,September
81,VEGETTA777,vegetta777,Mexico,33.6M,Video games,766.5K,57.4K,416,,September
82,Total Gaming,Total Gaming,India,33.5M,,1.2M,127.4K,6.3K,,September
83,ARY Digital HD,ARY Digital HD,Pakistan,33.5M,,10.4K,121,6,,September
84,ABP NEWS,abpnewstv,India,33.5M,News & Politics,3.5K,43,4,,September
85,Desi Music Factory,Desi Music Factory,India,33.2M,Music & Dance,3.2M,4.4K,2.5K,,September
86,Ultra Bollywood,UltraHindi,India,33.1M,,24.9K,217,9,,September
87,Sony PAL,sonypalindia,India,33.1M,,9.1K,104,8,,September
88,Geet MP3,Geet MP3,India,33.1M,Music & Dance,341.8K,22.8K,1.2K,,September
89,NoCopyrightSounds,NoCopyrightSounds,United States,32.9M,Music & Dance,362.5K,15.6K,1.2K,,September
90,Ryan's World,Ryan's World,,32.9M,Animation,826.9K,4.1K,0,Toys,September
91,HAR PAL GEO,harpalgeo,Pakistan,32.8M,,5K,44,2,,September
92,SSSniperWolf,SSSniperWolf,United States,32.7M,Humor,3.9M,107.2K,6.9K,,September
93,T-Series Apna Punjab,tseriesapnapunjab,India,32.6M,Music & Dance,30K,1.6K,31,,September
94,IndiaTV,IndiaTV,India,32.4M,News & Politics,8.6K,134,12,,September
95,KHANDESHI MOVIES,KHANDESHI MOVIES,India,32.3M,,4.5M,36.7K,579,,September
96,La Granja de ZenÃ³n,cancionesdelagranja,,31.8M,Music & Dance,668.2K,2.9K,0,Animation,September
97,GENIAL,GENIAL,Mexico,31.5M,Animation,51.5K,1.8K,68,,September
98,Eros Now Music,erosentertainment,India,31.2M,,20.5K,552,22,,September
99,Galinha Pintadinha,juptube,,31.1M,Music & Dance,21.7M,64.9K,0,,September
100,Bollywood Classics,tseriesoldisgold,India,31M,Music & Dance,30.7K,547,28,,September
101,Luis Fonsi,Luis Fonsi,United States,31M,,34.8K,3.1K,69,,September
102,SMTOWN,SMTOWN,United States,31M,Music & Dance,326K,51.4K,1.6K,,September
103,Selena Gomez,SelGomez,United States,30.9M,,347.9K,38.6K,796,,September
104,Mr Bean,MrBean,India,30.8M,,191.1K,2.7K,80,,September
105,Rajshri,rajshri,India,30.6M,,18.5K,145,8,,September
106,Ricis Official,Ricis Official,Indonesia,30.6M,Music & Dance,621.6K,27.3K,789,Movies,September
107,Trap Nation,AllTrapNation,United States,30.4M,Music & Dance,74.9K,2.6K,96,,September
108,DisneyMusicVEVO,DisneyMusicVEVO,United States,30.3M,Music & Dance,295.2K,6.1K,393,Movies,September
109,The Tonight Show Starring Jimmy Fallon,latenight,United States,30.2M,Movies,166.5K,5.6K,171,Humor,September
110,Saregama Music,SongsOfIndianCinema,India,30.1M,Music & Dance,26.6K,967,11,,September
111,AH,AH,Indonesia,30M,Music & Dance,831.5K,37.3K,2.6K,Movies,September
112,Spinnin' Records,SpinninRec,United States,29.8M,Music & Dance,56K,2.6K,74,,September
113,rezendeevil,rezendeevil,Brazil,29.6M,Movies,293.4K,28.5K,742,Humor,September
114,BabyBus - Kids Songs and Cartoons,BabyBus - Kids Songs and Cartoons,,29.6M,Animation,792.6K,4.5K,0,Toys,September
115,The Weeknd,xoxxxoooxo,United States,29.5M,Music & Dance,652.5K,50.1K,2.4K,,September
116,Jingle Toons,Jingle Toons,India,29.1M,,82.5K,830,10,,September
117,PowerKids TV,PowerKids,India,29.1M,Movies,83.5K,0,0,Animation,September
118,Worldwide Records Bhojpuri,WWRBhojpuri,India,29M,Music & Dance,85.5K,2.3K,103,,September
119,ImagineDragons,ImagineDragons,United States,28.8M,Music & Dance,133.5K,13.7K,151,,September
120,Vlad vÃ  Nikita,Vlad vÃ  Nikita,,28.8M,Movies,3.3M,24.6K,0,Humor,September
121,MrBeast Gaming,MrBeast Gaming,United States,28.8M,Animation,8.8M,419.9K,16.5K,Video games,September
122,Ultra Music,UltraRecords,United States,28.8M,Music & Dance,22.8K,824,41,,September
123,jacksepticeye,jacksepticeye,United States,28.8M,Video games,2.3M,125.6K,6.2K,,September
124,Maluma,Maluma,Colombia,28.8M,Music & Dance,45.6K,2.6K,202,,September
125,Techno Gamerz,Techno Gamerz,India,28.6M,,4M,319.5K,15.4K,,September
126,Peppa Pig - Official Channel,theofficialpeppa,,28.5M,Toys,886.3K,4.2K,0,,September
127,Wow Kidz,Wow Kidz,,28.3M,Animation,57.7K,643,0,Humor,September
128,Ù‚Ù†Ø§Ø© Ø·ÙŠÙˆØ± Ø§Ù„Ø¬Ù†Ø© | toyoraljanahtv,toyoraljanahtv,,28.3M,Music & Dance,252.3K,0,0,,September
129,DONA ë„ë‚˜,DONA ë„ë‚˜,United States,28.2M,,0,0,0,,September
130,Talking Tom,TalkingTomCat,United States,28.1M,,769.9K,839,0,,September
131,Little Angel: Nursery Rhymes & Kids Songs,Little Angel: Nursery Rhymes & Kids Songs,,28M,Toys,1.3M,7.4K,0,,September
132,KAROL G,Karolgmusic,Colombia,28M,Music & Dance,51.8M,1.7M,96.2K,,September
133,The Late Late Show with James Corden,TheLateLateShow,United States,28M,Animation,86.7K,2.3K,130,Humor,September
134,GMANetwork,GMANETWORK,Philippines,27.9M,,3.2K,78,2,,September
135,MR. INDIAN HACKER,MR. INDIAN HACKER,India,27.4M,,5.6M,451.9K,18.5K,,September
136,TheDonato,TheDonato,Mexico,27.3M,,380.6K,34.2K,678,,September
137,Zee News,zeenews,India,27.2M,News & Politics,10.8K,202,14,,September
138,infobells - Tamil,infobellstamil,,27.2M,Education,375.2K,1.8K,0,,September
139,Genevieve's Playhouse - Learning Videos for Kids,Genevieve's Playhouse - Learning Videos for Kids,,27.1M,Toys,1.3M,1.2K,0,,September
140,Diana and Roma ESP,Diana and Roma ESP,,26.7M,Animation,728.9K,3.9K,0,,September
141,ToypuddingTV,toypudding,India,26.6M,,5.3K,32,1,,September
142,à¤µà¥à¤²à¤¾à¤¦ à¤”à¤° à¤¨à¤¿à¤•à¤¿à¤¤à¤¾,à¤µà¥à¤²à¤¾à¤¦ à¤”à¤° à¤¨à¤¿à¤•à¤¿à¤¤à¤¾,,26.6M,,460K,3.9K,0,,September
143,Bounce Patrol - Kids Songs,Bounce Patrol - Kids Songs,,26.6M,Music & Dance,1M,5.9K,0,,September
144,Aditya Music,adityamusic,India,26.5M,Music & Dance,16.8K,359,17,,September
145,infobells - Telugu,infobellstelugu,,26.4M,Education,305.9K,1.4K,0,,September
146,enchufetv,enchufetv,Ecuador,26.4M,,178.2K,14.4K,71,,September
147,DanTDM,TheDiamondMinecart,United States,26.3M,Video games,1.6M,48.4K,5.1K,,September
148,WORLDSTARHIPHOP,WorldStarHipHopTV,United States,26.1M,Music & Dance,34.6K,1.1K,86,,September
149,toycantando,toycantando,,25.9M,Music & Dance,99.7K,481,0,Animation,September
150,VanossGaming,VanossGaming,United States,25.8M,Animation,1M,45.6K,647,Video games,September
151,1MILLION Dance Studio,1MILLION Dance Studio,India,25.7M,,48.6K,2.5K,36,,September
152,Renato Garcia,xSkyHeLLxx,Brazil,25.7M,Movies,1.1M,97.9K,1.5K,Animation,September
153,LosPolinesios,LosPolinesios,Mexico,25.7M,Music & Dance,1.7M,62K,2.2K,Movies,September
154,JYP Entertainment,jypentertainment,United States,25.5M,Music & Dance,219.8K,24.1K,1.3K,,September
155,BB Ki Vines,BB Ki Vines,India,25.5M,Movies,6.7M,870.8K,73.3K,Humor,September
156,Lucas and Marcus,TwiNboTzVids,United States,25.5M,Animation,1M,25.7K,1.2K,Humor,September
157,Nick Jr.,nickelodeonjuniorfr,,25.4M,Animation,76.3K,241,0,Toys,September
158,Smosh,smosh,United States,25.1M,Movies,213.1K,12.6K,437,Humor,September
159,BeyoncÃ©,beyonce,United States,25.1M,Music & Dance,5.3M,221.4K,12.5K,,September
160,Jess No Limit,Jess No Limit,Indonesia,24.9M,Movies,319.9K,11.7K,897,Animation,September
161,Goldmines Dishoom,Goldmines Dishoom,,24.8M,,28.3K,327,0,,September
162,WatchMojo.com,WatchMojo,United States,24.7M,Movies,92.3K,2.5K,310,,September
163,Nicki Minaj,NickiMinajTelevision,United States,24.7M,Music & Dance,350.5K,32.7K,2.4K,,September
164,Sandeep Maheshwari,Sandeep Maheshwari,India,24.7M,Daily vlogs,257.1K,28K,172,,September
165,Masha y el Oso,Masha y el Oso,,24.5M,Animation,562.9K,3.5K,0,,September
166,Netflix,NewOnNetflix,United States,24.5M,Movies,198.9K,3.4K,321,Animation,September
167,Raffy Tulfo in Action,Raffy Tulfo in Action,Philippines,24.5M,News & Politics,680.2K,10.5K,1K,,September
168,David Guetta,davidguettavevo,Brazil,24.5M,Music & Dance,178.2K,6.5K,369,,September
169,Post Malone,postmalone,United States,24.5M,Music & Dance,138.2K,9.8K,573,,September
170,ZHC,ZHC,United States,24.5M,Design/art,0,0,0,DIY & Life Hacks,September
171,1theK (ì›ë”ì¼€ì´),LOENENT,Indonesia,24.3M,,12.3K,1.1K,49,,September
172,Rans Entertainment,Rans Entertainment,Indonesia,24.2M,Music & Dance,894.4K,29.7K,737,Humor,September
173,Amit Bhadana,Amit Bhadana,India,24.2M,Humor,0,0,0,,September
174,Chloe Ting,Chloe Ting,United States,24.1M,Fitness,183.6K,10.7K,374,Health & Self Help,September
175,Aditya Movies,adityacinema,India,24.1M,,22.4K,496,17,,September
176,KSI,KSIOlajidebt,United Kingdom,24.1M,Music & Dance,453.8K,51.7K,1.8K,,September
177,James Charles,James Charles,United States,23.9M,Beauty,1.1M,65.3K,1.4K,Fashion,September
178,Ninja,NinjasHyper,United States,23.9M,Animation,251.4K,11.3K,613,Video games,September
179,Diana and Roma HIN,Diana and Roma HIN,,23.7M,,328K,1.7K,0,,September
180,Chris Brown,ChrisBrownTV,United States,23.7M,Music & Dance,9.8M,361.3K,19.3K,,September
181,Coldplay,ColdplayVEVO,United States,23.6M,Music & Dance,329.5K,13.7K,600,,September
182,Logan Paul,Logan Paul,United States,23.6M,Video games,0,0,0,Humor,September
183,TRANS7 OFFICIAL,TRANS7indonesia,Indonesia,23.5M,Food & Drinks,6.6K,89,8,,September
184,ABPLIVE,ABPLIVE,India,23.5M,News & Politics,2.5K,28,3,,September
185,Happy Lives,Happy Lives,,23.5M,,30.8K,218,0,,September
186,Shemaroo Movies,shemaroomovies,India,23.4M,,45K,474,12,,September
187,Troom Troom,Troom Troom,,23.4M,Animation,367.1K,3.5K,128,Toys,September
188,NickyJamTV,NickyJamTV,Colombia,23.3M,Music & Dance,26.8K,2.3K,65,Movies,September
189,Mister Max,Mister Max,Russia,23.1M,DIY & Life Hacks,1.8M,34.8K,1.3K,,September
190,Enrique Iglesias,EnriqueIglesiasPlay,United States,23M,Music & Dance,29K,2.8K,155,,September
191,Sesame Street,SesameStreet,,23M,,199.3K,517,0,,September
192,Tina Pontes,mildicasdemulher,Brazil,23M,,105.3K,4K,0,,September
193,netd mÃ¼zik,netdmuzikk,Turkey,22.9M,Music & Dance,9.3K,244,50,,September
194,Jelly,JellyYT,United States,22.9M,Video games,224.1K,10.3K,531,,September
195,Goldmines Bollywood,Goldmines Bollywood,India,22.9M,,20.2K,117,7,,September
196,Crazy XYZ,Crazy XYZ,India,22.9M,,3.7M,294.1K,10.2K,,September
197,Anuel AA,Anuel AA,Colombia,22.7M,Music & Dance,44.4M,832.6K,58.2K,Animation,September
198,DrossRotzank,DrossRotzank,Mexico,22.7M,,2.2M,150.2K,8.4K,,September
199,The Lallantop,The Lallantop,India,22.6M,News & Politics,36.9K,1K,107,,September
200,Miss Katy,Miss Katy,Russia,22.5M,Video games,1M,15.6K,667,,September
201,Frost Diamond,Frost Diamond,Indonesia,22.5M,Music & Dance,488.9K,35.1K,1.2K,Video games,September
202,HUM TV,HumNetwork,Pakistan,22.5M,,1.6K,10,0,,September
203,Like Nastya AE,Like Nastya AE,,22.4M,,456.2K,3K,0,,September
204,WB Kids,WB Kids,,22.4M,Movies,92.6K,559,0,Animation,September
205,The Chainsmokers,THECHAINSMOKERS,United States,22.3M,Humor,34.8K,1.7K,47,,September
206,Technical Guruji,Technical Guruji,India,22.3M,,178.4K,10.5K,1.2K,,September
207,GMM GRAMMY OFFICIAL,gmmgrammyofficial,Thailand,22.3M,Music & Dance,3.8K,72,3,,September
208,Venus Movies,VenusMovies,India,22.2M,,143.6K,1.2K,29,,September
209,Smile Family,Smile Family,,22.1M,Movies,78.4K,719,0,Toys,September
210,mmoshaya,mmoshaya,Saudi Arabia,22.1M,,2M,33.1K,2.2K,,September
211,America's Got Talent,AmericasGotTalent,United States,21.9M,Music & Dance,263.3K,4.2K,246,Movies,September
212,White Hill Music,WHBBP,India,21.9M,Music & Dance,22.7K,1.7K,54,,September
213,Paulo Londra,Paulo Londra,Argentina,21.9M,Music & Dance,12.5M,682.9K,24.7K,,September
214,Diana and Roma ARA,Diana and Roma ARA,,21.9M,,1.2M,8.2K,0,,September
215,TED,TEDtalksDirector,United States,21.9M,,47.5K,1.3K,162,,September
216,Goldmines Movies,goldmineshindi,India,21.7M,,9K,81,5,,September
217,FaZe Rug,oRugrat,United States,21.7M,Video games,4.1M,106.2K,7.3K,Humor,September
218,Peppa Pig EspaÃ±ol Latino - Canal Oficial,PeppaLatinoAmericano,,21.6M,Toys,624.9K,3.2K,0,,September
219,Pen Movies,PenIndiaPvtLimited,India,21.6M,Movies,56K,2.5K,79,Animation,September
220,Enaldinho,TheEnaldinhO,Brazil,21.6M,Movies,816.1K,43.8K,656,,September
221,BabyBus - Canciones Infantiles & Cuentos,BabyBus - Canciones Infantiles & Cuentos,,21.4M,Movies,478.2K,2.3K,0,Animation,September
222,MrBeast en EspaÃ±ol,MrBeast en EspaÃ±ol,Mexico,21.2M,,7.1M,265.6K,10.1K,,September
223,Like Nastya PRT,Like Nastya PRT,,21.2M,,365.6K,2.2K,0,,September
224,Juan De Dios Pantoja,Juan De Dios Pantoja,Mexico,21.2M,Daily vlogs,4.6M,237.3K,4.4K,,September
225,SSundee,SSundee,United States,21.1M,Video games,1.7M,95.1K,3.7K,,September
226,Brent Rivera,Brent Rivera,United States,21.1M,Video games,5M,201.9K,13.1K,Humor,September
227,Tasty,Tasty,United States,21.1M,Food & Drinks,112.8K,4.3K,64,,September
228,FGTeeV,FGTeeV,United States,21.1M,Animation,1.3M,18.5K,2K,Video games,September
229,Preston,PrestonPlayz,United States,21M,Animation,1.4M,53.2K,521,Video games,September
230,Charlie Puth,CharliesVlogs,United States,21M,Music & Dance,615.3K,59.8K,2.2K,,September
231,5-Minute Crafts DIY,5-Minute Crafts DIY,India,20.9M,Music & Dance,18.3K,303,9,Humor,September
232,D Billions,D Billions,,20.9M,,1M,1.2K,0,,September
233,Baim Paula,Baim Paula,Indonesia,20.9M,Music & Dance,642.4K,27.1K,2.1K,Movies,September
234,Goldmines Cineplex,Goldmines Cineplex,India,20.8M,,6.4K,84,3,,September
235,Canal Canalha,CanalCanalha,Brazil,20.7M,Sports,1.2M,146.9K,4.1K,,September
236,Kids TV - Nursery Rhymes And Baby Songs,Kids TV - Nursery Rhymes And Baby Songs,,20.7M,Toys,122.4K,379,0,,September
237,National Geographic,NationalGeographic,United States,20.5M,,40.3K,1.6K,57,,September
238,Disney LatinoamÃ©rica,DisneyChannelLA,,20.5M,,22.1K,129,0,,September
239,Brave Wilderness,Brave Wilderness,United States,20.5M,,1.6M,32.2K,3.1K,,September
240,Family GamesTV,Family GamesTV,,20.5M,,9.6K,0,0,,September
241,StarPlus,starplus,India,20.5M,,260.9K,5.6K,69,,September
242,Ultra Movie Parlour,UltraMovieParlour,India,20.3M,,40.7K,910,15,,September
243,BuzzFeedVideo,BuzzFeedVideo,United States,20.3M,Food & Drinks,33.1K,824,23,,September
244,AuthenticGames,AuthenticGames,Brazil,20.2M,Movies,26.4K,2K,114,Video games,September
245,Rotana,RotanaAudio,Saudi Arabia,20.1M,Music & Dance,153.8K,7.2K,172,,September
246,LazarBeam,LazarBeam,United States,20.1M,Animation,0,0,0,Video games,September
247,shfa show India,shfa show India,,20.1M,Daily vlogs,1.2M,9.4K,0,,September
248,SlivkiShow,SlivkiChanel,Russia,20.1M,Video games,2.8M,195.9K,21.9K,,September
249,5-Minute Crafts PLAY,5-Minute Crafts PLAY,India,20.1M,,79.7K,297,14,,September
250,REACT,TheFineBros,United States,20.1M,Humor,137.5K,5.4K,400,,September
251,Vevo,VEVO,United States,20.1M,Music & Dance,11.5K,415,5,,September
252,HaerteTest,HaerteTest,India,20M,,23.4K,151,32,,September
253,LankyBox,LankyBox,United States,20M,Video games,438K,6.6K,360,,September
254,Lyrical Lemonade,GooodLifeFilms,United States,19.9M,,2.9M,60.2K,2.9K,,September
255,Tlnovelas,TelenovelaTelevisa,Mexico,19.9M,,11.8K,282,8,,September
256,Mnet K-POP,Mnet,United States,19.9M,Music & Dance,9.5K,900,33,Animation,September
257,Pencilmation,rossbollinger,United States,19.9M,Animation,172.9K,2.5K,76,Humor,September
258,Totoy kids - PortuguÃªs,Totoy kids - PortuguÃªs,,19.9M,Animation,872.4K,4.6K,0,,September
259,Vlad and Niki Arabic,Vlad and Niki Arabic,,19.9M,,975.3K,6.5K,0,,September
260,toyorbabytv,toyorbabytv,,19.8M,Music & Dance,157.3K,0,0,,September
261,Pentatonix,PTXofficial,United States,19.7M,Music & Dance,120.3K,5.7K,103,,September
262,Dr. Vivek Bindra: Motivational Speaker,MrVivekBindra,India,19.7M,Education,172.9K,9.4K,608,,September
263,Romeo Santos,romeo,United States,19.7M,Music & Dance,837.1K,38.1K,1.6K,,September
264,Marvel Entertainment,MARVEL,United States,19.7M,Movies,299.4K,12.1K,786,Animation,September
265,Noor Stars,Noor Stars,Iraq,19.6M,Movies,1.3M,131.1K,6.5K,Humor,September
266,Got Talent Global,gottalentglobal,United States,19.5M,,127K,1.4K,57,,September
267,â˜… Kids Roma Show,â˜… Kids Roma Show,,19.5M,Animation,1.3M,8.3K,0,Toys,September
268,Gordon Ramsay,gordonramsay,United States,19.5M,Food & Drinks,153.8K,3.9K,320,Health & Self Help,September
269,Deddy Corbuzier,corbuzierprediction,Indonesia,19.5M,,4.2M,70.7K,8.1K,,September
270,Kinder Spielzeug Kanal,Kinder Spielzeug Kanal,,19.4M,Animation,83.4K,852,0,Toys,September
271,Troom Troom Es,Troom Troom Es,Mexico,19.3M,,125.7K,2.5K,72,,September
272,Infinite,Infinite,United States,19.3M,Video games,776.7K,25.3K,2.4K,Humor,September
273,Eva Bravo Play,Eva Bravo Play,,19.3M,,523.5K,3.4K,0,,September
274,Robin Hood Gamer,RobinHoodGamer1,Brazil,19.3M,Animation,1M,51.4K,784,Video games,September
275,Kurzgesagt â€“ In a Nutshell,Kurzgesagt,United States,19.3M,Education,7M,329.7K,24.7K,,September
276,Fatos Desconhecidos,fatosdesconhecidos,Brazil,19.2M,Science & Technology,194.5K,19K,683,,September
277,Beast Reacts,Beast Reacts,United States,19.1M,,12.7M,389.7K,7.1K,,September
278,Sun TV,Sun TV,India,19.1M,,89.4K,1.6K,19,,September
279,Crafty Panda,Crafty Panda,India,19.1M,Music & Dance,81.3K,571,15,,September
280,NBA,NBA,United States,19.1M,Sports,58.3K,1.7K,119,,September
281,DLS News,DLS News,India,19M,News & Politics,61.5K,1.7K,104,,September
282,Clash of Clans,OfficialClashOfClans,United States,18.9M,Movies,299.4K,14K,394,Animation,September
283,invictor,invictorgs3,Mexico,18.9M,Animation,1.3M,70.2K,982,Video games,September
284,Netflix India,Netflix India,India,18.9M,,131K,2.8K,105,,September
285,Jimmy Kimmel Live,JimmyKimmelLive,United States,18.9M,Movies,133.1K,3.4K,257,,September
286,The ACE Family,The ACE Family,United States,18.9M,Humor,702.1K,26K,2.5K,,September
287,Green Gold TV - Official Channel,greengoldtv,,18.8M,,922.6K,7.4K,0,,September
288,Britain's Got Talent,BritainsGotTalent09,United Kingdom,18.7M,Music & Dance,192.2K,1.1K,44,Movies,September
289,TRT Originals Urdu,TRT Originals Urdu,Pakistan,18.7M,,308.2K,13.6K,328,,September
290,AS Gaming,AS Gaming,India,18.7M,,370.7K,32.7K,1.1K,,September
291,TheWillyrex,TheWillyrex,Spain,18.6M,,25.4K,1.5K,0,,September
292,The Royalty Family,The Royalty Family,United States,18.5M,Humor,3.4M,90.2K,0,,September
293,Vania Mania Kids,Vania Mania Kids,,18.5M,Animation,368K,1.7K,0,Toys,September
294,CookieSwirlC,CookieSwirlC,United States,18.5M,Video games,238.1K,3.3K,535,,September
295,Official Pink Panther,PinkPanther,,18.4M,Movies,674.9K,4.8K,0,Animation,September
296,Sonotek,sonotekvideo,India,18.4M,Music & Dance,28.6K,655,58,Animation,September
297,BabyBus - Cerita & Lagu Anak-anak,BabyBus - Cerita & Lagu Anak-anak,,18.4M,Movies,626.4K,4.5K,0,Humor,September
298,KBS WORLD TV,kbsworld,Indonesia,18.4M,,5.3K,137,6,,September
299,MiawAug,MiawAug,Indonesia,18.4M,Video games,850.7K,35.4K,2.1K,,September
300,CKN,CKN,,18.3M,Video games,235.3K,1.4K,0,Toys,September
301,HiMan,HiMan,Russia,18.3M,Video games,1.6M,76.9K,2.4K,,September
302,ElTrollino,ElTrollino,Mexico,18.3M,Animation,3.5M,102.6K,2.8K,Video games,September
303,Unbox Therapy,Unbox Therapy,United States,18.3M,Science & Technology,1.2M,28.2K,3.3K,,September
304,Turma da MÃ´nica,turmadamonicaTV,,18.2M,,127.3K,1.2K,0,,September
305,Diana and Roma EN,TheElenaYa,,18.2M,Animation,701.1K,2.8K,0,Toys,September
306,Heidi & Zidane à¤¬à¤šà¥à¤šà¥‹à¤‚ à¤•à¥€ à¤•à¤¹à¤¾à¤¨à¤¿à¤¯à¤¾à¤,Heidi & Zidane à¤¬à¤šà¥à¤šà¥‹à¤‚ à¤•à¥€ à¤•à¤¹à¤¾à¤¨à¤¿à¤¯à¤¾à¤,,18.2M,Daily vlogs,165.1K,1.3K,0,,September
307,Ninja Kidz TV,Ninja Kidz TV,United States,18.2M,Video games,793.9K,18.8K,1.3K,,September
308,INCRÃVEL,INCRÃVEL,,18.2M,Animation,26.1K,1.3K,33,,September
309,TheOdd1sOut,TheOdd1sOut,United States,18.1M,Movies,1.1M,44.2K,1.6K,Animation,September
310,Dan-Sa / Daniel Saboya,DanielSaboya,Brazil,18.1M,Music & Dance,40.7K,1.3K,48,Animation,September
311,Emiway Bantai,Emiway Bantai,India,18.1M,Music & Dance,1.6M,208.5K,23.6K,,September
312,GEN HALILINTAR,GEN HALILINTAR,Indonesia,18.1M,Music & Dance,195.7K,10.4K,238,Humor,September
313,ÐœÐ¸Ñ€Ð¾ÑˆÐºÐ° Ð¢Ð’,ÐœÐ¸Ñ€Ð¾ÑˆÐºÐ° Ð¢Ð’,United States,18.1M,,15K,87,3,,September
314,Vsauce,Vsauce,United States,18.1M,Science & Technology,318.9K,17.6K,489,,September
315,Farruko,farrukotv,United States,18.1M,Music & Dance,641.6K,39.6K,1.8K,,September
316,Kids Channel India - Hindi Rhymes and Baby Songs,Kids Channel India - Hindi Rhymes and Baby Songs,,18M,Education,120.2K,1K,0,,September
317,SCTV,SCTVIndonesia,Indonesia,17.9M,Music & Dance,24.2K,410,23,Movies,September
318,Village Cooking Channel,Village Cooking Channel,India,17.9M,,4.7M,262.5K,5.5K,,September
319,Like Nastya Vlog,Like Nastya Vlog,,17.9M,Daily vlogs,415.9K,1.8K,0,,September
320,Good Mythical Morning,rhettandlink2,United States,17.9M,Food & Drinks,1.2M,34.6K,1.4K,,September
321,Naisa Alifia Yuriza (N.A.Y),Naisa Alifia Yuriza (N.A.Y),Indonesia,17.9M,Music & Dance,908.3K,35.5K,596,Movies,September
322,Lil Pump,Lil Pump,United States,17.9M,Music & Dance,1.3M,77.6K,8.1K,,September
323,Demi Lovato,therealdemilovato,United States,17.8M,Music & Dance,53.5K,5.3K,136,,September
324,Marmok,dj47maryn,Russia,17.8M,Animation,3.9M,377.1K,17.6K,Video games,September
325,RsiamMusic : à¸­à¸²à¸£à¹Œà¸ªà¸¢à¸²à¸¡,rsiammusic,Thailand,17.8M,Music & Dance,10.1K,274,9,,September
326,ÐŸÐ¾Ð·Ð½Ð°Ð²Ð°Ñ‚ÐµÐ»ÑŒ,ThePoznavatel,Russia,17.7M,Toys,3.1M,65.6K,2.4K,DIY & Life Hacks,September
327,TheGrefg,TheGrefg,Spain,17.7M,Animation,986.1K,74.8K,1.3K,Video games,September
328,Ali-A,Matroix,United States,17.7M,Video games,466.4K,13.6K,904,,September
329,Little Angel EspaÃ±ol - Canciones Infantiles,Little Angel EspaÃ±ol - Canciones Infantiles,,17.7M,Animation,425.6K,2.6K,0,,September
330,Vlad and Niki IDN,Vlad and Niki IDN,,17.7M,Music & Dance,605.5K,2.5K,0,Movies,September
331,Mother Goose Club Playhouse,SockeyeMedia,,17.7M,Music & Dance,62.9K,160,0,,September
332,etvteluguindia,etvteluguindia,India,17.6M,,18.8K,211,3,,September
333,Khan GS Research Centre,Khan GS Research Centre,India,17.6M,Education,7.1M,540.4K,23.2K,,September
334,SebastiÃ¡n Yatra,SebastianYatra,Colombia,17.6M,Music & Dance,84.9K,5.3K,389,,September
335,TED-Ed,TEDEducation,United States,17.5M,Science & Technology,202.5K,12.3K,358,,September
336,officialpsy,officialpsy,United States,17.5M,Music & Dance,3.2M,258.4K,7.4K,,September
337,Porta dos Fundos,portadosfundos,Brazil,17.4M,Movies,738.9K,73.6K,725,Animation,September
338,Kiddiestv Hindi - Nursery Rhymes & Kids Songs,Kiddiestv Hindi - Nursery Rhymes & Kids Songs,,17.4M,Education,55.6K,210,0,,September
339,Junya Official Channel,Junya Official Channel,Japan,17.4M,,2.1M,24.1K,132,,September
340,RobleisIUTU,RobleisIUTU,Argentina,17.4M,Movies,838.8K,57K,1.9K,Animation,September
341,Maya and Mary,Maya and Mary,,17.4M,Toys,1.6K,0,0,Education,September
342,Rafa & Luiz,Rafa & Luiz,Brazil,17.4M,Video games,587.5K,33K,703,,September
343,Masha e o Urso,Masha e o Urso,,17.4M,,489.1K,3.6K,0,,September
344,Stubborn Facts,Stubborn Facts,India,17.3M,,66.7K,3.4K,166,,September
345,SQUEEZIE,aMOODIEsqueezie,France,17.3M,,5.3M,423K,7.9K,,September
346,EeOneGuy,EeOneGuy,Russia,17.3M,Music & Dance,204.6K,13.2K,5.6K,,September
347,SUPER SLICK SLIME SAM,SUPER SLICK SLIME SAM,Mexico,17.2M,,222.2K,6.7K,176,,September
348,Willyrex,Willyrex,Mexico,17.2M,Video games,151.9K,13.2K,66,,September
349,Grammy Gold Official,grammygoldofficia,Thailand,17.2M,Music & Dance,15K,312,9,,September
350,DUDU e CAROL,DUDU e CAROL,Brazil,17.2M,,3.1M,188.3K,1.1K,,September
351,Ø´Ø¨ÙƒØ© Ø§Ù„Ø¹Ø§Ø¨ Ø§Ù„Ø¹Ø±Ø¨ | Arab Games Network,ArabGamesNetwork,Algeria,17.2M,,307.5K,28.2K,1.4K,,September
352,Sourav Joshi Vlogs,Sourav Joshi Vlogs,India,17M,Daily vlogs,5.8M,532.3K,13.9K,,September
353,IGN,IGNentertainment,United States,17M,,45.7K,1K,105,,September
354,Jason Derulo,JasonDerulo,United States,17M,Music & Dance,68.1K,4.5K,66,,September
355,Guava Juice,aynakoitsroi,United States,17M,,217.4K,6.3K,708,,September
356,7clouds,monstafluffmusicTV,United States,16.9M,Music & Dance,233.6K,5.2K,175,,September
357,Jane ASMR ì œì¸,Jane ASMR ì œì¸,United States,16.9M,Daily vlogs,290K,5.6K,285,,September
358,Anitta,AnittaOficial,Brazil,16.9M,Music & Dance,3.2M,132.5K,9.1K,,September
359,Doggy Doggy Cartoons,kidstvsongs,,16.8M,,3.1K,50,0,,September
360,Triggered Insaan,Triggered Insaan,India,16.8M,Humor,5.6M,521.3K,15.7K,,September
361,SOMOY TV,SOMOY TV,Bangladesh,16.8M,Daily vlogs,8.3K,185,13,,September
362,Dhar Mann,Dhar Mann,United States,16.8M,Health & Self Help,5.8M,130.7K,6.1K,,September
363,Dushyant kukreja,Dushyant kukreja,India,16.7M,,3.7M,245.3K,531,,September
364,Manual do Mundo,iberethenorio,Brazil,16.7M,Science & Technology,411.5K,53.3K,645,,September
365,Shemaroo Comedy,indiancomedy,India,16.7M,,98.9K,913,26,,September
366,TheBrianMaps,TheBrianMaps,Russia,16.6M,Video games,3.1M,204.3K,11.4K,Humor,September
367,Tu COSMOPOLIS,Tu COSMOPOLIS,Mexico,16.6M,News & Politics,78.6K,6.2K,534,,September
368,DeToxoMoroxo,jquintanac5,Mexico,16.6M,Movies,571.9K,34.6K,9.1K,Animation,September
369,Alejo Igoa,Alejo Igoa,Argentina,16.6M,DIY & Life Hacks,6.8M,293.5K,76.7K,,September
370,Goldmines Great Indian Comedy,Goldmines Great Indian Comedy,India,16.6M,,14.1K,180,9,,September
371,zbing z.,zbingzbing,Thailand,16.5M,Animation,390.3K,15.6K,541,Video games,September
372,SonyMusicSouthVEVO,SonyMusicSouthVEVO,,16.5M,Music & Dance,21K,577,21,,September
373,tanboy kun,tanboy kun,Indonesia,16.5M,Music & Dance,2M,47.5K,2.1K,,September
374,IDEAS EN 5 MINUTOS,IDEAS EN 5 MINUTOS,Mexico,16.5M,,39.8K,335,8,,September
375,Apple,Apple,,16.4M,Music & Dance,2.3M,27.5K,0,Animation,September
376,Zuni and Family,Zuni and Family,,16.4M,Daily vlogs,225.5K,1.3K,0,,September
377,Prajapati News,Prajapati News,India,16.4M,,24.7K,1.3K,64,,September
378,Sandra Cires Art,Sandra Cires Art,Colombia,16.4M,,412K,37.4K,537,,September
379,Blippi - Educational Videos for Kids,Blippi - Educational Videos for Kids,,16.4M,Education,1.3M,4.2K,0,Toys,September
380,Sidemen,Sidemen,United Kingdom,16.4M,Video games,10.2M,412.2K,10.6K,Humor,September
381,ExtraPolinesios,ppextras,Mexico,16.4M,Daily vlogs,131.8K,5.6K,157,,September
382,Dan Rhodes,Dan Rhodes,India,16.3M,Animation,1.8M,119K,409,Toys,September
383,RKD Studios,rkddigital,India,16.3M,,171.4K,1.9K,56,,September
384,Antrax,Antrax,Mexico,16.3M,Video games,570.5K,41.4K,1.5K,,September
385,The Game Theorists,MatthewPatrick13,United States,16.2M,Science & Technology,2.3M,123.9K,5.9K,,September
386,Queen Official,queenofficial,United States,16.2M,Music & Dance,0,0,0,Movies,September
387,Fede Vigevani,Fede Vigevani,Mexico,16.2M,,3.5M,202.7K,10.6K,,September
388,FailArmy,failarmy,United States,16.2M,Animation,2.6M,28.6K,2.1K,Humor,September
389,El Reino a Jugar,El Reino a Jugar,,16.2M,Education,400.7K,1.8K,0,Toys,September
390,Katie Angel,Katie Angel,Mexico,16.1M,,306.1K,25.9K,173,,September
391,Les' Copaque Production,lescopaque,Indonesia,16.1M,,74.9K,878,35,,September
392,VICE,vice,United States,16.1M,News & Politics,414.4K,5.6K,1.3K,,September
393,Kaykai Salaider,Kaykai Salaider,Thailand,16.1M,Movies,1.1M,103.6K,4.7K,Humor,September
394,Boyce Avenue,boyceavenue,Brazil,16M,Music & Dance,314.7K,11.5K,450,,September
395,Marques Brownlee,marquesbrownlee,United States,16M,Science & Technology,2.7M,127K,4.3K,,September
396,Sony AATH,Sony AATH,Bangladesh,16M,,59.2K,1K,40,,September
397,YOLO AVENTURAS,YOLO AVENTURAS,Mexico,16M,,1.7M,140.7K,708,,September
398,Zhong,Zhong,United States,16M,,3.4M,252.5K,1.5K,,September
399,jeffreestar,jeffreestar,United States,16M,Beauty,1.2M,50K,5.5K,,September
400,Aayu and Pihu Show,Aayu and Pihu Show,India,16M,Movies,3.1M,71.3K,4.2K,Humor,September
401,DopeLyrics,DopeLyrics,United States,16M,Music & Dance,10.3K,272,28,,September
402,JJ Olatunji,KSIOlajidebtHD,United States,16M,,3.9M,286.4K,11.9K,,September
403,Zappy Toons - Hindi Nursery Rhymes and Stories,Zappy Toons - Hindi Nursery Rhymes and Stories,,16M,Education,317.5K,1.5K,0,,September
404,Smile Family Spanish,Smile Family Spanish,,15.9M,,440.7K,2.5K,0,,September
405,Jason Vlogs,Jason Vlogs,,15.9M,Animation,454.3K,2.1K,0,Toys,September
406,AMARINTV : à¸­à¸¡à¸£à¸´à¸™à¸—à¸£à¹Œà¸—à¸µà¸§à¸µ,AMARINTV : à¸­à¸¡à¸£à¸´à¸™à¸—à¸£à¹Œà¸—à¸µà¸§à¸µ,Thailand,15.9M,News & Politics,6.4K,93,7,,September
407,Ivana Alawi,Ivana Alawi,Philippines,15.8M,Daily vlogs,3.7M,196.8K,11.6K,,September
408,Matt Stonie,MegatoadStonie,United States,15.8M,Food & Drinks,1.2M,52.3K,2.5K,,September
409,Pitbull,PitbullMusic,United States,15.8M,Music & Dance,18.5K,1.6K,43,,September
410,Caeli YT,CaELiKe,,15.8M,,43.4K,1.6K,199,,September
411,News24,News24page,India,15.8M,News & Politics,5.8K,110,10,,September
412,Pop Chartbusters,popchartbusters,India,15.8M,Music & Dance,36.9K,10.1K,37,,September
413,Rotten Tomatoes Trailers,movieclipsTRAILERS,United States,15.8M,Movies,41.9K,659,71,Animation,September
414,AdMe,AdMe,Russia,15.8M,Animation,50.5K,1.5K,81,,September
415,Gato Galactico | GALÃXIA,OGatoGalactico,Brazil,15.6M,Animation,90.4K,4.9K,78,,September
416,And TV,And TV,India,15.6M,,8.9K,104,4,,September
417,Roman Atwood Vlogs,RomanAtwoodVlogs,United States,15.6M,Movies,311K,0,995,Humor,September
418,Dyland PROS,Dyland PROS,Indonesia,15.5M,Movies,33.3K,2.1K,98,Animation,September
419,FitDance,portalfitdance,,15.5M,Music & Dance,32.9K,1.1K,16,,September
420,RCTI - LAYAR DRAMA INDONESIA,RCTI - LAYAR DRAMA INDONESIA,Indonesia,15.4M,Music & Dance,20K,353,22,Movies,September
421,Camilo,CamiloMusicaVideo,Colombia,15.4M,Music & Dance,157K,9.3K,125,,September
422,MrBeast Shorts,MrBeast Shorts,United States,15.4M,Daily vlogs,15.5M,1.3M,4.8K,,September
423,Like Nastya VNM,Like Nastya VNM,,15.4M,,524.8K,0,0,,September
424,SriBalajiMovies,SriBalajiMovies,India,15.4M,,12.9K,85,2,,September
425,LOKESH GAMER,LOKESH GAMER,India,15.4M,,349.2K,40.6K,1.5K,,September
426,T3ddy,T3DDYgames,Brazil,15.3M,Daily vlogs,801.5K,79.9K,2.2K,,September
427,Stokes Twins,alanalan9635,United States,15.3M,Video games,11.9M,404.6K,40.2K,Humor,September
428,With Kids[ìœ„ë“œí‚¤ì¦ˆ],With Kids[ìœ„ë“œí‚¤ì¦ˆ],United States,15.3M,,71.1K,0,0,,September
429,Kerajinan 5-Menit,Kerajinan 5-Menit,Indonesia,15.2M,Music & Dance,17K,147,6,,September
430,Like Nastya IDN,Like Nastya IDN,,15.2M,Music & Dance,150.6K,0,0,Movies,September
431,Oyuncak AvÄ±,Oyuncak AvÄ±,,15.2M,,284.8K,0,15,,September
432,Dangal TV Channel,Dangal TV Channel,India,15.2M,,63.8K,956,6,,September
433,5-Minute Crafts FAMILY,5-Minute Crafts FAMILY,United States,15.2M,,16.1K,175,9,,September
434,SAM SMITH,SAM SMITH,United States,15.2M,,29.9K,2K,61,,September
435,Ch7HD,bbtvch7,Thailand,15.2M,,7.1K,135,2,,September
436,TheRichest,TheRichest,United States,15.2M,News & Politics,22.2K,644,81,,September
437,POPS Kids,popskids,Indonesia,15.2M,Animation,4.1K,53,0,,September
438,Ø­ÙØ±Ù Ø¥Ø¨Ø¯Ø§Ø¹ÙŠØ© ÙÙŠ 5 Ø¯Ù‚Ø§Ø¦Ù‚,Ø­ÙØ±Ù Ø¥Ø¨Ø¯Ø§Ø¹ÙŠØ© ÙÙŠ 5 Ø¯Ù‚Ø§Ø¦Ù‚,Egypt,15.1M,,35.8K,344,16,,September
439,Lahari Music | T-Series,laharimusic,India,15.1M,Music & Dance,30.6K,1.3K,23,,September
440,LEGO,LEGO,United States,15.1M,Animation,54.8K,666,0,,September
441,ÐÐ¢Ð’,ntvru,Russia,15M,News & Politics,82.3K,901,216,,September
442,Henrique e Juliano,hejproducao,Brazil,15M,Music & Dance,71.8K,3.7K,152,,September
443,Mariale,Mariale,Mexico,15M,,154.7K,7K,285,,September
444,Talking Tom & Friends,TalkingFriends,United States,15M,Animation,220.6K,2.3K,0,Humor,September
445,Makiman131,Makiman131,Spain,15M,Movies,279.5K,15.6K,604,Animation,September
446,Ranz Kyle,ranziscool,Philippines,15M,Humor,786.3K,27.4K,881,,September
447,Volga Video,newvolgavideo,India,15M,,5.3K,43,2,,September
448,Harsh Beniwal,Harsh Beniwal,India,15M,Movies,13.8M,1.2M,31.6K,Humor,September
449,NichLmao,NichLmao,United States,15M,Daily vlogs,4.7M,361.2K,2K,,September
450,Super Senya,Super Senya,,15M,Animation,37.2K,167,0,Toys,September
451,LIV Crime,LIV Crime,India,15M,Daily vlogs,95.5K,1.1K,35,,September
452,Niana Guerrero,Niana Guerrero,Philippines,15M,Music & Dance,1M,31.5K,1.1K,Humor,September
453,Wow Kidz Action,Wow Kidz Action,,15M,,1.3M,9.1K,0,,September
454,League of Legends,RiotGamesInc,United States,15M,Movies,515.8K,33.5K,1.1K,Animation,September
455,GMMTV OFFICIALâ€‹â€‹,GMMTVSPOTLIKE,Thailand,15M,Music & Dance,24.9K,544,14,Movies,September
456,Kwebbelkop,kwebbelkop,United States,15M,Animation,100.2K,3K,284,Video games,September
457,La Rosa de Guadalupe,La Rosa de Guadalupe,Mexico,14.9M,,90.8K,865,19,,September
458,NDTV India,ndtvindia,India,14.9M,News & Politics,12.7K,305,33,,September
459,BBC News Hindi,bbchindi,India,14.9M,News & Politics,167.3K,0,311,,September
460,MK MUSIC,mkmusicnews,Brazil,14.9M,Music & Dance,20.4K,1.9K,33,,September
461,Dave and Ava - Nursery Rhymes and Baby Songs,Dave and Ava - Nursery Rhymes and Baby Songs,,14.9M,Education,212K,906,0,,September
462,Linus Tech Tips,LinusTechTips,United States,14.9M,Science & Technology,1.5M,66.6K,3K,,September
463,Lachlan,Lachlan,United States,14.9M,Video games,420.1K,19.9K,612,,September
464,Plim Plim - Kids Songs & Episodes - Spanish,elcanaldePlimPlim,,14.8M,Music & Dance,735.1K,5.5K,0,,September
465,Daniel LaBelle,Daniel LaBelle,United States,14.8M,,23.1M,459.4K,2.9K,,September
466,ZÃ© Neto e Cristiano,zncoficial,Brazil,14.8M,,29.5K,3.2K,39,,September
467,iTownGamePlay *Terror&DiversiÃ³n*,iTownGamePlay,Mexico,14.8M,News & Politics,134.5K,5.2K,291,,September
468,les boys tv2,les boys tv2,France,14.8M,Sports,7.4K,0,0,,September
469,NMF News,narendramodionline,India,14.7M,News & Politics,12.6K,299,35,,September
470,Planeta das GÃªmeas,Planeta das GÃªmeas,,14.7M,Toys,432.2K,17.9K,57,,September
471,News18 India,News18 India,India,14.7M,News & Politics,2.7K,46,2,,September
472,TWICE,TWICE,Philippines,14.7M,Music & Dance,565.9K,61.6K,500,Movies,September
473,IDEIAS INCRÃVEIS,IDEIAS INCRÃVEIS,Brazil,14.7M,,13.6K,257,6,,September
474,LEGENDA FUNK,LEGENDA FUNK,Brazil,14.7M,Music & Dance,6.7K,268,9,Animation,September
475,Thairath Online,thairathonline,Thailand,14.7M,News & Politics,16.9K,233,23,,September
476,Jorge & Mateus Oficial,jemproducoes,Brazil,14.6M,Music & Dance,1.1M,12.8K,250,,September
477,MattyBRaps,MattyBRaps,United States,14.6M,Music & Dance,3.5M,15.2K,0,Movies,September
478,Bollywood Classics,BollywoodClassics,India,14.6M,Music & Dance,40.5K,305,11,,September
479,Ø­Ù‚Ø§Ø¦Ù‚ ÙˆØ£Ø³Ø±Ø§Ø±,Ø­Ù‚Ø§Ø¦Ù‚ ÙˆØ£Ø³Ø±Ø§Ø±,Egypt,14.6M,,0,0,0,,September
480,Team Films Bhojpuri,TeamFilmsBhojpuri,India,14.6M,Music & Dance,17.6K,442,48,Movies,September
481,Daftar Populer,Daftar Populer,Indonesia,14.6M,News & Politics,99K,1.9K,199,,September
482,Major Lazer Official,majorlazer,United States,14.6M,Music & Dance,28.7K,1.5K,95,Movies,September
483,Drawblogs,Drawblogs,Mexico,14.6M,Movies,19.1K,858,58,Animation,September
484,Maha Fun Tv,Maha Fun Tv,India,14.6M,,68.2K,1.7K,145,,September
485,CollegeHumor,collegehumor,United States,14.6M,Movies,146K,7.4K,817,Humor,September
486,Fueled By Ramen,FueledByRamen,United States,14.6M,,36.9K,2K,114,,September
487,Canal Nostalgia,Canal Nostalgia,,14.6M,Science & Technology,209.8K,41.5K,286,,September
488,Johny FamilyShow,Johny FamilyShow,,14.5M,Music & Dance,88.4K,303,0,Toys,September
489,XpressTV,XpressTV,Mexico,14.5M,Science & Technology,1.4M,48.5K,556,,September
490,Arif muhammad,Arif muhammad,Indonesia,14.5M,Music & Dance,2.9M,77.6K,3.2K,Movies,September
491,Mobile Legends: Bang Bang Official,Mobile Legends: Bang Bang Official,Indonesia,14.5M,Movies,420.7K,3.1K,26,Animation,September
492,Zach King,Zach King,United States,14.5M,Movies,633.7K,0,899,Humor,September
493,Fun For Kids TV - Hindi Rhymes,Fun For Kids TV - Hindi Rhymes,,14.5M,,522.3K,2.9K,0,,September
494,Busy Fun Ltd,Busy Fun Ltd,India,14.5M,,9M,35.5K,584,,September
495,Boram Tube ToysReview [ë³´ëžŒíŠœë¸Œ í† ì´ë¦¬ë·°],Boram Tube ToysReview [ë³´ëžŒíŠœë¸Œ í† ì´ë¦¬ë·°],,14.5M,Daily vlogs,28.1K,273,0,,September
496,Super Polina,Super Polina,Russia,14.5M,,8.9K,61,0,,September
497,Martin Garrix,MartinGarrix,United States,14.4M,Music & Dance,54K,5.1K,103,,September
498,The Slow Mo Guys,theslowmoguys,United States,14.4M,,946.9K,62.9K,2.8K,,September
499,It's Mamix,It's Mamix,Russia,14.4M,DIY & Life Hacks,2.9M,0,5.2K,,September
500,Chad Wild Clay,chadwildclay,United States,14.4M,Movies,2.2M,38.2K,6.5K,Humor,September
501,Gyan Gamingã…¤,Gyan Gamingã…¤,India,14.4M,,371.8K,38.6K,863,,September
502,Unspeakable,Unspeakable,United States,14.4M,Video games,3.3M,62.7K,7.2K,Humor,September
503,Totoy kids - EspaÃ±ol,Totoy kids - EspaÃ±ol,,14.4M,Toys,731.3K,3.4K,0,,September
504,PlayStation,PlayStation,United States,14.4M,,43.8K,1.4K,158,,September
505,Genierock,Genierock,Thailand,14.4M,Music & Dance,100.7K,988,64,,September
506,CoryxKenshin,CoryxKenshin,United States,14.4M,Video games,7.5M,528.3K,34.1K,Humor,September
507,Aphmau,ChallengeAcceptedInc,United States,14.3M,Animation,2.5M,59.8K,4.4K,Video games,September
508,ABS-CBN News,TheABSCBNNews,Philippines,14.3M,News & Politics,5.4K,50,4,,September
509,Mohamed Ramadan I Ù…Ø­Ù…Ø¯ Ø±Ù…Ø¶Ø§Ù†,MRamadanOfficial,Egypt,14.2M,Music & Dance,2.4M,59.4K,4.1K,,September
510,Zach Choi ASMR,Zach Choi ASMR,United States,14.2M,Daily vlogs,166.7K,11K,114,,September
511,Camila Loures,camilaloures,Brazil,14.2M,Movies,239.9K,18.8K,325,Humor,September
512,Anasala I Ø£Ù†Ø³ Ùˆ Ø£ØµØ§Ù„Ø©,Anasala I Ø£Ù†Ø³ Ùˆ Ø£ØµØ§Ù„Ø©,Egypt,14.2M,,2.7M,194.2K,7.7K,,September
513,CNN,CNN,United States,14.2M,Music & Dance,323.2K,4.7K,4.2K,Animation,September
514,Gulshan Kalra,Gulshan Kalra,India,14.2M,,8.9M,477.6K,561,,September
515,Taarak Mehta Ka Ooltah Chashmah,Taarak Mehta Ka Ooltah Chashmah,India,14.2M,,348K,5.7K,88,,September
516,UFC - Ultimate Fighting Championship,UFC,United States,14.2M,Sports,135.8K,3K,301,,September
517,Trap City,OfficialTrapCity,United States,14.2M,Music & Dance,35.5K,1.8K,76,,September
518,O Canal do JoÃ£ozinho - Little Angel PortuguÃªs,O Canal do JoÃ£ozinho - Little Angel PortuguÃªs,,14.2M,Animation,764.1K,3.5K,0,,September
519,Daily Dose Of Internet,Daily Dose Of Internet,United States,14.1M,Animals & Pets,5.1M,249.5K,9.8K,,September
520,#Refugio Mental,#Refugio Mental,Argentina,14.1M,Movies,566.8K,6.6K,80,,September
521,A2 Motivation by {Arvind Arora},A2 Motivation by {Arvind Arora},India,14.1M,,342.1K,47.1K,208,,September
522,EdisonPts,EdisonPts,Russia,14.1M,Video games,2M,144.9K,6.9K,,September
523,Ð¢Ñ€ÑƒÐ¼ Ð¢Ñ€ÑƒÐ¼,Ð¢Ñ€ÑƒÐ¼ Ð¢Ñ€ÑƒÐ¼,,14.1M,Humor,237.2K,2.9K,104,Toys,September
524,DM - Desi Melodies,DM - Desi Melodies,India,14M,Music & Dance,15.4M,321.1K,18.6K,,September
525,Saad Lamjarred | Ø³Ø¹Ø¯ Ù„Ù…Ø¬Ø±Ø¯,SaadLamjarredTV,Morocco,14M,Music & Dance,2M,74.7K,8.4K,,September
526,F2Freestylers - Ultimate Soccer Skills Channel,F2Freestylers,United Kingdom,14M,Sports,957.6K,0,328,,September
527,Blippi EspaÃ±ol,Blippi EspaÃ±ol,,14M,Toys,485.6K,1.7K,0,Education,September
528,Doc Tops,Doc Tops,Mexico,14M,Animation,1.3M,58.6K,805,,September
529,AM3NlC,AM3NlC,Brazil,14M,Food & Drinks,190.6K,19.9K,276,,September
530,FC Barcelona,fcbarcelona,United States,14M,Sports,224.7K,14K,262,,September
531,ÐœÐ°ÑÑ‚ÐµÑ€ÑÐºÐ°Ñ ÐÐ°ÑÑ‚Ñ€Ð¾ÐµÐ½Ð¸Ñ,MasterskayaNastroeny,Russia,14M,Movies,408.9K,10.4K,209,Video games,September
532,Bie The Ska,bomberball,Thailand,14M,,384.5K,12.2K,265,,September
533,Auron,Auron,Mexico,14M,Video games,2M,112.6K,1.8K,,September
534,NikkieTutorials,NikkieTutorials,United States,14M,Design/art,1.7M,165.3K,752,Beauty,September
535,Mis Pastelitos,mispastelitosyoutub,Mexico,13.9M,Food & Drinks,864.6K,33.4K,1.2K,,September
536,Mazhavil Manorama,MazhavilManorama,India,13.8M,,9.6K,106,4,,September
537,Rosanna Pansino,RosannaPansino,United States,13.8M,DIY & Life Hacks,206.3K,8.8K,224,,September
538,MNCTV OFFICIAL,MNCTVOfficial,Indonesia,13.8M,Music & Dance,2K,40,1,,September
539,Hongyu ASMR í™ìœ ,Hongyu ASMR í™ìœ ,United States,13.8M,ASMR,666.7K,8.9K,258,,September
540,Kuplinov â–º Play,Kuplinov â–º Play,Russia,13.8M,Video games,1.3M,83.6K,2.3K,,September
541,MY FAMILY,MY FAMILY,India,13.8M,,3.7M,14.2K,220,,September
542,CrashCourse,crashcourse,United States,13.8M,Science & Technology,48.6K,1.8K,65,,September
543,SMOL,SMOL,United States,13.8M,,359.4K,16.3K,18,,September
544,ADEL et SAMI,ADEL et SAMI,France,13.8M,Music & Dance,63.3K,487,0,Humor,September
545,MSA previously My Story Animated,MSA previously My Story Animated,United States,13.8M,Animation,7.6M,200.4K,6.7K,Humor,September
546,Jake Fellman,Jake Fellman,United States,13.8M,,216.5K,9.1K,44,,September
547,TazerCraft,TazerCraft,Brazil,13.8M,Movies,462.4K,27K,493,Animation,September
548,MAIKI021,MAIKI021,Brazil,13.8M,Movies,30.2K,3.7K,75,Animation,September
549,NOBRU,NOBRU,Brazil,13.8M,Video games,146.4K,21.8K,174,Toys,September
550,DangMattSmith,dangmattsmith,,13.7M,Animation,114.3K,4.2K,436,Humor,September
551,Wengie,WWWengie,United States,13.7M,DIY & Life Hacks,74.5K,3.5K,270,,September
552,Zig & Sharko,Zig & Sharko,,13.7M,,387.5K,2.9K,0,,September
553,Aadishakti Films,Aadishakti Films,,13.7M,Music & Dance,61.1K,2.8K,231,,September
554,Lyna,SrtaLynaV,Mexico,13.7M,Movies,458.2K,23.7K,1.4K,Animation,September
555,5-Minute Crafts Recycle,5-Minute Crafts Recycle,India,13.6M,,38.5K,323,11,,September
556,Vlad and Niki ESP,Vlad and Niki ESP,,13.6M,,621.8K,2.9K,0,,September
557,Harry Styles,Harry Styles,United States,13.6M,Music & Dance,0,0,0,,September
558,Vlad and Niki ARA,Vlad and Niki ARA,,13.6M,,381.4K,2.9K,0,,September
559,Neha Kakkar,NehaKakkarOfficial,India,13.6M,Music & Dance,130.5K,8.3K,133,,September
560,ABC News,ABCNews,United States,13.6M,News & Politics,12.5K,148,116,,September
561,Narins Beauty,Narins Beauty,Iraq,13.6M,,2.9M,224.4K,12.2K,,September
562,Telemundo,telemundotv,Argentina,13.6M,,72.2K,2.4K,156,,September
563,TV Ana Emilia,TV Ana Emilia,Mexico,13.6M,,264.9K,11.4K,1.2K,,September
564,YOLO,YOLO,Mexico,13.6M,,1.1M,87.4K,1.2K,,September
565,The World Adventures à¤¹à¤¿à¤¨à¥à¤¦à¥€,The World Adventures à¤¹à¤¿à¤¨à¥à¤¦à¥€,,13.5M,Daily vlogs,17.1K,996,33,,September
566,ZEE5,ZEE5,India,13.5M,,394,6,0,,September
567,Wesley SafadÃ£o,bandagarotasafada,Brazil,13.5M,Music & Dance,30.4K,1.8K,36,,September
568,PlayHard,boplayhard,Brazil,13.5M,,458.5K,67.8K,114,,September
569,Online Job,Online Job,India,13.5M,,7.9K,203,38,,September
570,Lindsey Stirling,lindseystomp,United States,13.5M,Music & Dance,241.1K,20.1K,994,Movies,September
571,Wish 107.5,Wish 107.5,Philippines,13.5M,Music & Dance,178.2K,4K,331,,September
572,Kurt Hugo Schneider,Kurt Hugo Schneider,United States,13.4M,,859.6K,2.6K,77,,September
573,FAPTV,FAPtivi,United States,13.4M,Animation,3.1M,0,1.2K,Humor,September
574,How Ridiculous,whoisjimmy,United States,13.4M,Video games,1.3M,52.3K,2.3K,,September
575,Gallina Pintadita,GallinaPintadita,,13.4M,Animation,297K,1.5K,0,,September
576,H2ODelirious,H2ODelirious,United States,13.4M,Animation,113.3K,6.2K,217,Video games,September
577,123 GO! Spanish,123 GO! Spanish,Mexico,13.4M,Animation,475.2K,5.5K,75,,September
578,Atlantic Records,AtlanticVideos,United States,13.4M,Music & Dance,9.2K,422,11,,September
579,PrestonPlayz,PrestonPlayz,United States,13.4M,Animation,1.2M,44K,1.4K,Video games,September
580,MyMissAnand,MyMissAnand,India,13.3M,Movies,1.5M,49.3K,428,Humor,September
581,Anaysa,iloveindianmakeup,India,13.3M,Movies,835.1K,24.3K,707,Humor,September
582,Infobells Bangla,Infobells Bangla,,13.2M,Education,466.4K,2.5K,0,,September
583,ETV Jabardasth,ETV Jabardasth,India,13.2M,,106.4K,1.8K,38,,September
584,SRK MUSIC,SRKASSAMESE,India,13.2M,Music & Dance,317.4K,13.8K,542,,September
585,Desi Gamers,Desi Gamers,India,13.2M,,664.2K,89.8K,4K,,September
586,Coke Studio,Coke Studio,Pakistan,13.2M,Music & Dance,1.9M,17.5K,446,Movies,September
587,Like Nastya Stories,Like Nastya Stories,,13.2M,,145.2K,1.1K,0,,September
588,Shorts Break,Shorts Break,India,13.2M,,15.4M,810.6K,942,,September
589,O Reino Infantil,OReinho,,13.2M,Music & Dance,94.5K,465,0,,September
590,theRadBrad,theRadBrad,United States,13.2M,Video games,139.2K,5.9K,484,,September
591,The LaBrant Fam,The LaBrant Fam,United States,13.2M,Music & Dance,934.1K,26.4K,0,Humor,September
592,ÐŸÐ¾Ð·Ð·Ð¸,PozzitifonShow,Russia,13.2M,Video games,898.6K,34.2K,2.6K,,September
593,The Q,The Q,United States,13.1M,,2.1M,51K,2.7K,,September
594,T-Series Hamaar Bhojpuri,hamaarbhojpuri,India,13.1M,Music & Dance,12.1K,291,33,,September
595,Alex Gonzaga Official,Alex Gonzaga Official,Philippines,13.1M,Music & Dance,2.9M,129.8K,2K,Humor,September
596,DALLMYD,DALLMYD,United States,13M,Mystery,464.2K,28.2K,1.5K,,September
597,Katakit Baby TV,HusamYK,Saudi Arabia,13M,Music & Dance,484.4K,4.8K,0,,September
598,PowerfulJRE,PowerfulJRE,United States,13M,Daily vlogs,1.6M,33.3K,3.7K,,September
599,Dear Sir,Dear Sir,India,13M,Education,162.8K,11.4K,747,,September
600,Zeinab Harake,Zeinab Harake,Philippines,13M,Daily vlogs,2.5M,136.6K,3.1K,,September
601,Ajay Sharma,Ajay Sharma,India,13M,,4.4M,245.2K,208,,September
602,Matt Steffanina,MattSDance,United States,13M,Music & Dance,116.6K,4.8K,50,Movies,September
603,NishaMadhulika,NishaMadhulika,India,13M,Food & Drinks,191K,5.1K,786,,September
604,ATHLEAN-Xâ„¢,JDCav24,United States,13M,Fitness,616.4K,29.7K,810,Health & Self Help,September
605,Ray William Johnson,RayWilliamJohnson,United States,13M,Animation,3.5M,338.3K,2.8K,Humor,September
606,The Shiny Peanut,The Shiny Peanut,Indonesia,13M,,14.4K,371,24,,September
607,O Que NÃ£o Dizer Oficial,O Que NÃ£o Dizer Oficial,Brazil,13M,Movies,419.9K,46.5K,535,Animation,September
608,twenty one pilots,twentyonepilots,United States,13M,Music & Dance,50.5K,5.3K,137,,September
609,BBC News,bbcnews,United Kingdom,13M,News & Politics,111.3K,1.6K,819,,September
610,Typical Gamer,typicalgamer,United States,13M,Video games,393.8K,10.7K,333,,September
611,Everson Zoio,djzoi0,Brazil,12.9M,Movies,539K,71.8K,4.2K,Animation,September
612,KOMPASTV,KompasTVNews,Indonesia,12.9M,News & Politics,8.5K,73,27,,September
613,RedeTV,RedeTVhdBrasil,Brazil,12.9M,News & Politics,3.6K,129,4,,September
614,MrSuicideSheep,MrSuicideSheep,United States,12.8M,,68.4K,3.2K,68,,September
615,Veritasium,1veritasium,United States,12.8M,Science & Technology,4.7M,125K,5K,,September
616,Hacksmith,MstrJames,United States,12.8M,Video games,323.2K,14.7K,318,,September
617,Ø£ØªØ±Ùˆ/Atro,Ø£ØªØ±Ùˆ/Atro,Iraq,12.8M,,413.4K,49.7K,8.5K,,September
618,unknown boy varun,unknown boy varun,India,12.8M,Music & Dance,22.4M,2.1M,1.8K,,September
619,Jazzghost,jazzghost1,Brazil,12.8M,Animation,952.5K,58.3K,1.7K,Video games,September
620,Rebecca Zamolo,rebeccazamolo1,United States,12.8M,Video games,3.2M,67.7K,8.7K,Humor,September
621,Lady Diana,Lady Diana,Russia,12.8M,Music & Dance,2.1M,63.8K,2.8K,,September
622,T-Series Regional,tseriesregional,India,12.8M,Music & Dance,6.5K,119,15,,September
623,Top Viral Talent,MusicTalentNow,United States,12.8M,,25.1K,302,17,,September
624,Crescendo com Luluca,Crescendo com Luluca,Brazil,12.8M,Toys,1.2M,44.6K,4K,,September
625,Sony Music South,Sony Music South,India,12.8M,Movies,265.6K,8K,194,Animation,September
626,VexTrex,VexTrex,,12.8M,,97.7K,0,0,,September
627,Goldmines Premiere,GoldClassics,,12.8M,,7.6K,145,0,,September
628,Ei Nerd,einerdtv,Brazil,12.8M,Movies,284K,39.1K,1.4K,Animation,September
629,#RefÃºgio Mental,#RefÃºgio Mental,Brazil,12.8M,Movies,341.7K,9.8K,89,Animation,September
630,Ð“Ð›Ð•ÐÐ¢,Ð“Ð›Ð•ÐÐ¢,Russia,12.8M,Video games,1.7M,167.2K,5.4K,,September
631,Disney Junior,disneyjunior,,12.7M,Music & Dance,103.6K,272,0,,September
632,Alan Chikin Chow,Alan Chikin Chow,India,12.7M,,15M,430.8K,611,,September
633,StudyIQ IAS,StudyIQ IAS,India,12.7M,Education,8.6K,475,10,,September
634,Health Time,Health Time,India,12.7M,Daily vlogs,6.9K,238,8,,September
635,Blossom,Blossom,United States,12.7M,,45.8K,1K,11,,September
636,BBC,BBC,United Kingdom,12.6M,Movies,19K,275,33,,September
637,gymvirtual,gymvirtual,Mexico,12.6M,Music & Dance,94.5K,3.1K,92,,September
638,TKOR,1032010814,United States,12.6M,DIY & Life Hacks,62K,1.5K,125,,September
639,Lokdhun Punjabi,htpunjabi,India,12.6M,Music & Dance,0,0,0,,September
640,BIBOì™€ ìž¥ë‚œê°,BIBOì™€ ìž¥ë‚œê°,,12.6M,,51.6K,0,0,,September
641,Knowledge Tv à¤¹à¤¿à¤¨à¥à¤¦à¥€,Knowledge Tv à¤¹à¤¿à¤¨à¥à¤¦à¥€,India,12.6M,Education,50.3K,2.1K,105,,September
642,Juliana Baltar,Juliana Baltar,Brazil,12.6M,Movies,241.1K,15.4K,477,Humor,September
643,DJ Khaled,DJ Khaled,United States,12.6M,Music & Dance,384.9K,14.4K,756,,September
644,Narendra Modi,Narendra Modi,India,12.6M,Science & Technology,26.6K,1.2K,105,News & Politics,September
645,Kabita's Kitchen,Kabita's Kitchen,India,12.6M,,333.7K,7.3K,461,,September
646,JOJO TV - Hindi Stories,JOJO TV - Hindi Stories,India,12.6M,,95.2K,625,0,,September
647,Zee Bangla,zeebangla,India,12.6M,,17.2K,221,2,,September
648,Awakening Music,awakeningrecords,Indonesia,12.6M,Music & Dance,22.5K,2K,97,,September
649,Melon City Show - Ø¨Ø±Ù†Ø§Ù…Ø¬ ÙˆÙ„Ø§ÙŠØ© Ø¨Ø·ÙŠØ®,Melon City Show - Ø¨Ø±Ù†Ø§Ù…Ø¬ ÙˆÙ„Ø§ÙŠØ© Ø¨Ø·ÙŠØ®,Iraq,12.6M,,356.8K,16.9K,241,,September
650,Adexe & Nau,AdexeOficial,Mexico,12.6M,Music & Dance,44.2K,4.3K,159,,September
651,Parafernalha,canalparafernalha,Brazil,12.6M,,29.2K,1.8K,11,,September
652,JesseAndMike,JesseAndMike,United States,12.6M,,986.2K,11.2K,261,,September
653,karameeshchannel,karameeshchannel,Jordan,12.5M,Music & Dance,164.9K,2.3K,0,,September
654,Piuzinho,Piuzinho,Brazil,12.5M,Animation,522.8K,126.8K,2.4K,Humor,September
655,Brawl Stars,Brawl Stars,United States,12.5M,Animation,1.6M,115.4K,5.5K,,September
656,Ù…Ø§Ø´Ø§ Ùˆ Ø§Ù„Ø¯Ø¨,Ù…Ø§Ø´Ø§ Ùˆ Ø§Ù„Ø¯Ø¨,,12.5M,,1.1M,6.8K,0,,September
657,Peppa Pig em PortuguÃªs Brasil - Canal Oficial,OficialPeppa,,12.5M,Movies,631.1K,5.4K,0,Animation,September
658,Blockbuster Movies,Blockbuster Movies,India,12.5M,Daily vlogs,146.8K,3.5K,19,,September
659,Troom Troom India,Troom Troom India,India,12.5M,,269.2K,2.4K,36,,September
660,Talking Angela,TalkingAngelaCat,United States,12.4M,Music & Dance,99.4K,3.5K,122,,September
661,elliegoulding,elliegoulding,United States,12.4M,Music & Dance,16.7K,1.3K,51,,September
662,ã‚­ãƒƒã‚ºãƒ©ã‚¤ãƒ³â™¡Kids Line,runway19co,,12.4M,Toys,4.6K,0,0,Education,September
663,People Vs Food,React,United States,12.4M,Food & Drinks,637.9K,23K,1.3K,,September
664,Come Play With Me,Come Play With Me,,12.4M,Toys,2.5M,0,0,,September
665,Meghan Trainor,Meghan Trainor,United States,12.4M,Music & Dance,17.4K,1.3K,36,,September
666,Mythpat,Mythpat,India,12.4M,,4.2M,357.3K,16.9K,,September
667,LOUD,LOUD,Brazil,12.4M,,165.9K,18.1K,241,,September
668,CaseyNeistat,caseyneistat,United States,12.4M,Daily vlogs,939.1K,53.6K,4.2K,,September
669,Just For Laughs Gags,JustForLaughsTV,United States,12.4M,,42.4K,812,32,,September
670,Troom Troom PT,Troom Troom PT,Brazil,12.4M,Toys,82.3K,1.7K,61,,September
671,Gibby :),Gibby :),Mexico,12.4M,Movies,892.4K,59.7K,1.9K,,September
672,The Dodo,TheDodoSite,United States,12.4M,Animals & Pets,471.7K,19.1K,690,,September
673,Little Baby Bum en EspaÃ±ol,LittleBabyBumEspanol,,12.4M,Education,37.9K,0,0,,September
674,DisneyChannelUK,DisneyChannelUK,,12.3M,Movies,92.6K,945,0,Humor,September
675,My Mate Nate,My Mate Nate,Thailand,12.3M,,1.4M,42.5K,1K,,September
676,Think Music India,thinkmusicindia,India,12.3M,Music & Dance,53.1K,2.4K,19,,September
677,Bispo Bruno Leonardo,Bispo Bruno Leonardo,Brazil,12.3M,Music & Dance,680.9K,240.8K,186.8K,,September
678,Bela BagunÃ§a,Bela BagunÃ§a,Brazil,12.3M,Movies,125.1K,5.7K,201,Animation,September
679,GMA News,gmanews,Philippines,12.3M,News & Politics,3K,34,5,,September
680,HZHtube Kids Fun,HZHtube Kids Fun,,12.2M,Animation,334.1K,2.2K,0,Toys,September
681,FIFA,FIFATV,United States,12.2M,Sports,31.9K,1.4K,34,,September
682,DeGoBooM,DeGoBooM,Mexico,12.2M,Movies,367.1K,11.1K,278,Animation,September
683,Geo News,geonews,Pakistan,12.2M,News & Politics,5.7K,87,10,,September
684,MÃ¡s SKabeche,MÃ¡s SKabeche,Mexico,12.2M,,1.5M,97.6K,1.6K,,September
685,Trakin Tech,Trakin Tech,India,12.2M,News & Politics,337.2K,19.7K,1.1K,,September
686,NDTV,ndtv,India,12.2M,News & Politics,3K,41,10,,September
687,Compot,TastyCompot,Russia,12.2M,Video games,1.1M,47.8K,2.1K,,September
688,Kids TV India Hindi Nursery Rhymes,kidstvindia,,12.2M,Education,328.4K,2.1K,0,,September
689,DaniRep | +6 VÃ­deos Diarios De GTA 5 Online!,TheDaniRep,Mexico,12.2M,Animation,206.2K,12K,155,Video games,September
690,Jass Records,officialjassrecords,India,12.2M,Music & Dance,24.7K,1.1K,10,,September
691,RaptorGamer,RaptorGamer,Mexico,12.1M,Animation,624.8K,36.9K,1K,Video games,September
692,Sonotek Bhakti,htbhakti,India,12.1M,Music & Dance,83.8K,1.2K,43,,September
693,Marta and Rustam,Marta and Rustam,India,12.1M,,4.1M,150.6K,116,,September
694,Vogue,Americanvogue,United States,12.1M,Fashion,266.4K,13.5K,643,,September
695,The Infographics Show,TheInfographicsShow,United States,12.1M,Education,232.2K,7.4K,440,,September
696,Jordan Matter,jordanmatter,United States,12.1M,Music & Dance,11.4M,226.3K,21.5K,Humor,September
697,Codiscos,Codiscos,,12M,Music & Dance,8.9K,209,8,,September
698,BanderitaX,BanderitaX,Saudi Arabia,12M,Animation,997.3K,122.1K,4.4K,Video games,September
699,NORMAN FAIT DES VIDÃ‰OS,NormanFaitDesVideos,France,12M,Movies,0,0,0,Animation,September
700,Netflix Jr.,storybots,,12M,Animation,46.2K,132,0,Humor,September
701,Troom Troom Indonesia,Troom Troom Indonesia,Indonesia,12M,Music & Dance,175.5K,1.6K,43,Movies,September
702,Ice Cream Rolls,Ice Cream Rolls,United States,12M,,66K,2.1K,129,,September
703,Jamuna TV,Jamuna TV,Bangladesh,12M,News & Politics,19.4K,566,48,,September
704,Lulu99,Lulu99,Colombia,12M,,1.3M,71.6K,5.1K,,September
705,CHHOTU KI MASTI,CHHOTU KI MASTI,India,12M,,1.7M,14K,197,,September
706,Panda,Panda,India,12M,Animation,754.3K,62.5K,1.3K,Toys,September
707,Akshay Nagwadiya,Akshay Nagwadiya,India,12M,,3.4M,257.9K,855,,September
708,E-MasterSensei,E-MasterSensei,Mexico,12M,Movies,2M,65.4K,1.3K,Video games,September
709,Technology Gyan,Technology Gyan,India,12M,,419K,34.5K,1.7K,,September
710,Planet Earth INDIA,Planet Earth INDIA,India,12M,Daily vlogs,53.1K,1.7K,143,,September
711,WiederDude,WiederDude,United States,12M,,1.6M,19.9K,324,,September
712,Yair17,YairAuriazul,Mexico,12M,Movies,239.1K,28.8K,664,Animation,September
713,Yudist Ardhana,Yudist Ardhana,Indonesia,12M,Movies,243.4K,7K,255,,September
714,Avril Lavigne,AvrilLavigne,United States,12M,Music & Dance,122.2K,11.8K,454,,September
715,Rauw Alejandro,Rauw Alejandro,Peru,11.9M,Music & Dance,0,0,0,,September
716,Timba Vk,MrTimbaVk,Mexico,11.9M,Animation,1.1M,48.8K,1.1K,Video games,September
717,Mor Haryanvi,Mor Haryanvi,India,11.9M,Music & Dance,170.7K,1.8K,45,,September
718,Kluna Tik,Kluna Tik,United States,11.9M,,244.2K,3.2K,224,,September
719,CNCO,CNCO,Mexico,11.9M,Music & Dance,161.8K,20.2K,1K,,September
720,TV9 Bharatvarsh,TV9 Bharatvarsh,India,11.9M,News & Politics,4.4K,86,3,,September
721,Republic Bharat,Republic Bharat,India,11.9M,News & Politics,6.2K,0,7,,September
722,Rubius Z,elrubius,Argentina,11.9M,Movies,2.3M,186.9K,2.5K,Animation,September
723,TommyInnit,TommyInnit,United States,11.8M,Animation,2.4M,252.7K,11.1K,Video games,September
724,MrGear,MrGear,United States,11.8M,,72.1K,0,93,,September
725,Tfue,TTfue,United States,11.8M,Animation,140.3K,6.1K,278,Video games,September
726,emma chamberlain,emma chamberlain,United States,11.8M,Food & Drinks,3.1M,220.9K,6.3K,,September
727,MORGENSHTERN,MORGENSHTERN,Russia,11.8M,Music & Dance,0,0,0,Movies,September
728,123 GO!,123 GO!,United States,11.8M,DIY & Life Hacks,374.6K,2.9K,99,,September
729,Luan Santana,luansantanaoficial,Brazil,11.8M,Music & Dance,2.2M,33.6K,1.2K,,September
730,DANIEL EL TRAVIESO VIDEOS,DANIEL EL TRAVIESO VIDEOS,Colombia,11.8M,Animation,865.3K,42.2K,3K,Humor,September
731,Duo Tiempo De Sol,TiempodeSol,,11.8M,Music & Dance,122.6K,1.1K,0,Animation,September
732,Nat and Essie,Nat and Essie,United States,11.8M,Toys,54.1K,1.3K,0,,September
733,FrontaL Gaming,FrontaL Gaming,,11.8M,Movies,115.5K,7.3K,307,Animation,September
734,ì›ƒì›ƒTwinsFromRussia,N1Noobtubers,United States,11.8M,Daily vlogs,107.9K,5.2K,22,,September
735,Ð›ÑƒÐ½Ð¾Ð¼Ð¾ÑÐ¸Ðº,Ð›ÑƒÐ½Ð¾Ð¼Ð¾ÑÐ¸Ðº,Russia,11.8M,Video games,2.7M,61.8K,1.7K,,September
736,Ben Azelart,Ben Azelart,United States,11.8M,Video games,12.4M,0,27.4K,Humor,September
737,MBC Ù…ØµØ±,MBCMASR,Egypt,11.8M,,1.9K,25,1,,September
738,El Trece,eltreceok,,11.7M,News & Politics,2.4K,23,5,,September
739,Koo Koo TV - Hindi,Koo Koo TV - Hindi,India,11.7M,,210.5K,2.9K,71,,September
740,åŠžå…¬å®¤å°é‡Ž Ms Yeah,åŠžå…¬å®¤å°é‡Ž Ms Yeah,United States,11.7M,,520.2K,37.2K,37,,September
741,TsMadaan,TsMadaan,India,11.7M,Education,3.5K,269,8,,September
742,infobells - Kannada,infobellskannada,,11.7M,Education,179.6K,987,0,,September
743,Luli PampÃ­n,lucygerardi43,,11.7M,Music & Dance,3.3M,8.2K,0,Animation,September
744,YoungBoy Never Broke Again,YoungBoy Never Broke Again,United States,11.7M,Music & Dance,29.8K,1.7K,95,,September
745,Make Joke Of,Make Joke Of,India,11.7M,Movies,14.4M,0,30.6K,Animation,September
746,Halsey,Halsey,United States,11.6M,News & Politics,84.5K,10.1K,206,,September
747,First We Feast,FirstWeFeast,United States,11.6M,Food & Drinks,167.2K,3.7K,308,,September
748,SBT,SBTonline,Brazil,11.6M,,7.8K,332,3,,September
749,Indore Physical Academy,Indore Physical Academy,India,11.6M,,131.2K,9.1K,207,,September
750,Garena Free Fire LATAM,Garena Free Fire LATAM,Mexico,11.6M,,39.5K,2.4K,160,,September
751,Spider Slack,Spider Slack,Brazil,11.6M,,6M,541.7K,614,,September
752,Colors Rishtey,KapilComedyNights,India,11.6M,,5K,45,2,,September
753,Wild 'N Out,MTV2,United States,11.6M,Music & Dance,202K,5.4K,167,Humor,September
754,MC Divertida,MC Divertida,,11.6M,Music & Dance,276.6K,2.2K,0,Movies,September
755,Vy Qwaint,VyQwaint,United States,11.6M,Video games,1.8M,30.1K,6.1K,Humor,September
756,LipaoGamer,FelipeViktor,Brazil,11.6M,Movies,147.3K,9.6K,143,Animation,September
757,Ø§Ù„Ø¬Ø§Ù†Ø¨ Ø§Ù„Ù…ÙØ´Ø±Ù‚ | Bright Side Arabic,Ø§Ù„Ø¬Ø§Ù†Ø¨ Ø§Ù„Ù…ÙØ´Ø±Ù‚ | Bright Side Arabic,Egypt,11.5M,,27.1K,799,52,,September
758,GoldminesAction,GoldminesAction,,11.5M,,17K,207,0,,September
759,Black Eyed Peas,blackeyedpeasvideo,United States,11.5M,Music & Dance,28K,1.3K,107,,September
760,Pragati Verma Shorts,Pragati Verma Shorts,India,11.5M,,439.6K,54.9K,513,,September
761,Lofi Girl,Lofi Girl,United States,11.4M,Music & Dance,134.8K,5.1K,204,,September
762,Biper y sus Amigos,Biperysusamigos,,11.4M,Music & Dance,144.7K,0,0,Movies,September
763,Maymo,crackrockcandy,United States,11.4M,,275.1K,1.1K,48,,September
764,Quantum Tech HD,Quantum Tech HD,United States,11.4M,,1.7M,7.3K,144,,September
765,Tiana,Tiana,United Kingdom,11.4M,Video games,419.2K,11.3K,916,Humor,September
766,Annoying Orange,realannoyingorange,United States,11.4M,Movies,161K,4.7K,497,Animation,September
767,Mrwhosetheboss,Mrwhosetheboss,United States,11.4M,Science & Technology,5M,273.2K,9.2K,,September
768,ÐœÐ°ÑˆÐ° Ñ‚Ð° Ð’ÐµÐ´Ð¼Ñ–Ð´ÑŒ,MashaBearUkraine,,11.4M,Education,184.9K,867,0,,September
769,BBC Earth,BBCEarth,United States,11.4M,,51.6K,1.2K,76,,September
770,ExpCaseros,ExpCaseros,Spain,11.4M,DIY & Life Hacks,76.4K,1.7K,159,Food & Drinks,September
771,CrazyRussianHacker,CrazyRussianHacker,United States,11.4M,Animation,48.7K,1.8K,85,Toys,September
772,Single Track Studio,hawkrecord,India,11.4M,Music & Dance,1.6M,34.8K,1K,,September
773,Yoga With Adriene,yogawithadriene,United States,11.4M,Fitness,234.6K,9.6K,1.6K,,September
774,UnspeakableReacts,UnspeakableGaming,United States,11.4M,Video games,0,0,0,,September
775,SonyLIV,sonyliv,India,11.4M,,29.3K,377,13,,September
776,Ð’Ð»Ð°Ð´ Ð¸ ÐÐ¸ÐºÐ¸Ñ‚Ð°,Ð’Ð»Ð°Ð´ Ð¸ ÐÐ¸ÐºÐ¸Ñ‚Ð°,,11.4M,Toys,836.4K,3K,0,,September
777,Franco Escamilla,francoescamilla,Mexico,11.4M,,532.4K,15.3K,313,,September
778,CaptainSparklez,CaptainSparklez,United States,11.4M,Video games,84.7K,7.3K,357,,September
779,CarryisLive,CarryisLive,India,11.4M,,753.3K,68.2K,362,,September
780,luzugames,luzugames,Mexico,11.4M,Animation,121.3K,13.8K,171,Video games,September
781,Pastor AntÃ´nio JÃºnior,prantoniojunior,Brazil,11.4M,Music & Dance,328.7K,74.8K,7.1K,,September
782,MyLifeAsEva,mylifeaseva,United States,11.4M,Humor,0,0,0,,September
783,penguinz0,penguinz0,United States,11.4M,Animation,1.7M,80.1K,4.9K,Video games,September
784,POCOYÃ“ en ESPAÃ‘OL - Canal Oficial,pocoyotv,,11.4M,,357.6K,1.2K,0,,September
785,Diana and Roma IND,Diana and Roma IND,,11.4M,,401.6K,1.8K,0,,September
786,Star Casablanca | Ù†Ø¬ÙˆÙ… Ø§Ù„Ø¯Ø§Ø± Ø§Ù„Ø¨ÙŠØ¶Ø§Ø¡,Star Casablanca | Ù†Ø¬ÙˆÙ… Ø§Ù„Ø¯Ø§Ø± Ø§Ù„Ø¨ÙŠØ¶Ø§Ø¡,Iraq,11.4M,Music & Dance,13.7K,594,35,,September
787,Kendrick Lamar,Kendrick Lamar,United States,11.4M,,0,0,0,,September
788,Vlad and Niki PRT,Vlad and Niki PRT,,11.4M,,586.9K,0,0,,September
789,Ya - Alisa,Ya - Alisa,,11.3M,,3.4K,25,0,,September
790,The Viral Fever,TheViralFeverVideos,India,11.3M,Movies,312.3K,28.9K,476,Humor,September
791,AlArabiya Ø§Ù„Ø¹Ø±Ø¨ÙŠØ©,AlArabiya,Algeria,11.3M,News & Politics,2.6K,50,9,,September
792,Danny Fitt,Danny Fitt,Mexico,11.3M,,711.1K,62.7K,289,,September
793,ToysPlay,ToysPlay,,11.3M,Animation,118.3K,1.2K,0,Toys,September
794,BakLol Video,BakLol Video,India,11.3M,Movies,935.2K,15K,915,Humor,September
795,Avocado Couple I Crazy Comics,Avocado Couple I Crazy Comics,United States,11.3M,,138.2K,1.2K,53,,September
796,Fortnite,epicfortnite,United States,11.2M,Movies,169.3K,8.4K,343,Video games,September
797,Genius,RapGeniusVideo,United States,11.2M,Music & Dance,43.6K,2.7K,132,Movies,September
798,The Film Theorists,FilmTheorists,United States,11.2M,Movies,2.5M,156.6K,7.4K,,September
799,Cut,watchcut,United States,11.2M,Humor,532.5K,12.7K,688,,September
800,"Sen, Momo, Ai & Shii's Channel",oyabakatousan,Japan,11.2M,Daily vlogs,85K,220,2,,September
801,Morphle TV,Morphle TV,,11.2M,Animation,190.4K,0,0,Toys,September
802,bharatzkitchen HINDI,bharatzkitchen HINDI,India,11.2M,,257.6K,6.9K,241,,September
803,Magic Five,Magic Five,Russia,11.2M,Travel,460.5K,27.4K,2.5K,,September
804,Flowers Comedy,Flowers Comedy,India,11.2M,,91.7K,1.3K,118,,September
805,Acenix,Acenix,Mexico,11.2M,Video games,0,0,0,,September
806,Pari's Lifestyle,Pari's Lifestyle,India,11.2M,Daily vlogs,1.1M,14K,331,,September
807,HellomaphieMX,HellomaphieMX,Mexico,11.2M,,718.9K,45.3K,123,,September
808,Mo Vlogs,Mo Vlogs,India,11.2M,Humor,337.5K,14.7K,2K,Autos & Vehicles,September
809,Inside Edition,cbstvdinsideedition,United States,11.2M,News & Politics,179.3K,4.6K,645,,September
810,VirgÃ­nia Fonseca,VirgÃ­nia Fonseca,Brazil,11.2M,Movies,528.2K,40.7K,760,Humor,September
811,Flamingo,Flamingo,United States,11.2M,Animation,2.2M,70.5K,9.5K,Video games,September
812,Taylor RS,Taylor RS,United States,11.2M,,75.7K,1.6K,5,,September
813,Tyga,TygaTygaTV,United States,11.2M,Music & Dance,9M,288.5K,7K,,September
814,Comedy Central,comedycentral,United States,11.2M,Movies,35.5K,1.1K,48,Humor,September
815,Chotoonz TV - Funny Cartoons for Kids,chotoonz,,11.2M,,36.3K,0,0,,September
816,Viih Tube,viihtubeoficial,Brazil,11.1M,,78.9K,2.8K,104,,September
817,OGGY,OGGY,,11.1M,,297.3K,2.6K,0,,September
818,DemolitionRanch,DemolitionRanch,United States,11M,Video games,1.6M,75.9K,8.8K,,September
819,Barbie,barbie,,11M,,158.7K,1.1K,0,,September
820,í•‘í¬í (ì¸ê¸° ë™ìš”ãƒ»ë™í™”),pinkfongko,Algeria,11M,Education,55.4K,140,0,,September
821,ExplosmEntertainment,ExplosmEntertainment,United States,11M,Movies,278.7K,18.4K,235,Animation,September
822,Coisa de Nerd,coisadenerd,Brazil,11M,Design/art,588.3K,70.8K,1.2K,,September
823,Hueva,XHuevaX,Mexico,11M,Video games,656.9K,16.3K,407,,September
824,Emily Tube,Emily Tube,,11M,Animation,75.4K,14,0,Toys,September
825,TrapMusicHDTV,TrapMusicHDTV,United States,11M,,0,0,0,,September
826,Oum Walid,Oum Walid,Algeria,11M,Education,308.9K,19.2K,1.5K,,September
827,Levinho,Levinho,India,11M,,225.2K,20.3K,592,,September
828,TWO SIDE GAMERS,TWO SIDE GAMERS,India,11M,,724.2K,58.8K,3.3K,,September
829,IShowSpeed,IShowSpeed,United States,11M,Video games,1.8M,73K,3.5K,Humor,September
830,RS 1313 SHORTS,RS 1313 SHORTS,India,11M,,253.3K,13K,28,,September
831,JP Plays,jpgameplayfull,Brazil,11M,Video games,190.5K,8.9K,132,,September
832,Telugu Filmnagar,telugufilmnagar,India,11M,,3.5K,61,2,,September
833,KÃªnh Thiáº¿u Nhi - BHMEDIA,doctruyencotich,United States,11M,Music & Dance,17K,62,0,Animation,September
834,Rachit Rojha,Rachit Rojha,India,11M,,5.2M,108.2K,5.5K,,September
835,BIBO Ð¸ Ð˜Ð³Ñ€ÑƒÑˆÐºÐ¸,BIBO Ð¸ Ð˜Ð³Ñ€ÑƒÑˆÐºÐ¸,,11M,Animation,0,0,0,Toys,September
836,HikakinTV,HikakinTV,Japan,11M,Music & Dance,2.8M,73.9K,5.1K,Humor,September
837,Slogo,Slogomanify,United States,11M,Video games,377.4K,13.7K,590,,September
838,SagaHits,sagahits,India,10.9M,Music & Dance,28.1K,1.3K,84,,September
839,Games EduUu,GamesEduUu,Brazil,10.9M,Movies,1.5M,190.5K,5K,Toys,September
840,OYUNCAKOYNUYORUM,OYUNCAKOYNUYORUM,,10.9M,,198K,850,0,,September
841,NEXT9NEWS à¤¹à¤° à¤–à¤¬à¤° à¤†à¤ª à¤¤à¤•,NEXT9NEWS à¤¹à¤° à¤–à¤¬à¤° à¤†à¤ª à¤¤à¤•,India,10.9M,News & Politics,5K,37,2,,September
842,Juanpa Zurita,Juanpa Zurita,Mexico,10.9M,,454.6K,28.2K,883,,September
843,Jessica Jane,Jessica Jane,Indonesia,10.9M,Food & Drinks,1.2M,39.3K,861,,September
844,AlJazeera Channel Ù‚Ù†Ø§Ø© Ø§Ù„Ø¬Ø²ÙŠØ±Ø©,aljazeerachannel,Morocco,10.9M,News & Politics,7.8K,112,35,,September
845,Mundo Bita,mrplotvideos,,10.9M,Music & Dance,203.4K,876,0,Movies,September
846,Dobre Brothers,Dobre Brothers,United States,10.9M,Movies,457.9K,18.5K,409,Humor,September
847,Vox,Vox,United States,10.8M,News & Politics,334.6K,14.2K,544,,September
848,Miranda Sings,mirandasings08,United States,10.8M,Movies,246.5K,11.2K,818,Humor,September
849,Ù‚Ù†Ø§Ø© ÙˆÙ†Ø§Ø³Ø© -  Wanasah TV,Ù‚Ù†Ø§Ø© ÙˆÙ†Ø§Ø³Ø© -  Wanasah TV,,10.8M,Music & Dance,2M,11.2K,0,,September
850,Experienced Mojaraba TV,Experienced Mojaraba TV,United States,10.8M,Health & Self Help,22.2K,581,9,Food & Drinks,September
851,Pen Multiplex,Pen Multiplex,India,10.8M,,8K,69,4,,September
852,Videogyan Nursery Rhymes - Kids Songs & Cartoons,videogyan,,10.8M,Animation,39.2K,158,0,,September
853,Troom Troom Arabic,Troom Troom Arabic,Egypt,10.8M,,306.6K,6K,264,,September
854,Zee Tamil,zeetamil,India,10.8M,,12.8K,164,2,,September
855,Milena Stepanienco - MILENINHA,Milena Stepanienco - MILENINHA,Brazil,10.8M,Movies,1.7M,10.6K,0,Animation,September
856,Wamindia Movies,WAMIndiaMovies,India,10.8M,,157.8K,2.5K,46,,September
857,Golemcito Games,Golemcito Games,Peru,10.8M,Movies,1.5M,174.1K,3.6K,Animation,September
858,Deji,ComedyShortsGamer,United Kingdom,10.8M,Animation,2.3M,278.8K,18.1K,Humor,September
859,BE AMAZED,BE AMAZED,United States,10.8M,Education,408.6K,10.3K,650,,September
860,Heidi y Zidane en espaÃ±ol,Heidi y Zidane en espaÃ±ol,,10.8M,Daily vlogs,250.7K,1.1K,0,,September
861,Captain Watch Hits,Captain Watch Hits,India,10.8M,,11.2K,75,3,,September
862,Nirahua Music World,NirahuaMusic,India,10.7M,,893.6K,17.4K,626,,September
863,Ceylin - H Official,Ceylin - H Official,Turkey,10.7M,Music & Dance,12.8K,0,0,,September
864,RDC Gujarati,RDCGujarati,India,10.7M,Music & Dance,14.4K,417,18,,September
865,Primitive Technology,Primitive Technology,United States,10.7M,DIY & Life Hacks,0,0,0,,September
866,Goldmines Housefull,Goldmines Housefull,,10.7M,,12.2K,0,0,,September
867,HISTORY,historychannel,United States,10.7M,Movies,189.1K,4K,392,,September
868,Zee Kids,zeeqindia,,10.7M,,10.4K,75,0,,September
869,Ð¡Ð¢Ð¡,ctctv,Russia,10.7M,Video games,178.6K,1.3K,41,Humor,September
870,stampylonghead,stampylonghead,United States,10.7M,Video games,119.2K,6.1K,1.2K,,September
871,Kids smile TV,Kids smile TV,,10.7M,Movies,268.9K,0,0,Toys,September
872,KiKiDo,KiKiDo,Russia,10.7M,Video games,3.8M,72.4K,6.4K,Humor,September
873,ChuChuTV Hindi,ChuChuTV Hindi,,10.6M,Education,168.5K,1.2K,0,,September
874,Jesse,PrankvsPrank,United States,10.6M,Music & Dance,49K,2K,325,Humor,September
875,Caso Cerrado,Caso Cerrado,Mexico,10.6M,Animation,562.1K,5.2K,177,,September
876,Franciny Ehlke,francinyehlke,Brazil,10.6M,Fashion,876.2K,96.5K,1.7K,Design/art,September
877,Red Bull,redbull,United States,10.6M,Sports,290.2K,7.3K,240,,September
878,Rathore Cassettes,rathorvideo,India,10.6M,,8.4K,120,9,,September
879,Chill Nation,ChillStepNation,United States,10.6M,Music & Dance,35.5K,914,38,,September
880,GoPro,GoProCamera,United States,10.6M,Sports,52.9K,2.1K,71,,September
881,TikTak Draw,TikTak Draw,Mexico,10.6M,Animation,107.5K,6.6K,321,,September
882,Gustavo ParÃ³dias,MrGustavoParodias,Brazil,10.6M,,198.6K,20.9K,56,,September
883,Google,Google,United States,10.6M,,5.5K,105,12,,September
884,Cong TV,lincolnvelasquez,Philippines,10.6M,,3M,180.3K,5.1K,,September
885,AdamThomasMoran,AdamThomasMoran,Russia,10.6M,Video games,577.9K,46.8K,2.3K,Humor,September
886,Joe HaTTab,Joe HaTTab,Somalia,10.6M,Movies,2M,123.7K,4.4K,,September
887,Peppa Pig Hindi,Peppa Pig Hindi,,10.6M,Education,762.1K,4.9K,0,,September
888,Matheus e Kauan,MeKcanal,Brazil,10.6M,Music & Dance,5.8K,405,3,,September
889,NASA,NASAtelevision,United States,10.6M,News & Politics,182.5K,6.1K,0,Science & Technology,September
890,The Noite com Danilo Gentili,sbtthenoite,Brazil,10.6M,Movies,11.1K,537,25,Humor,September
891,Lucas Rangel,rangeldovine,Brazil,10.6M,,288.7K,26.9K,528,,September
892,Craftingeek,craftingeek,Mexico,10.6M,,111.5K,2.4K,202,,September
893,"Baby Big Mouth Kids - Sing, Dance, Explore","Baby Big Mouth Kids - Sing, Dance, Explore",,10.6M,Animation,716,6,0,Toys,September
894,SmarterEveryDay,destinws2,United States,10.6M,Science & Technology,1.6M,0,6.5K,,September
895,Pinkfong en espaÃ±ol - Canciones Infantiles,Pinkfong en espaÃ±ol - Canciones Infantiles,,10.6M,Animation,96.7K,213,0,Toys,September
896,As/Is,BuzzFeedYellow,United States,10.6M,Daily vlogs,16.7K,527,18,,September
897,Stone Music Entertainment,CJENMMUSIC,United States,10.6M,Music & Dance,4.9K,382,17,Movies,September
898,MTV,MTV,United States,10.6M,Music & Dance,395.9K,9.2K,433,Movies,September
899,DuDuPopTOY,DuDuPopTOY,,10.5M,Animation,7.2K,70,0,Humor,September
900,Cris Devil Gamer,Cris Devil Gamer,United States,10.5M,Movies,779.2K,24K,615,Animation,September
901,Magnet World,soicon295,United States,10.5M,,56.6K,401,11,,September
902,Guns N' Roses,Guns N' Roses,Brazil,10.5M,Music & Dance,134.3K,9.7K,249,,September
903,fouseyTUBE,fouseyTUBE,United States,10.5M,Humor,122.8K,2.6K,302,,September
904,Tanner Fox,MTflims,,10.5M,Autos & Vehicles,140.4K,7K,521,Humor,September
905,Playing with Rafael,Playing with Rafael,Brazil,10.5M,,59K,1.4K,0,,September
906,ì„¤ê¸°ì–‘SULGI,ì„¤ê¸°ì–‘SULGI,United States,10.5M,ASMR,955.6K,22.2K,673,Food & Drinks,September
907,Rawan and Rayan,Rawan and Rayan,Algeria,10.5M,,1M,70.8K,4.2K,,September
908,Hindi Fairy Tales,Hindi Fairy Tales,India,10.5M,,788.2K,10.5K,250,,September
909,TwinRoozi ìŒë‘¥ì´ ë£¨ì§€,TwinRoozi ìŒë‘¥ì´ ë£¨ì§€,Indonesia,10.4M,Daily vlogs,104.2K,0,0,,September
910,How It Should Have Ended,HISHEdotcom,United States,10.4M,Movies,117.7K,8.5K,121,Animation,September
911,"SaraBeautyCorner - DIY, Comedy, Makeup, Nail Art",SaraBeautyCorner,United States,10.4M,DIY & Life Hacks,31.6K,2K,43,,September
912,Tomorrowland,TomorrowlandChannel,Brazil,10.4M,Music & Dance,54.7K,1.5K,82,,September
913,Toymong tv í† ì´ëª½TV,Toymong tv í† ì´ëª½TV,,10.4M,,27.1K,210,0,,September
914,Hindi Kahaniya,Hindi Kahaniya,India,10.4M,,56.1K,836,21,,September
915,Stray Kids,Stray Kids,United States,10.4M,Music & Dance,1.1M,141.5K,3.8K,Movies,September
916,Sadhguru,sadhguru,India,10.4M,Movies,134.9K,6.3K,231,,September
917,tomiii 11,tomiii 11,Mexico,10.4M,Daily vlogs,74.1K,6.7K,600,,September
918,5-Minute Crafts LIKE,5-Minute Crafts LIKE,United States,10.4M,,13.3K,140,4,,September
919,LA DIVAZA,LA DIVAZA,Mexico,10.4M,Music & Dance,1M,79.7K,6.5K,Humor,September
920,atv,atv,Turkey,10.4M,Movies,11K,116,7,Animation,September
921,GNP Music,GemaNadaPertiwi,Indonesia,10.4M,Music & Dance,57.9K,1.3K,0,Animation,September
922,Sanjoy Das Official,Sanjoy Das Official,India,10.4M,,146.6K,24.9K,488,,September
923,Lorrayne Oliveira,Lorrayne Oliveira,Brazil,10.4M,Animation,573.4K,28K,1.1K,Humor,September
924,Times Music,timesmusicindia,India,10.4M,Music & Dance,665.1K,10K,620,,September
925,Mussoumano,mamilosmolengas,Brazil,10.4M,Music & Dance,1.4M,58.5K,3.2K,Animation,September
926,AsapSCIENCE,AsapSCIENCE,United States,10.4M,Science & Technology,584.6K,29.2K,662,,September
927,BBC News Ø¹Ø±Ø¨ÙŠ,BBCArabicNews,Morocco,10.4M,News & Politics,34.4K,517,121,,September
928,Comedy Captain,Comedy Captain,India,10.4M,,13.3K,122,4,,September
929,ã¯ã˜ã‚ã—ã‚ƒã¡ã‚‡ãƒ¼ï¼ˆhajimeï¼‰,0214mex,Japan,10.4M,Music & Dance,1.7M,43.8K,1.8K,Humor,September
930,Heroine Movies 2022,Heroine Movies 2022,India,10.3M,Daily vlogs,248K,1.5K,20,,September
931,Laurinha e Helena - Clubinho da Laura,JessicaJulioeBaby,Brazil,10.3M,Movies,157.6K,3.2K,0,Animation,September
932,Talent Recap,Talent Recap,United States,10.3M,Music & Dance,74.8K,558,60,Movies,September
933,Red Chillies Entertainment,ChennaiExp2013,India,10.3M,,71.5K,885,23,,September
934,Patty Mayo,Patty Mayo,United States,10.3M,Movies,737.5K,27.1K,1.2K,Humor,September
935,Sing King,singkingkaraoke,United States,10.3M,Music & Dance,13.4K,206,13,,September
936,PineappleStormTV,PineappleStormTV,Brazil,10.2M,Music & Dance,954.2K,61K,2.1K,,September
937,[í–„ì§€]Hamzy,[í–„ì§€]Hamzy,United States,10.2M,,1.9M,40.9K,1K,,September
938,Receitas de Pai,Receitas de Pai,Brazil,10.2M,Food & Drinks,92.1K,10.4K,312,,September
939,5-Minute Recipes,5-Minute Recipes,India,10.2M,,38.2K,414,12,,September
940,Hindi Countdown,Hindi Countdown,India,10.2M,Education,1.3M,46.1K,1.2K,,September
941,Sab Kuchh Sekho Jano,Sab Kuchh Sekho Jano,India,10.2M,News & Politics,15.2K,1K,36,,September
942,Dalas Review,DalasReview,Mexico,10.2M,Science & Technology,568.8K,47.6K,8.7K,,September
943,T-STUDIO,T-STUDIO,Indonesia,10.2M,,28.4K,851,1,,September
944,JoÃ£o Caetano,BrPVPHu3,Brazil,10.2M,,486.5K,40.1K,464,,September
945,Viki Show,Viki Show,Russia,10.2M,Video games,1.1M,38.7K,1.9K,Toys,September
946,Wylsacom,Wylsacom,Russia,10.2M,News & Politics,403.7K,17.5K,778,,September
947,DRJ Records Specials,DRJ Records Specials,India,10.2M,,21.5K,123,4,,September
948,Miniminter,miniminter,United Kingdom,10.2M,Video games,1.2M,77.1K,1.3K,Humor,September
949,Dynamo Gaming,Dynamo Gaming,India,10.2M,,210.2K,22.9K,148,,September
950,CS Bisht Vines,CS Bisht Vines,India,10.2M,,2.6M,25.9K,752,,September
951,Survival Builder,Survival Builder,United States,10.2M,,147.5K,2.2K,120,,September
952,ì„œì€ì¼ìƒì´ì•¼ê¸°,ì„œì€ì¼ìƒì´ì•¼ê¸°,,10.2M,,19.7K,148,0,,September
953,hasanjr11,hasanjr11,Indonesia,10.2M,,656.9K,26.5K,2.6K,,September
954,Islam Populer,Islam Populer,Indonesia,10.2M,Education,33.1K,998,129,,September
955,Ð¢ÐµÑ€ÐµÐ¼Ð¾Ðº Ð¢Ð’,TeremokTV,,10.2M,Video games,100K,845,0,,September
956,Family Box,Family Box,Russia,10.2M,Video games,522.2K,13.4K,208,,September
957,Ð²Ð”ÑƒÐ´ÑŒ,Ð²Ð”ÑƒÐ´ÑŒ,Russia,10.2M,News & Politics,0,0,0,,September
958,The Daily Show with Trevor Noah,The Daily Show with Trevor Noah,United States,10.2M,News & Politics,261.5K,9.8K,439,,September
959,Doctor Mike,Doctor Mike,United States,10.1M,Health & Self Help,1.6M,68.7K,3.7K,,September
960,Beast Philanthropy,Beast Philanthropy,United States,10.1M,Food & Drinks,7.9M,504.7K,23.6K,,September
961,Shemaroo Bhakti,bhaktisongs,India,10.1M,Music & Dance,8.6K,173,17,,September
962,Oneindia Hindi | à¤µà¤¨à¤‡à¤‚à¤¡à¤¿à¤¯à¤¾ à¤¹à¤¿à¤‚à¤¦à¥€,Oneindia Hindi | à¤µà¤¨à¤‡à¤‚à¤¡à¤¿à¤¯à¤¾ à¤¹à¤¿à¤‚à¤¦à¥€,India,10.1M,News & Politics,2.6K,27,2,,September
963,OneRepublic,OneRepublic,United States,10.1M,Music & Dance,512.2K,29.9K,340,,September
964,truly,barcroftmedia,United States,10.1M,News & Politics,21.7K,0,111,,September
965,Jugnu Kids - Nursery Rhymes and Best Baby Songs,Jugnu Kids - Nursery Rhymes and Best Baby Songs,,10M,Animation,229.9K,1.7K,0,,September
966,ChuChuTV EspaÃ±ol,ChuChuTV EspaÃ±ol,,10M,Toys,48K,248,0,,September
967,Ð¢ÐµÑ€ÐµÐ¼Ð¾Ðº - ÐŸÐµÑÐµÐ½ÐºÐ¸ Ð´Ð»Ñ Ð´ÐµÑ‚ÐµÐ¹,TeremokSongs,Russia,10M,Music & Dance,110.6K,576,0,,September
968,VitalyzdTv,VitalyzdTv,United States,10M,Humor,112.3K,3.7K,574,,September
969,EugenBro,EugenBro,Russia,10M,Video games,387.9K,19.5K,2K,,September
970,Nickelodeon,Nickelodeon,,10M,Movies,46.4K,503,0,Animation,September
971,UTKARSH CLASSES JODHPUR,UTKARSH CLASSES JODHPUR,India,10M,Education,150.8K,11K,430,,September
972,BERTH-OH,BERTH-OH,Mexico,10M,Autos & Vehicles,770.9K,24.2K,442,,September
973,RUOK,RUOK,Brazil,10M,,389.9K,43.6K,2.3K,,September
974,Vie Channel - HTV2,htv2channel,United States,10M,Music & Dance,70.2K,682,42,,September
975,Orkun IÅŸÄ±tmak,ThePersica,Turkey,10M,Animation,1.7M,69.3K,2.9K,,September
976,123 GO! Hindi,123 GO! Hindi,India,10M,,737.7K,5.7K,48,,September
977,Family Fun Pack,familyfunpack,United States,10M,,125.3K,2.2K,130,,September
978,Netflix LatinoamÃ©rica,Netflix LatinoamÃ©rica,,10M,,18.3K,551,38,,September
979,Ù…ØµØ·ÙÙ‰ GAME OVER,Ù…ØµØ·ÙÙ‰ GAME OVER,Iraq,10M,,625.8K,73.9K,3.2K,,September
980,Little Angel Bahasa Indonesia - Lagu Anak,Little Angel Bahasa Indonesia - Lagu Anak,,10M,Music & Dance,662.9K,4.1K,0,Toys,September
981,VYRLOriginals,VYRLOriginals,India,10M,Music & Dance,152.9K,6.1K,253,,September
982,Mari Maria,makebymarimaria,Brazil,10M,Fashion,78.7K,4.5K,170,DIY & Life Hacks,September
983,Eagle Home Entertainments,Eagle Home Entertainments,India,10M,,1.4K,11,0,,September
984,SULE PRODUCTIONS,SULE PRODUCTIONS,Indonesia,9.9M,,361.7K,10.3K,522,,September
985,Shruti Arjun Anand,shrutiarjunanand,India,9.9M,Movies,616.6K,13.2K,625,Humor,September
986,Dharma Productions,Dharma Productions,India,9.9M,,32.5K,1.2K,156,,September
987,SEVENGERS,SEVENGERS,India,9.9M,,5.8M,509.1K,905,,September
988,Programa Panico,panicopgm,Brazil,9.9M,Toys,45K,1.7K,48,,September
989,QPark,joycetanner,United States,9.9M,Music & Dance,197.6K,13.8K,219,Humor,September
990,The Voice Global,The Voice Global,United States,9.9M,Music & Dance,302.5K,2.9K,78,,September
991,NH Studioz,nhstudioz,India,9.9M,,20.1K,156,4,,September
992,Prince Royce,Prince Royce,United States,9.9M,Music & Dance,6.4K,638,18,,September
993,MBCkpop,MBCkpop,Malaysia,9.9M,Music & Dance,2.9K,284,14,,September
994,The Bee Family,ehbeefamily,United States,9.9M,Daily vlogs,325.1K,15.7K,184,,September
995,Fox News,FoxNewsChannel,United States,9.9M,News & Politics,148.9K,5.5K,1.6K,,September
996,Raditya Dika,Raditya Dika,Indonesia,9.9M,Food & Drinks,430.5K,14.8K,741,,September
997,Ini Talk Show,IniTalkShow,Indonesia,9.9M,Music & Dance,25.2K,290,17,Humor,September
998,SpriteDer SPD,SpriteDer SPD,Thailand,9.9M,Humor,4.4M,154.4K,3.6K,,September
999,Classic Mr Bean,Classic Mr Bean,India,9.9M,,132.6K,1.1K,53,,September
1000,Heera Gold,Heera Gold,Pakistan,9.9M,Daily vlogs,39.4K,1.6K,161,,September
951,Survival Builder,Survival Builder,United States,10.2M,,147.5K,2.2K,120,,September
952,ì„œì€ì¼ìƒì´ì•¼ê¸°,ì„œì€ì¼ìƒì´ì•¼ê¸°,,10.2M,,19.7K,148,0,,September
953,hasanjr11,hasanjr11,Indonesia,10.2M,,656.9K,26.5K,2.6K,,September
954,Islam Populer,Islam Populer,Indonesia,10.2M,Education,33.1K,998,129,,September
955,Ð¢ÐµÑ€ÐµÐ¼Ð¾Ðº Ð¢Ð’,TeremokTV,,10.2M,Video games,100K,845,0,,September
956,Family Box,Family Box,Russia,10.2M,Video games,522.2K,13.4K,208,,September
957,Ð²Ð”ÑƒÐ´ÑŒ,Ð²Ð”ÑƒÐ´ÑŒ,Russia,10.2M,News & Politics,0,0,0,,September
958,The Daily Show with Trevor Noah,The Daily Show with Trevor Noah,United States,10.2M,News & Politics,261.5K,9.8K,439,,September
959,Doctor Mike,Doctor Mike,United States,10.1M,Health & Self Help,1.6M,68.7K,3.7K,,September
960,Beast Philanthropy,Beast Philanthropy,United States,10.1M,Food & Drinks,7.9M,504.7K,23.6K,,September
962,Oneindia Hindi | à¤µà¤¨à¤‡à¤‚à¤¡à¤¿à¤¯à¤¾ à¤¹à¤¿à¤‚à¤¦à¥€,Oneindia Hindi | à¤µà¤¨à¤‡à¤‚à¤¡à¤¿à¤¯à¤¾ à¤¹à¤¿à¤‚à¤¦à¥€,India,10.1M,News & Politics,2.6K,27,2,,September
963,OneRepublic,OneRepublic,United States,10.1M,Music & Dance,512.2K,29.9K,340,,September
964,truly,barcroftmedia,United States,10.1M,News & Politics,21.7K,0,111,,September
965,Jugnu Kids - Nursery Rhymes and Best Baby Songs,Jugnu Kids - Nursery Rhymes and Best Baby Songs,,10M,Animation,229.9K,1.7K,0,,September
966,ChuChuTV EspaÃ±ol,ChuChuTV EspaÃ±ol,,10M,Toys,48K,248,0,,September
967,Ð¢ÐµÑ€ÐµÐ¼Ð¾Ðº - ÐŸÐµÑÐµÐ½ÐºÐ¸ Ð´Ð»Ñ Ð´ÐµÑ‚ÐµÐ¹,TeremokSongs,Russia,10M,Music & Dance,110.6K,576,0,,September
968,VitalyzdTv,VitalyzdTv,United States,10M,Humor,112.3K,3.7K,574,,September
969,EugenBro,EugenBro,Russia,10M,Video games,387.9K,19.5K,2K,,September
970,Nickelodeon,Nickelodeon,,10M,Movies,46.4K,503,0,Animation,September
971,UTKARSH CLASSES JODHPUR,UTKARSH CLASSES JODHPUR,India,10M,Education,150.8K,11K,430,,September
972,BERTH-OH,BERTH-OH,Mexico,10M,Autos & Vehicles,770.9K,24.2K,442,,September
973,RUOK,RUOK,Brazil,10M,,389.9K,43.6K,2.3K,,September
974,Vie Channel - HTV2,htv2channel,United States,10M,Music & Dance,70.2K,682,42,,September
976,123 GO! Hindi,123 GO! Hindi,India,10M,,737.7K,5.7K,48,,September
977,Family Fun Pack,familyfunpack,United States,10M,,125.3K,2.2K,130,,September
978,Netflix LatinoamÃ©rica,Netflix LatinoamÃ©rica,,10M,,18.3K,551,38,,September
979,Ù…ØµØ·ÙÙ‰ GAME OVER,Ù…ØµØ·ÙÙ‰ GAME OVER,Iraq,10M,,625.8K,73.9K,3.2K,,September
980,Little Angel Bahasa Indonesia - Lagu Anak,Little Angel Bahasa Indonesia - Lagu Anak,,10M,Music & Dance,662.9K,4.1K,0,Toys,September
981,VYRLOriginals,VYRLOriginals,India,10M,Music & Dance,152.9K,6.1K,253,,September
982,Mari Maria,makebymarimaria,Brazil,10M,Fashion,78.7K,4.5K,170,DIY & Life Hacks,September
983,Eagle Home Entertainments,Eagle Home Entertainments,India,10M,,1.4K,11,0,,September
984,SULE PRODUCTIONS,SULE PRODUCTIONS,Indonesia,9.9M,,361.7K,10.3K,522,,September
985,Shruti Arjun Anand,shrutiarjunanand,India,9.9M,Movies,616.6K,13.2K,625,Humor,September
986,Dharma Productions,Dharma Productions,India,9.9M,,32.5K,1.2K,156,,September
987,SEVENGERS,SEVENGERS,India,9.9M,,5.8M,509.1K,905,,September
988,Programa Panico,panicopgm,Brazil,9.9M,Toys,45K,1.7K,48,,September
989,QPark,joycetanner,United States,9.9M,Music & Dance,197.6K,13.8K,219,Humor,September
990,The Voice Global,The Voice Global,United States,9.9M,Music & Dance,302.5K,2.9K,78,,September
992,Prince Royce,Prince Royce,United States,9.9M,Music & Dance,6.4K,638,18,,September
993,MBCkpop,MBCkpop,Malaysia,9.9M,Music & Dance,2.9K,284,14,,September
994,The Bee Family,ehbeefamily,United States,9.9M,Daily vlogs,325.1K,15.7K,184,,September
995,Fox News,FoxNewsChannel,United States,9.9M,News & Politics,148.9K,5.5K,1.6K,,September
996,Raditya Dika,Raditya Dika,Indonesia,9.9M,Food & Drinks,430.5K,14.8K,741,,September
997,Ini Talk Show,IniTalkShow,Indonesia,9.9M,Music & Dance,25.2K,290,17,Humor,September
998,SpriteDer SPD,SpriteDer SPD,Thailand,9.9M,Humor,4.4M,154.4K,3.6K,,September
999,Classic Mr Bean,Classic Mr Bean,India,9.9M,,132.6K,1.1K,53,,September
1000,Heera Gold,Heera Gold,Pakistan,9.9M,Daily vlogs,39.4K,1.6K,161,,September
