channel name,youTuber,Category,Category_2,Subscribers count,Country,Views avg.,Likes avg,Comments avg.,Month
juptube,Galinha Pintadinha,Music & Dance,,30.5M,-,0,N/A',N/A',June
"Baby Big Mouth Kids - Sing, Dance, Explore","Baby Big Mouth Kids - Sing, Dance, Explore",Animation,Toys,10.6M,-,348.5,3,N/A',June
shfa show India,shfa show India,Daily vlogs,,18.9M,-,1.2M,8.7K,N/A',June
Blippi - Educational Videos for Kids,Blippi - Educational Videos for Kids,Education,Toys,15.7M,-,1.2M,4.2K,N/A',June
infobellstamil,infobells - Tamil,Education,,26.5M,-,1.3M,5.8K,N/A',June
Diana and Roma ARA,Diana and Roma ARA,,,21.2M,-,1.3M,9.6K,N/A',June
PeppaLatinoAmericano,Peppa Pig EspaÃ±ol Latino - Canal Oficial,Toys,,21M,-,1.3M,9.6K,N/A',June
Fun For Kids TV - Hindi Rhymes,Fun For Kids TV - Hindi Rhymes,,,13.7M,-,1.3M,6.8K,N/A',June
SuperSimpleSongs,Super Simple Songs - Kids Songs,Music & Dance,,34.5M,-,1.4M,4.1K,N/A',June
Diana and Roma ESP,Diana and Roma ESP,Animation,,25.6M,-,1.4M,6.6K,N/A',June
D Billions,D Billions,,,19.2M,-,1.7M,1.7K,N/A',June
GoldminesAction,GoldminesAction,,,11.3M,-,10.1K,141,N/A',June
Like Nastya,Like Nastya,Animation,,96.5M,-,10.8M,59.4K,N/A',June
checkgate,Cocomelon - Nursery Rhymes,Education,,136.6M,-,10.9M,68.8K,N/A',June
Ð¢Ñ€ÑƒÐ¼ Ð¢Ñ€ÑƒÐ¼,Ð¢Ñ€ÑƒÐ¼ Ð¢Ñ€ÑƒÐ¼,Humor,Toys,13.7M,-,103.2K,1.8K,83,June
dangmattsmith,Dang Matt Smith,Animation,Humor,13.7M,-,103.5K,4.4K,332,June
toyoraljanahtv,Ù‚Ù†Ø§Ø© Ø·ÙŠÙˆØ± Ø§Ù„Ø¬Ù†Ø© | toyoraljanahtv,Music & Dance,,27.8M,-,106.8K,N/A',N/A',June
TeremokTV,Ð¢ÐµÑ€ÐµÐ¼Ð¾Ðº Ð¢Ð’,Video games,,9.8M,-,107.6K,545,N/A',June
DuDuPopTOY,DuDuPopTOY,Animation,Humor,10.5M,-,11.1K,109,N/A',June
âœ¿ Kids Diana Show,âœ¿ Kids Diana Show,Animation,Toys,96.6M,-,11.4M,40.9K,N/A',June
Goldmines Housefull,Goldmines Housefull,,,10.3M,-,11.9K,N/A',N/A',June
OReinho,O Reino Infantil,Music & Dance,,12.5M,-,111.5K,521,N/A',June
SesameStreet,Sesame Street,,,23M,-,111.8K,407,N/A',June
turmadamonicaTV,Turma da MÃ´nica,,,18M,-,116.5K,850,N/A',June
Zappy Toons - Hindi Nursery Rhymes and Stories,Zappy Toons - Hindi Nursery Rhymes and Stories,Education,,15.6M,-,117.5K,618,N/A',June
Super Senya,Super Senya,Animation,Toys,14.7M,-,12.4K,100,N/A',June
Dani Russo Tv,Dani Russo Tv,Music & Dance,,11.7M,-,12.7K,1.6K,277,June
GoldClassics,Goldmines Premiere,,,12.3M,-,12.9K,199,N/A',June
fozimozi,Fozi Mozi,,,9.4M,-,121.7K,2.4K,N/A',June
portalfitdance,FitDance,Music & Dance,,15.3M,-,13.9K,626,17,June
Wolfoo's stories,Wolfoo's stories,Animation,,10.6M,-,132K,638,N/A',June
MashaBearUkraine,ÐœÐ°ÑˆÐ° Ñ‚Ð° Ð’ÐµÐ´Ð¼Ñ–Ð´ÑŒ,Education,,11.2M,-,134.8K,860,N/A',June
Heidi & Zidane à¤¬à¤šà¥à¤šà¥‹à¤‚ à¤•à¥€ à¤•à¤¹à¤¾à¤¨à¤¿à¤¯à¤¾à¤,Heidi & Zidane à¤¬à¤šà¥à¤šà¥‹à¤‚ à¤•à¥€ à¤•à¤¹à¤¾à¤¨à¤¿à¤¯à¤¾à¤,Daily vlogs,,17.3M,-,140.4K,896,N/A',June
LittleBabyBum,Little Baby Bum - Nursery Rhymes & Kids Songs,Education,,39M,-,144.3K,353,N/A',June
Wow Kidz Action,Wow Kidz Action,,,13.7M,-,148.7K,1.4K,N/A',June
Codiscos,Codiscos,Music & Dance,,11.9M,-,15.1K,242,10,June
kidstvindia,Kids TV India Hindi Nursery Rhymes,Education,,11.3M,-,157.2K,1.1K,N/A',June
Emily Tube,Emily Tube,Animation,Toys,11M,-,16.1K,55,N/A',June
Super Polina,Super Polina,,,14.5M,-,16.9K,214,N/A',June
Smile Family Spanish,Smile Family Spanish,Animation,,14.8M,-,163.4K,1.6K,N/A',June
Like Nastya IDN,Like Nastya IDN,Music & Dance,,14.7M,-,165.4K,N/A',N/A',June
BabyBus - Canciones Infantiles & Cuentos,BabyBus - Canciones Infantiles & Cuentos,Toys,,21M,-,165.5K,640,N/A',June
toycantando,toycantando,Music & Dance,,25.6M,-,168.3K,778,N/A',June
infobells,infobells,Education,,13.4M,-,17.6K,102,N/A',June
Heidi y Zidane en espaÃ±ol,Heidi y Zidane en espaÃ±ol,Toys,,10M,-,170.8K,916,N/A',June
karameeshchannel,karameeshchannel,Music & Dance,,12.2M,-,178.5K,1.4K,N/A',June
Zig & Sharko,Zig & Sharko,,,13.3M,-,179.3K,1.5K,N/A',June
CaELiKe,Caeli YT,,,15.7M,-,19.2K,1.2K,125,June
Masha and The Bear,Masha and The Bear,Animation,Toys,34.1M,-,1M,6.6K,N/A',June
PinkPanther,Official Pink Panther,Movies,Animation,18.1M,-,1M,6.9K,N/A',June
Toys and Colors,Toys and Colors,Movies,Toys,36.2M,-,2.2M,5.4K,N/A',June
Ya - Alisa,Ya - Alisa,,,11.3M,-,2.4K,16,N/A',June
welovekamikaze,welovekamikaze,,,9.7M,-,2.5K,67,6,June
Come Play With Me,Come Play With Me,Toys,,11.9M,-,2.5M,N/A',N/A',June
Infobells Bangla,Infobells Bangla,Education,,11.9M,-,200.3K,814,N/A',June
OYUNCAKOYNUYORUM,OYUNCAKOYNUYORUM,,,10.9M,-,200.9K,829,N/A',June
MC Divertida,MC Divertida,Music & Dance,,10.9M,-,201.2K,1.9K,N/A',June
Vlad and Niki ARA,Vlad and Niki ARA,,,12.9M,-,205.2K,2K,N/A',June
INCRÃVEL,INCRÃVEL,Animation,,18M,-,21.2K,1.1K,28,June
DisneyChannelLA,Disney LatinoamÃ©rica,,,20.2M,-,21.9K,193,N/A',June
Goldmines Dishoom,Goldmines Dishoom,,,23.5M,-,22.5K,225,N/A',June
Peppa Pig Hindi,Peppa Pig Hindi,Education,,10.1M,-,220.2K,2K,N/A',June
BIBI,BIBI,,,9.7M,-,23.9K,3K,97,June
SmartBooksMedia,Pinkfong Baby Shark - Kids' Songs & Stories,Animation,Toys,58M,-,231.1K,1K,N/A',June
OGGY,OGGY,,,10.9M,-,237K,2.7K,N/A',June
Dave and Ava - Nursery Rhymes and Baby Songs,Dave and Ava - Nursery Rhymes and Baby Songs,Education,,14.8M,-,240.6K,1.2K,N/A',June
Like Nastya Vlog,Like Nastya Vlog,Daily vlogs,,17.6M,-,244.6K,887,N/A',June
Netflix LatinoamÃ©rica,Netflix LatinoamÃ©rica,,,9.7M,-,25.4K,1.8K,86,June
Diana and Roma HIN,Diana and Roma HIN,,,23M,-,251.4K,1.7K,N/A',June
FrontaL Gaming,FrontaL Gaming,Movies,Animation,11.7M,-,253.7K,19K,1.3K,June
Vlad and Niki IDN,Vlad and Niki IDN,Music & Dance,,17M,-,254.4K,1.7K,N/A',June
BritainsGotTalent09,Britain's Got Talent,Music & Dance,Movies,18.4M,-,255.7K,2.6K,211,June
infobellskannada,infobells - Kannada,Education,,11M,-,256.2K,1.1K,N/A',June
Toymong tv í† ì´ëª½TV,Toymong tv í† ì´ëª½TV,,,10.1M,-,26.9K,244,N/A',June
ToysPlay,ToysPlay,Animation,Toys,11.1M,-,262.7K,1.6K,N/A',June
Like Nastya AE,Like Nastya AE,,,21.7M,-,263.5K,2.2K,N/A',June
Like Nastya ESP,Like Nastya ESP,,,33.1M,-,268.8K,1.2K,N/A',June
HZHtube Kids Fun,HZHtube Kids Fun,Toys,,12.1M,-,270.5K,1.6K,N/A',June
Vania Mania Kids,Vania Mania Kids,Toys,,17.3M,-,274.8K,2.2K,N/A',June
Nickelodeon,Nickelodeon,Movies,,10M,-,28.1K,410,N/A',June
LooLooKids,LooLoo Kids - Nursery Rhymes and Children's Songs,Music & Dance,,49.3M,-,299.3K,1.5K,N/A',June
eltreceok,El Trece,News & Politics,,11.5M,-,3.2K,34,9,June
The World Adventures à¤¹à¤¿à¤¨à¥à¤¦à¥€,The World Adventures à¤¹à¤¿à¤¨à¥à¤¦à¥€,Daily vlogs,,13.5M,-,30.2K,1.4K,37,June
mrplotvideos,Mundo Bita,Music & Dance,Movies,10.3M,-,309.6K,7.1K,N/A',June
Kinder Spielzeug Kanal,Kinder Spielzeug Kanal,Animation,Toys,18.8M,-,316.4K,1.4K,N/A',June
pocoyotv,POCOYÃ“ en ESPAÃ‘OL - Canal Oficial,,,11.1M,-,316.8K,1.3K,N/A',June
Eva Bravo Play,Eva Bravo Play,,,18.6M,-,317.6K,2K,N/A',June
cancionesdelagranja,La Granja de ZenÃ³n,Music & Dance,,30.9M,-,318.5K,2.2K,N/A',June
Troom Troom,Troom Troom,Animation,Toys,23.2M,-,321.4K,3.4K,91,June
greengoldtv,Green Gold TV - Official Channel,,,18.4M,-,325.7K,3.2K,N/A',June
BabyBus - Cerita & Lagu Anak-anak,BabyBus - Cerita & Lagu Anak-anak,Toys,,17.8M,-,327.3K,1.8K,N/A',June
Cleo y Cuquin - Canciones infantiles,Cleo y Cuquin - Canciones infantiles,Music & Dance,,9.5M,-,329.4K,1.3K,N/A',June
Cleo y Cuquin - Canciones infantiles,Cleo y Cuquin - Canciones infantiles,Music & Dance,,9.5M,-,329.4K,1.3K,N/A',June
DisneyChannelUK,DisneyChannelUK,Movies,Humor,12.3M,-,34.6K,283,N/A',June
LittleBabyBumEspanol,Little Baby Bum en EspaÃ±ol,Autos & Vehicles,Education,12.3M,-,34.9K,N/A',N/A',June
ChuChu TV Nursery Rhymes & Kids Songs,ChuChu TV Nursery Rhymes & Kids Songs,Education,,56.8M,-,343.2K,3.4K,N/A',June
elcanaldePlimPlim,Plim Plim - Kids Songs & Episodes - Spanish,Music & Dance,,14.1M,-,358.6K,3.9K,N/A',June
infobellstelugu,infobells - Telugu,Education,,26M,-,359.7K,1.4K,N/A',June
Oyuncak AvÄ±,Oyuncak AvÄ±,,,15.3M,-,36.3K,N/A',N/A',June
oyabakatousan,"Sen, Momo, Ai & Shii's Channel",Daily vlogs,,11.1M,-,36.6K,133,1,June
GallinaPintadita,Gallina Pintadita,Animation,,13.3M,-,366.5K,1.9K,N/A',June
Bounce Patrol - Kids Songs,Bounce Patrol - Kids Songs,Music & Dance,,26.2M,-,371.9K,1.4K,N/A',June
Wolfoo Channel,Wolfoo Channel,Movies,Toys,12.3M,-,375K,1.9K,N/A',June
Kids smile TV,Kids smile TV,Movies,Toys,10.5M,-,376.8K,977,N/A',June
Aadishakti Films,Aadishakti Films,Music & Dance,,13.3M,-,38.7K,1.1K,147,June
PicaPicaVEVO,Pica - Pica Oficial,Music & Dance,,9.7M,-,391.3K,706,N/A',June
Like Nastya PRT,Like Nastya PRT,,,20.5M,-,397.7K,2.2K,N/A',June
Ù‚Ù†Ø§Ø© ÙˆÙ†Ø§Ø³Ø© -  Wanasah TV,Ù‚Ù†Ø§Ø© ÙˆÙ†Ø§Ø³Ø© -  Wanasah TV,Music & Dance,,10.1M,-,4.8M,34.8K,N/A',June
à¤µà¥à¤²à¤¾à¤¦ à¤”à¤° à¤¨à¤¿à¤•à¤¿à¤¤à¤¾,à¤µà¥à¤²à¤¾à¤¦ à¤”à¤° à¤¨à¤¿à¤•à¤¿à¤¤à¤¾,,,25.1M,-,400.8K,3.4K,N/A',June
Morphle TV,Morphle TV,Animation,Toys,11.1M,-,401.5K,N/A',N/A',June
Like Nastya VNM,Like Nastya VNM,,,14M,-,405.3K,N/A',N/A',June
Nat and Essie,Nat and Essie,Toys,,11.7M,-,41.7K,335,N/A',June
Pinkfong en espaÃ±ol - Canciones Infantiles,Pinkfong en espaÃ±ol - Canciones Infantiles,Animation,,10.3M,-,41.7K,195,N/A',June
Wolfoo Family,Wolfoo Family,Animation,,11.9M,-,413.1K,1.4K,N/A',June
ChuChuTV Hindi,ChuChuTV Hindi,Education,,10.3M,-,42.4K,258,N/A',June
Genevieve's Playhouse - Learning Videos for Kids,Genevieve's Playhouse - Learning Videos for Kids,Toys,,25.4M,-,420.6K,1.8K,N/A',June
Planeta das GÃªmeas,Planeta das GÃªmeas,Toys,,14.7M,-,422.8K,20.3K,30,June
Morgz,Morgz,Video games,Humor,11.7M,-,424.6K,11.4K,1.5K,June
Blippi EspaÃ±ol,Blippi EspaÃ±ol,Toys,Education,13.6M,-,441.5K,1.9K,N/A',June
Jason Vlogs,Jason Vlogs,Animation,Toys,15.5M,-,449K,2K,N/A',June
barbie,Barbie,,,10.9M,-,45.6K,1K,N/A',June
Super JoJo - Nursery Rhymes & Kids Songs,Super JoJo - Nursery Rhymes & Kids Songs,Animation,,24.4M,-,459.3K,2.8K,N/A',June
ChuChuTV EspaÃ±ol,ChuChuTV EspaÃ±ol,Humor,,9.9M,-,46.7K,330,N/A',June
SockeyeMedia,Mother Goose Club Playhouse,Music & Dance,,17.7M,-,46.9K,89,N/A',June
Dolly and Friends,Dolly and Friends,Animation,Toys,9.4M,-,47.2K,312,N/A',June
Kids TV - Nursery Rhymes And Baby Songs,Kids TV - Nursery Rhymes And Baby Songs,Animation,,20.2M,-,48.3K,93,N/A',June
CKN,CKN,Video games,Toys,18.2M,-,48.3K,362,N/A',June
pinkfongko,í•‘í¬í (ì¸ê¸° ë™ìš”ãƒ»ë™í™”),Music & Dance,,10.7M,-,48.4K,420,N/A',June
Maria Clara & JP,Maria Clara & JP,,,32.6M,-,4M,35.4K,N/A',June
storybots,Netflix Jr.,Animation,Humor,11.2M,-,50.4K,119,N/A',June
Vlad and Niki PRT,Vlad and Niki PRT,,,10.4M,-,501.6K,N/A',N/A',June
Masha e o Urso,Masha e o Urso,,,17M,-,501.8K,3.3K,N/A',June
shfa2 - Ø´ÙØ§,shfa2 - Ø´ÙØ§,Daily vlogs,,35.2M,-,512K,5K,N/A',June
Totoy kids - EspaÃ±ol,Totoy kids - EspaÃ±ol,Toys,,13.6M,-,513.8K,2.6K,N/A',June
lucygerardi43,Luli PampÃ­n,Music & Dance,Animation,11.1M,-,529.2K,3.2K,N/A',June
DreamworksAnimation,Peacock Kids,Movies,Animation,9.4M,-,53.5K,156,N/A',June
WB Kids,WB Kids,Movies,Animation,21.8M,-,54.3K,521,N/A',June
TheElenaYa,Diana and Roma EN,Animation,Toys,17.7M,-,549K,2.6K,N/A',June
Masha y el Oso,Masha y el Oso,Animation,,23.8M,-,567.3K,3.6K,N/A',June
Biperysusamigos,Biper y sus Amigos,Music & Dance,,11.3M,-,59.4K,N/A',N/A',June
Vlad and Niki ESP,Vlad and Niki ESP,Toys,,12.2M,-,590.3K,3.1K,N/A',June
OficialPeppa,Peppa Pig em PortuguÃªs Brasil - Canal Oficial,Movies,Animation,12.3M,-,592.5K,5.4K,N/A',June
Gaby and Alex,Gaby and Alex,Toys,,17M,-,61.7K,181,N/A',June
chotoonz,Chotoonz TV - Funny Cartoons for Kids,,,11M,-,62.1K,N/A',N/A',June
Diana and Roma IND,Diana and Roma IND,,,10.8M,-,620.6K,3.1K,N/A',June
El Reino a Jugar,El Reino a Jugar,Toys,Education,15.6M,-,627.9K,2.3K,N/A',June
getmovies,Get Movies,,,40.2M,-,63.4K,418,N/A',June
Kids Play,Kids Play,,,15.7M,-,64.3K,414,N/A',June
BHOJPURIWAVE,Wave Music,Music & Dance,,52.7M,-,64.4K,1.4K,116,June
Wow Kidz,Wow Kidz,Animation,Humor,27.3M,-,66.6K,587,N/A',June
Like Nastya Stories,Like Nastya Stories,,,12.5M,-,67K,571,N/A',June
Jugnu Kids - Nursery Rhymes and Best Baby Songs,Jugnu Kids - Nursery Rhymes and Best Baby Songs,Animation,,9.6M,-,67K,551,N/A',June
Jugnu Kids - Nursery Rhymes and Best Baby Songs,Jugnu Kids - Nursery Rhymes and Best Baby Songs,Animation,,9.6M,-,67K,551,N/A',June
disneyjunior,Disney Junior,Music & Dance,,12.3M,-,69.6K,235,N/A',June
Ù…Ø§Ø´Ø§ Ùˆ Ø§Ù„Ø¯Ø¨,Ù…Ø§Ø´Ø§ Ùˆ Ø§Ù„Ø¯Ø¨,Animation,,11.9M,-,699.2K,7.5K,N/A',June
lokdhuntv,Wave Music Bhakti,Music & Dance,,11.5M,-,7.5K,127,11,June
Apple,Apple,,,15.9M,-,713.7K,28.5K,N/A',June
O Canal do JoÃ£ozinho - Little Angel PortuguÃªs,O Canal do JoÃ£ozinho - Little Angel PortuguÃªs,Animation,,13.7M,-,735.7K,5.2K,N/A',June
Little Angel Bahasa Indonesia - Lagu Anak,Little Angel Bahasa Indonesia - Lagu Anak,Music & Dance,Toys,9.4M,-,745.7K,5.7K,N/A',June
Diana and Roma PRT,Diana and Roma PRT,,,9.4M,-,753.3K,3.8K,N/A',June
Vlad and Niki Arabic,Vlad and Niki Arabic,,,19.2M,-,753K,5.2K,N/A',June
Little Angel: Nursery Rhymes & Kids Songs,Little Angel: Nursery Rhymes & Kids Songs,Toys,,27.2M,-,764.1K,4.4K,N/A',June
Ryan's World,Ryan's World,Animation,Toys,32.7M,-,767.4K,3.5K,N/A',June
ì„œì€ì´ì•¼ê¸°[SeoeunStory],ì„œì€ì´ì•¼ê¸°[SeoeunStory],,,9.4M,-,77.3K,443,N/A',June
videogyan,Videogyan Nursery Rhymes - Kids Songs & Cartoons,Animation,,10.9M,-,77.5K,395,N/A',June
Like Nastya Show,Like Nastya Show,Animation,Toys,41.4M,-,79.3K,657,N/A',June
â˜… Kids Roma Show,â˜… Kids Roma Show,Animation,Toys,18.8M,-,827.3K,4.4K,N/A',June
KatyPerryMusic,Katy Perry,Music & Dance,,43M,-,83.7K,6.2K,442,June
Kids Channel India - Hindi Rhymes and Baby Songs,Kids Channel India - Hindi Rhymes and Baby Songs,Education,,16.7M,-,86.6K,620,N/A',June
nickelodeonjuniorfr,Nick Jr.,Toys,,24.6M,-,87.3K,302,N/A',June
Smile Family,Smile Family,Animation,,22M,-,87.5K,583,N/A',June
toyorbabytv,toyorbabytv,Music & Dance,,19.4M,-,87.9K,N/A',N/A',June
ReinoMariaElenaWalsh,El Reino Infantil,Music & Dance,,50.1M,-,89.1K,600,N/A',June
Vlad and Niki,Vlad and Niki,Toys,,83M,-,9.1M,45K,N/A',June
Ð’Ð»Ð°Ð´ Ð¸ ÐÐ¸ÐºÐ¸Ñ‚Ð°,Ð’Ð»Ð°Ð´ Ð¸ ÐÐ¸ÐºÐ¸Ñ‚Ð°,Toys,,10.7M,-,907.5K,3.6K,N/A',June
Adriana Show,Adriana Show,Animation,Toys,9.4M,-,91.8K,N/A',N/A',June
cartoonnetworkuk,Cartoon Network UK,,,9.3M,-,92K,733,N/A',June
BabyBus - Kids Songs and Cartoons,BabyBus - Kids Songs and Cartoons,Animation,Toys,28.9M,-,936.3K,4.4K,N/A',June
Vlad vÃ  Nikita,Vlad vÃ  Nikita,Music & Dance,,24M,-,949.8K,5.1K,N/A',June
infobellshindirhymes,Infobells - Hindi,Education,,44.3M,-,952.2K,4.8K,N/A',June
theofficialpeppa,Peppa Pig - Official Channel,Toys,,27.7M,-,960.7K,4.5K,N/A',June
MashaMedvedTV,ÐœÐ°ÑˆÐ° Ð¸ ÐœÐµÐ´Ð²ÐµÐ´ÑŒ,Education,,38M,-,984.1K,6.6K,N/A',June
Little Angel EspaÃ±ol - Canciones Infantiles,Little Angel EspaÃ±ol - Canciones Infantiles,Animation,,17.3M,-,994.1K,6.3K,N/A',June
TiempodeSol,Duo Tiempo De Sol,Music & Dance,,11.3M,-,99K,357,N/A',June
ArabGamesNetwork,Ø´Ø¨ÙƒØ© Ø§Ù„Ø¹Ø§Ø¨ Ø§Ù„Ø¹Ø±Ø¨ | Arab Games Network,,,16.6M,Algeria,325.1K,22.1K,1.2K,June
AlArabiya,AlArabiya Ø§Ù„Ø¹Ø±Ø¨ÙŠØ©,News & Politics,,11.1M,Algeria,2.6K,43,10,June
Oum Walid,Oum Walid,Education,,10.8M,Algeria,543.4K,27.1K,1.5K,June
Rawan and Rayan,Rawan and Rayan,,,10.3M,Algeria,1.2M,75.8K,22.8K,June
RobleisIUTU,RobleisIUTU,Animation,Video games,17.1M,Argentina,1M,71.9K,1.8K,June
Bizarrap,Bizarrap,Music & Dance,Movies,14.3M,Argentina,23M,1.3M,68.8K,June
#Refugio Mental,#Refugio Mental,Movies,,14.1M,Argentina,450.5K,4.7K,66,June
Alejo Igoa,Alejo Igoa,DIY & Life Hacks,,13.9M,Argentina,5M,201K,16.1K,June
telemundotv,Telemundo,,,13.3M,Argentina,33.4K,374,15,June
elrubius,Rubius Z,Movies,Animation,11.5M,Argentina,1.7M,142.8K,1.8K,June
SOMOY TV,SOMOY TV,Daily vlogs,,15.7M,Bangladesh,7.9K,161,11,June
Sony AATH,Sony AATH,,,15.5M,Bangladesh,108.3K,1.6K,57,June
Jamuna TV,Jamuna TV,News & Politics,,11.3M,Bangladesh,28.5K,824,55,June
CanalKondZilla,Canal KondZilla,Music & Dance,,65.7M,Brazil,37.1K,2.2K,111,June
felipeneto,Felipe Neto,,,44.1M,Brazil,1.1M,126.2K,1.6K,June
vcsabiavideos,VocÃª Sabia?,,,43M,Brazil,1.4M,133.7K,2.1K,June
luccasneto,LUCCAS NETO - LUCCAS TOON,Movies,Animation,37.5M,Brazil,467.9K,12K,N/A',June
gr6explode,GR6 EXPLODE,Music & Dance,,37.4M,Brazil,64.5K,4K,110,June
rezendeevil,rezendeevil,Video games,,29.7M,Brazil,337.5K,40.8K,748,June
xSkyHeLLxx,Renato Garcia,Movies,Animation,25.2M,Brazil,812.3K,87.2K,1.2K,June
davidguettavevo,David Guetta,Music & Dance,,24.2M,Brazil,137.6K,6.8K,249,June
mildicasdemulher,Erlania e Valentina Pontes,,,22.6M,Brazil,174K,3.5K,39,June
CanalCanalha,Canal Canalha,Sports,,20.7M,Brazil,870.8K,136.2K,1.4K,June
AuthenticGames,AuthenticGames,Video games,,20.2M,Brazil,30.2K,3.1K,163,June
TheEnaldinhO,Enaldinho,,,19.8M,Brazil,353.7K,22.4K,373,June
Totoy kids - PortuguÃªs,Totoy kids - PortuguÃªs,Toys,,19.4M,Brazil,580.5K,5K,N/A',June
Gusttavo Lima Oficial,Gusttavo Lima Oficial,Music & Dance,,19M,Brazil,79.5K,6.6K,200,June
RobinHoodGamer1,Robin Hood Gamer,Animation,Video games,18.8M,Brazil,1.1M,71.2K,798,June
fatosdesconhecidos,Fatos Desconhecidos,Science & Technology,,18.8M,Brazil,72.4K,9.7K,764,June
DanielSaboya,Dan-Sa / Daniel Saboya,Music & Dance,Animation,18M,Brazil,28.4K,1.2K,18,June
portadosfundos,Porta dos Fundos,Movies,Animation,17.3M,Brazil,843.7K,70.9K,979,June
Rafa & Luiz,Rafa & Luiz,Video games,,16.4M,Brazil,379.6K,22.8K,645,June
iberethenorio,Manual do Mundo,Science & Technology,,16.3M,Brazil,437.1K,42.5K,611,June
DUDU e CAROL,DUDU e CAROL,,,16.1M,Brazil,1.2M,93.2K,958,June
boyceavenue,Boyce Avenue,Music & Dance,,15.9M,Brazil,329.3K,11.6K,398,June
OGatoGalactico,Gato Galactico | GALÃXIA,Toys,,15.3M,Brazil,119.5K,6.8K,125,June
T3DDYgames,T3ddy,Daily vlogs,,14.9M,Brazil,845.2K,88.7K,1.9K,June
IDEIAS INCRÃVEIS,IDEIAS INCRÃVEIS,,,14.7M,Brazil,12.2K,249,5,June
hejproducao,Henrique e Juliano,Music & Dance,,14.7M,Brazil,50.5K,1.9K,19,June
LEGENDA FUNK,LEGENDA FUNK,Music & Dance,Animation,14.7M,Brazil,7.1K,367,11,June
zncoficial,ZÃ© Neto e Cristiano,Music & Dance,,14.6M,Brazil,32.7K,2.3K,51,June
jemproducoes,Jorge & Mateus Oficial,Music & Dance,,14.5M,Brazil,0,N/A',N/A',June
mkmusicnews,MK MUSIC,Music & Dance,,14.5M,Brazil,26.2K,1.2K,80,June
camilaloures,Camila Loures,Movies,Humor,14.1M,Brazil,346.2K,28K,587,June
inventonahoratv,Invento na Hora,,,14.1M,Brazil,1.1M,139K,1.8K,June
AM3NlC,AM3NlC,Food & Drinks,,13.9M,Brazil,193.3K,22.2K,240,June
MAIKI021,MAIKI021,Autos & Vehicles,,13.7M,Brazil,30K,4.7K,130,June
TazerCraft,TazerCraft,Animation,Video games,13.6M,Brazil,598.5K,35.3K,522,June
NOBRU,NOBRU,Video games,Toys,13.5M,Brazil,321K,38.6K,354,June
boplayhard,PlayHard,,,13.5M,Brazil,204.4K,18.7K,106,June
djzoi0,Everson Zoio,Movies,Animation,12.9M,Brazil,153.4K,25K,2.4K,June
RedeTVhdBrasil,RedeTV,News & Politics,,12.9M,Brazil,3.6K,118,5,June
O Que NÃ£o Dizer Oficial,O Que NÃ£o Dizer Oficial,,,12.9M,Brazil,298.2K,38.8K,373,June
#RefÃºgio Mental,#RefÃºgio Mental,,,12.7M,Brazil,197.7K,6.1K,45,June
einerdtv,Ei Nerd,Movies,Animation,12.7M,Brazil,291.4K,44.5K,1.3K,June
canalparafernalha,Parafernalha,,,12.5M,Brazil,18.6K,1.5K,10,June
jazzghost1,Jazzghost,Animation,Video games,12.5M,Brazil,968.9K,59.5K,1.9K,June
Juliana Baltar,Juliana Baltar,Toys,,12.5M,Brazil,192.4K,12.8K,550,June
Piuzinho,Piuzinho,Animation,Humor,12.5M,Brazil,298.1K,53.3K,691,June
Crescendo com Luluca,Crescendo com Luluca,Toys,,12.3M,Brazil,1.4M,66.1K,6.3K,June
Troom Troom PT,Troom Troom PT,Toys,,12.3M,Brazil,100.1K,2.3K,26,June
LOUD,LOUD,,,12.3M,Brazil,135K,13.7K,45,June
Bela BagunÃ§a,Bela BagunÃ§a,Toys,,12.3M,Brazil,59.7K,2.5K,110,June
EU FICO LOKO,EU FICO LOKO,,,11.9M,Brazil,11.8K,1.1K,15,June
FelipeViktor,LipaoGamer,Animation,Video games,11.4M,Brazil,91.9K,6.8K,118,June
Akon,Akon,Music & Dance,,11.4M,Brazil,117.5K,8.6K,516,June
Simone e Simaria,Simone e Simaria,Music & Dance,Movies,11.3M,Brazil,30.1K,1.8K,36,June
coisadenerd,Coisa de Nerd,Design/art,,11.1M,Brazil,499.7K,62.3K,1.6K,June
VirgÃ­nia Fonseca,VirgÃ­nia Fonseca,Daily vlogs,,11.1M,Brazil,839.6K,85.7K,1.5K,June
Bispo Bruno Leonardo,Bispo Bruno Leonardo,Music & Dance,,11M,Brazil,689.8K,245.3K,190.1K,June
jpgameplayfull,JP Plays,Video games,,10.9M,Brazil,94.6K,6.5K,167,June
prantoniojunior,Pastor AntÃ´nio JÃºnior,Music & Dance,,10.9M,Brazil,314.6K,78.2K,7.5K,June
GamesEduUu,Games EduUu,Movies,Toys,10.9M,Brazil,1.3M,202.1K,6.2K,June
brancoala,Brancoala,Toys,,10.7M,Brazil,459.4K,11.4K,288,June
5incominutos,5incominutos,,,10.7M,Brazil,146.5K,25.7K,1.2K,June
francinyehlke,Franciny Ehlke,Fashion,Design/art,10.6M,Brazil,212.7K,22.5K,1K,June
Playing with Rafael,Playing with Rafael,,,10.5M,Brazil,28.7K,1.3K,N/A',June
sbtthenoite,The Noite com Danilo Gentili,,,10.5M,Brazil,14.5K,773,28,June
Milena Stepanienco - MILENINHA,Milena Stepanienco - MILENINHA,Toys,,10.3M,Brazil,214.2K,1.9K,N/A',June
MrGustavoParodias,Gustavo ParÃ³dias,,,10.2M,Brazil,605.5K,41.2K,60,June
TomorrowlandChannel,Tomorrowland,Music & Dance,,10.1M,Brazil,13.5K,677,50,June
JessicaJulioeBaby,Laurinha e Helena - Clubinho da Laura,Movies,Animation,10.1M,Brazil,188.7K,5K,114,June
Lorrayne Oliveira,Lorrayne Oliveira,Toys,,10.1M,Brazil,525.2K,26K,979,June
Receitas de Pai,Receitas de Pai,Food & Drinks,,10.1M,Brazil,95.7K,12.2K,436,June
RUOK FF,RUOK FF,,,10M,Brazil,620.3K,59.2K,3.9K,June
makebymarimaria,Mari Maria,Fashion,DIY & Life Hacks,9.9M,Brazil,85.9K,7.7K,479,June
mamilosmolengas,Mussoumano,Music & Dance,Animation,9.9M,Brazil,1.5M,71.9K,4.7K,June
panicopgm,Programa Panico,Toys,,9.9M,Brazil,19.7K,949,29,June
BrPVPHu3,JoÃ£o Caetano,,,9.7M,Brazil,530.2K,47.5K,796,June
BETO GAMER,BETO GAMER,Animation,Video games,9.6M,Brazil,418.8K,35.2K,343,June
NetflixBRA,Netflix Brasil,,,9.6M,Brazil,29.5K,2.4K,107,June
Garena Free Fire Brasil,Garena Free Fire Brasil,Video games,,9.5M,Brazil,16.5K,1.7K,92,June
FutParÃ³dias,FutParÃ³dias,Music & Dance,,9.3M,Brazil,1.2M,96.2K,1.5K,June
brunoberti10,IrmÃ£os Berti,Movies,Animation,9.3M,Brazil,90.9K,6K,249,June
NetflixBRA,Netflix Brasil,,,9.6M,Brazil,29.5K,2.4K,107,June
Garena Free Fire Brasil,Garena Free Fire Brasil,Video games,,9.5M,Brazil,16.5K,1.7K,92,June
NickyJamTV,NickyJamTV,Music & Dance,,23.1M,Colombia,33.2K,1.9K,72,June
Anuel AA,Anuel AA,Music & Dance,,22M,Colombia,7.1M,230.2K,17.8K,June
Sandra Cires Art,Sandra Cires Art,,,16.1M,Colombia,730.1K,47.4K,2K,June
Camilo,Camilo,Music & Dance,,15.1M,Colombia,184.8K,9.9K,115,June
YOLO AVENTURAS,YOLO AVENTURAS,Daily vlogs,,12.9M,Colombia,1.4M,114.4K,1.9K,June
MrSirpirriplin,Ami Rodriguez,,,12.5M,Colombia,1.3M,124K,379,June
Lulu99,Lulu99,,,11.9M,Colombia,226.3K,16.1K,1.4K,June
DANIEL EL TRAVIESO VIDEOS,DANIEL EL TRAVIESO VIDEOS,Animation,Humor,11.6M,Colombia,1.2M,43.2K,1.4K,June
Sech,Sech,Music & Dance,,9.6M,Colombia,12.9K,772,8,June
MrStiven Tc,MrStiven Tc,Video games,,9.5M,Colombia,359.6K,36.1K,174,June
MrStiven Tc,MrStiven Tc,Video games,,9.5M,Colombia,359.6K,36.1K,174,June
Ceylin - H Official,Ceylin - H Official,Music & Dance,,10.7M,Cyprus,18.4K,N/A',N/A',June
enchufetv,enchufetv,Humor,,26M,Ecuador,309.1K,25.2K,106,June
Ø­ÙØ±Ù Ø¥Ø¨Ø¯Ø§Ø¹ÙŠØ© ÙÙŠ 5 Ø¯Ù‚Ø§Ø¦Ù‚,Ø­ÙØ±Ù Ø¥Ø¨Ø¯Ø§Ø¹ÙŠØ© ÙÙŠ 5 Ø¯Ù‚Ø§Ø¦Ù‚,,,15.1M,Egypt,41.7K,479,20,June
Ø­Ù‚Ø§Ø¦Ù‚ ÙˆØ£Ø³Ø±Ø§Ø±,Ø­Ù‚Ø§Ø¦Ù‚ ÙˆØ£Ø³Ø±Ø§Ø±,,,14.5M,Egypt,21.5K,1.1K,64,June
MRamadanOfficial,Mohamed Ramadan I Ù…Ø­Ù…Ø¯ Ø±Ù…Ø¶Ø§Ù†,,,14.1M,Egypt,2.8M,52K,3.2K,June
Anasala I Ø£Ù†Ø³ Ùˆ Ø£ØµØ§Ù„Ø©,Anasala I Ø£Ù†Ø³ Ùˆ Ø£ØµØ§Ù„Ø©,,,14.1M,Egypt,3.5M,233.5K,6.9K,June
MBCMASR,MBC Ù…ØµØ±,,,11.7M,Egypt,1.2K,14,1,June
Ø§Ù„Ø¬Ø§Ù†Ø¨ Ø§Ù„Ù…ÙØ´Ø±Ù‚ | Bright Side Arabic,Ø§Ù„Ø¬Ø§Ù†Ø¨ Ø§Ù„Ù…ÙØ´Ø±Ù‚ | Bright Side Arabic,,,11.3M,Egypt,28.8K,809,48,June
Troom Troom Arabic,Troom Troom Arabic,,,10.5M,Egypt,356.4K,4.7K,66,June
shfa,shfa,Daily vlogs,,35.6M,France,3.5M,50.9K,N/A',June
aMOODIEsqueezie,SQUEEZIE,,,17.1M,France,4.9M,429.7K,5.5K,June
NormanFaitDesVideos,NORMAN FAIT DES VIDÃ‰OS,Animation,Humor,12.1M,France,1.6M,153.5K,3.1K,June
tseries,T-Series,Music & Dance,,217M,India,140.3K,4.4K,203,June
setindia,SET India,,,130.5M,India,26.2K,358,22,June
zeemusiccompany,Zee Music Company,Music & Dance,,84.3M,India,61.6K,2.5K,137,June
5-Minute Crafts,5-Minute Crafts,,,76.8M,India,249.4K,2.2K,86,June
GoldminesTelefilms,Goldmines,,,71.4M,India,33.5K,518,23,June
sabtv,Sony SAB,Movies,Animation,68.5M,India,34.5K,659,18,June
BANGTANTV,BANGTANTV,Music & Dance,,68.2M,India,3.9M,720.8K,15K,June
zeetv,Zee TV,,,62.3M,India,78.3K,1.1K,12,June
filmigaane,Shemaroo Filmi Gaane,Music & Dance,,60.5M,India,43.5K,461,28,June
colorstv,Colors TV,,,52.9M,India,15K,326,5,June
tipsmusic,Tips Official,Music & Dance,,51.6M,India,210.6K,1.8K,54,June
aajtaktv,Aaj Tak,News & Politics,,51.5M,India,7K,106,13,June
sonymusicindiaSME,Sony Music India,Music & Dance,,51.4M,India,110.6K,3.7K,155,June
tseriesbhakti,T-Series Bhakti Sagar,Music & Dance,,51.2M,India,24.4K,833,46,June
yrf,YRF,Music & Dance,Movies,46.3M,India,1.2M,23.8K,1.5K,June
speedrecordss,Speed Records,Music & Dance,,40.4M,India,29.4K,1.4K,71,June
Voot Kids,Voot Kids,Movies,Animation,37.8M,India,1.4M,10.3K,N/A',June
ShemarooEnt,Shemaroo,,,37.7M,India,24.7K,152,6,June
venus,Ishtar Music,Music & Dance,,37.1M,India,24.7K,354,19,June
Jkk Entertainment,Jkk Entertainment,,,35.2M,India,4.9M,40.6K,557,June
Goldmines Gaane Sune Ansune,Goldmines Gaane Sune Ansune,Music & Dance,,33.7M,India,41.5K,379,18,June
Total Gaming,Total Gaming,,,32.8M,India,1M,117.4K,4.9K,June
abpnewstv,ABP NEWS,News & Politics,,32.8M,India,2.7K,33,4,June
Desi Music Factory,Desi Music Factory,Music & Dance,,32.7M,India,10.5M,498.1K,43.2K,June
UltraHindi,Ultra Bollywood,,,32.5M,India,436.1K,2.3K,42,June
Geet MP3,Geet MP3,Music & Dance,,32.5M,India,10.4M,247K,19.1K,June
sonypalindia,Sony PAL,,,32M,India,7K,55,7,June
tseriesapnapunjab,T-Series Apna Punjab,Music & Dance,,31.9M,India,24K,1.1K,59,June
KHANDESHI MOVIES,KHANDESHI MOVIES,,,31.7M,India,3.6M,31.6K,529,June
IndiaTV,IndiaTV,News & Politics,,31.1M,India,8.3K,168,12,June
erosentertainment,Eros Now Music,,,30.7M,India,15.3K,403,12,June
MrBean,Mr Bean,,,30.6M,India,4.3M,145.3K,9.5K,June
tseriesoldisgold,Bollywood Classics,Music & Dance,,29.9M,India,37.5K,759,34,June
rajshri,Rajshri,,,29.9M,India,16.3K,135,7,June
SongsOfIndianCinema,Saregama Music,Music & Dance,,28.9M,India,27.9K,840,45,June
WWRBhojpuri,Worldwide Records Bhojpuri,Music & Dance,,27.7M,India,71K,1.7K,104,June
Techno Gamerz,Techno Gamerz,,,27.2M,India,6.5M,377.8K,21.5K,June
PowerKids,PowerKids,Movies,Animation,27.1M,India,21.4K,N/A',N/A',June
Round2hell,Round2hell,,,26.7M,India,33.9M,3.2M,146.5K,June
MR. INDIAN HACKER,MR. INDIAN HACKER,,,26.2M,India,6.4M,561.2K,21.6K,June
zeenews,Zee News,News & Politics,,25.9M,India,29.7K,723,49,June
adityamusic,Aditya Music,Music & Dance,,25.6M,India,37.6K,1.3K,34,June
1MILLION Dance Studio,1MILLION Dance Studio,,,25.4M,India,37.2K,2.1K,37,June
adityacinema,Aditya Movies,,,23.7M,India,18.3K,355,19,June
Sandeep Maheshwari,Sandeep Maheshwari,Daily vlogs,,23M,India,1.2M,77.4K,4K,June
DjSnakeTV,DJ Snake,Music & Dance,,23M,India,0,972,15,June
ABP NEWS HINDI,ABP NEWS HINDI,News & Politics,,22.8M,India,1.1K,13,2,June
Technical Guruji,Technical Guruji,,,22.2M,India,70.5K,6.1K,707,June
shemaroomovies,Shemaroo Movies,,,21.9M,India,12K,78,3,June
VenusMovies,Venus Movies,,,21.8M,India,226.9K,2K,65,June
Crazy XYZ,Crazy XYZ,,,21.7M,India,5.3M,371.3K,18.2K,June
Goldmines Bollywood,Goldmines Bollywood,,,21.7M,India,14.1K,119,6,June
WHBBP,White Hill Music,Music & Dance,,21.5M,India,26.6K,1.4K,49,June
The Lallantop,The Lallantop,News & Politics,,21.5M,India,14.1K,352,53,June
hamaarbhojiwood,Wave Music Bhojpuri,Music & Dance,,21.2M,India,14K,240,30,June
5-Minute Crafts DIY,5-Minute Crafts DIY,Music & Dance,,20.8M,India,23.3K,420,15,June
goldmineshindi,Goldmines Movies,,,20.6M,India,8.1K,80,5,June
PenIndiaPvtLimited,Pen Movies,,,20.6M,India,1.4M,70.8K,2.7K,June
Goldmines Cineplex,Goldmines Cineplex,,,20.2M,India,9.1K,97,5,June
HaerteTest,HaerteTest,,,20M,India,27.9K,211,19,June
5-Minute Crafts PLAY,5-Minute Crafts PLAY,,,19.8M,India,47.1K,274,16,June
starplus,StarPlus,,,19.6M,India,120.2K,3K,37,June
UltraMovieParlour,Ultra Movie Parlour,,,19.5M,India,2M,19.5K,363,June
MrVivekBindra,Dr. Vivek Bindra: Motivational Speaker,Education,,19.2M,India,602.2K,30.2K,1.5K,June
Crafty Panda,Crafty Panda,Music & Dance,,19.1M,India,47.3K,450,13,June
DLS News,DLS News,News & Politics,,19M,India,72.6K,2.3K,130,June
sonotekvideo,Sonotek,Music & Dance,,18.2M,India,25.6K,775,139,June
Netflix India,Netflix India,,,18.1M,India,127.5K,4.8K,141,June
Sun TV,Sun TV,,,17.8M,India,82.4K,1.5K,23,June
Emiway Bantai,Emiway Bantai,Music & Dance,,17.8M,India,5.6M,495K,122.7K,June
FactTechz,FactTechz,,,17.5M,India,386.1K,38.5K,789,June
A_S Gaming,A_S Gaming,,,17.5M,India,589.7K,62.9K,1.4K,June
Stubborn Facts,Stubborn Facts,,,17.3M,India,0,N/A',N/A',June
STARVIJAY,Vijay Television,,,17.1M,India,365.4K,8K,110,June
etvteluguindia,etvteluguindia,,,17.1M,India,27.4K,284,1,June
Village Cooking Channel,Village Cooking Channel,,,17M,India,6.2M,208.7K,4.6K,June
Khan GS Research Centre,Khan GS Research Centre,Education,,16.4M,India,7.5M,490.2K,21.8K,June
Triggered Insaan,Triggered Insaan,Humor,,16.1M,India,3.8M,401.3K,14.7K,June
Prajapati News,Prajapati News,,,16.1M,India,29.3K,1.4K,56,June
Aayu and Pihu Show,Aayu and Pihu Show,Movies,Humor,15.7M,India,3M,76.2K,6.2K,June
Goldmines Great Indian Comedy,Goldmines Great Indian Comedy,,,15.7M,India,14.5K,189,10,June
rkddigital,RKD Studios,,,15.6M,India,22.3K,478,28,June
indiancomedy,Shemaroo Comedy,,,15.3M,India,50.6K,511,16,June
wifistudy,wifistudy,Education,,15.3M,India,7.5K,529,10,June
popchartbusters,Pop Chartbusters,Music & Dance,,15.3M,India,7K,172,11,June
Sourav Joshi Vlogs,Sourav Joshi Vlogs,Daily vlogs,,15.3M,India,6.1M,545.6K,16.8K,June
LOKESH GAMER,LOKESH GAMER,,,15M,India,554.6K,64.2K,2K,June
SriBalajiMovies,SriBalajiMovies,,,14.9M,India,7.9K,90,2,June
News24page,News24,News & Politics,,14.9M,India,3.1K,63,8,June
newvolgavideo,Volga Video,,,14.7M,India,4.3K,42,2,June
Harsh Beniwal,Harsh Beniwal,Movies,Humor,14.7M,India,15.7M,1.7M,91K,June
laharimusic,Lahari Music | T-Series,Music & Dance,,14.5M,India,12.3K,464,15,June
ndtvindia,NDTV India,News & Politics,,14.5M,India,11.5K,296,32,June
Dushyant kukreja,Dushyant kukreja,,,14.4M,India,5.5M,316.4K,873,June
bbchindi,BBC News Hindi,News & Politics,,14.3M,India,159K,N/A',315,June
BollywoodClassics,Bollywood Classics,Music & Dance,,14.2M,India,16.8K,185,8,June
Gyan Gamingã…¤,Gyan Gamingã…¤,,,14.2M,India,475.9K,51.9K,750,June
And TV,And TV,,,14.2M,India,3K,111,1,June
TeamFilmsBhojpuri,Team Films Bhojpuri,Music & Dance,Movies,14.1M,India,19.9K,473,88,June
narendramodionline,NMF News,News & Politics,,14.1M,India,10K,246,29,June
News18 India,News18 India,News & Politics,,13.9M,India,4.3K,70,4,June
A2 Motivation by {Arvind Arora},A2 Motivation by {Arvind Arora},,,13.9M,India,501.8K,60.7K,300,June
Dangal TV Channel,Dangal TV Channel,,,13.8M,India,40.5K,314,6,June
Sidhu Moose Wala,Sidhu Moose Wala,Music & Dance,,13.8M,India,1.7M,118.5K,4.9K,June
fcbarcelona,FC Barcelona,Sports,,13.5M,India,92.8K,6.9K,213,June
Online Job,Online Job,,,13.3M,India,7.8K,315,39,June
MazhavilManorama,Mazhavil Manorama,,,13.3M,India,17.6K,276,7,June
ZEE5,ZEE5,,,13.3M,India,1K,26,N/A',June
Taarak Mehta Ka Ooltah Chashmah,Taarak Mehta Ka Ooltah Chashmah,,,13.2M,India,498.8K,7.8K,179,June
MyMissAnand,MyMissAnand,Movies,Humor,13.1M,India,1.5M,47.1K,N/A',June
iloveindianmakeup,Anaysa,Humor,,13.1M,India,998.9K,36.9K,950,June
5-Minute Crafts Recycle,5-Minute Crafts Recycle,,,13.1M,India,56.3K,565,13,June
Desi Gamers,Desi Gamers,,,13M,India,890.5K,121.9K,7.3K,June
MY FAMILY,MY FAMILY,,,12.9M,India,5.7M,25K,282,June
Dan Rhodes,Dan Rhodes,Animation,Toys,12.9M,India,441K,37.1K,304,June
ETV Jabardasth,ETV Jabardasth,,,12.9M,India,121K,1.9K,42,June
SRKASSAMESE,SRK MUSIC,Music & Dance,,12.9M,India,45.7K,1.4K,91,June
LIV Crime,LIV Crime,Daily vlogs,,12.8M,India,81.2K,1K,54,June
Health Time,Health Time,Daily vlogs,,12.7M,India,2.3K,91,N/A',June
zeetvtelugu,Zee Telugu,,,12.7M,India,75.6K,936,9,June
NishaMadhulika,Nisha Madhulika,Food & Drinks,,12.6M,India,222.1K,5.4K,804,June
Knowledge Tv à¤¹à¤¿à¤¨à¥à¤¦à¥€,Knowledge Tv à¤¹à¤¿à¤¨à¥à¤¦à¥€,Education,,12.5M,India,99.2K,4K,161,June
Busy Fun Ltd,Busy Fun Ltd,,,12.5M,India,23.7M,86.1K,981,June
tseriesregional,T-Series Regional,Music & Dance,,12.5M,India,3.8K,81,11,June
Dear Sir,Dear Sir,Education,,12.3M,India,71.7K,10.7K,341,June
zeebangla,Zee Bangla,,,12.3M,India,27.3K,333,4,June
hamaarbhojpuri,T-Series Hamaar Bhojpuri,Music & Dance,,12.3M,India,19.1K,386,44,June
The MriDul,The MriDul,,,12.3M,India,7.3M,296.8K,13.4K,June
StudyIQ IAS,StudyIQ IAS,Education,,12.3M,India,11.7K,566,12,June
JOJO TV - Hindi Stories,JOJO TV - Hindi Stories,,,12.1M,India,141.8K,842,N/A',June
Kabita's Kitchen,Kabita's Kitchen,,,12.1M,India,162.7K,5.4K,427,June
Mythpat,Mythpat,,,12.1M,India,4M,241.8K,10.8K,June
Blockbuster Movies,Blockbuster Movies,Daily vlogs,,12.1M,India,113.8K,1K,22,June
officialjassrecords,Jass Records,Music & Dance,,12.1M,India,8.9K,674,13,June
Troom Troom India,Troom Troom India,,,12.1M,India,367.2K,3.1K,44,June
Sony Music South,Sony Music South,Music & Dance,,12M,India,228.2K,3.8K,148,June
thinkmusicindia,Think Music India,Music & Dance,,12M,India,54.4K,2.6K,96,June
Planet Earth INDIA,Planet Earth INDIA,Daily vlogs,,11.9M,India,28.6K,1.9K,159,June
Panda,Panda,Animation,Toys,11.9M,India,1.1M,116.6K,4.6K,June
ndtv,NDTV,News & Politics,,11.9M,India,3.4K,49,11,June
Trakin Tech,Trakin Tech,News & Politics,,11.8M,India,198.8K,14.9K,642,June
CHHOTU KI MASTI,CHHOTU KI MASTI,,,11.7M,India,2.1M,19.9K,376,June
htbhakti,Sonotek Bhakti,Music & Dance,,11.7M,India,115.4K,159,64,June
TsMadaan,TsMadaan,Education,,11.7M,India,14.8K,1.2K,11,June
Koo Koo TV - Hindi,Koo Koo TV - Hindi,,,11.7M,India,470.8K,4.9K,140,June
Narendra Modi,Narendra Modi,Science & Technology,News & Politics,11.4M,India,24.9K,1.1K,91,June
Hero Movies 2022,Hero Movies 2022,Daily vlogs,,11.3M,India,49.7K,489,12,June
Free Fire India Official,Free Fire India Official,Animation,,11.3M,India,84.9K,9.6K,324,June
Technology Gyan,Technology Gyan,,,11.2M,India,277.9K,25.7K,1.2K,June
Ajay Sharma,Ajay Sharma,,,11.2M,India,2M,107.3K,242,June
hawkrecord,Single Track Studio,Music & Dance,,11.2M,India,336K,3.4K,130,June
MaJa Tv Hindi Stories,MaJa Tv Hindi Stories,,,11.2M,India,518.7K,5.5K,110,June
CarryisLive,CarryisLive,,,11.1M,India,1M,82.8K,722,June
TheViralFeverVideos,The Viral Fever,Movies,Humor,11.1M,India,302.4K,18.2K,193,June
Gulshan Kalra,Gulshan Kalra,,,11.1M,India,4.3M,324.2K,327,June
BakLol Video,BakLol Video,Movies,Humor,11.1M,India,1.7M,32.6K,1K,June
Mo Vlogs,Mo Vlogs,Humor,Autos & Vehicles,11M,India,295.5K,14K,1.1K,June
bharatzkitchen HINDI,bharatzkitchen HINDI,,,11M,India,245.2K,5.7K,217,June
TV9 Bharatvarsh,TV9 Bharatvarsh,News & Politics,,11M,India,7.7K,145,6,June
Republic Bharat,Republic Bharat,News & Politics,,11M,India,8K,149,18,June
Pari's Lifestyle,Pari's Lifestyle,Daily vlogs,,11M,India,1.6M,21.1K,521,June
Levinho,Levinho,,,10.9M,India,239K,23.2K,564,June
Pragati Verma Shorts,Pragati Verma Shorts,,,10.9M,India,2.2M,133.5K,1.8K,June
telugufilmnagar,Telugu Filmnagar,,,10.7M,India,3K,60,1,June
NEXT9NEWS à¤¹à¤° à¤–à¤¬à¤° à¤†à¤ª à¤¤à¤•,NEXT9NEWS à¤¹à¤° à¤–à¤¬à¤° à¤†à¤ª à¤¤à¤•,News & Politics,,10.7M,India,2.8K,21,1,June
OfficiallyAnneMarie,Anne-Marie,Music & Dance,,10.7M,India,50.8K,3.9K,183,June
Flowers Comedy,Flowers Comedy,,,10.7M,India,98.3K,1.3K,105,June
KapilComedyNights,Colors Rishtey,,,10.6M,India,5.8K,87,2,June
sagahits,SagaHits,Music & Dance,,10.6M,India,194.1K,997,53,June
zeetamil,Zee Tamil,,,10.5M,India,60.3K,734,7,June
TWO SIDE GAMERS,TWO SIDE GAMERS,,,10.5M,India,844.5K,78.6K,4.1K,June
Rachit Rojha,Rachit Rojha,,,10.5M,India,5.3M,127.6K,4.1K,June
Captain Watch Hits,Captain Watch Hits,,,10.5M,India,10.4K,69,4,June
N1Noobtubers,ì›ƒì›ƒTwinsFromRussia,Daily vlogs,,10.5M,India,59.4K,3.2K,21,June
Pen Multiplex,Pen Multiplex,,,10.5M,India,11.7K,86,4,June
RDCGujarati,RDC Gujarati,Music & Dance,,10.4M,India,27.4K,888,19,June
Sab Kuchh Sekho Jano,Sab Kuchh Sekho Jano,News & Politics,,10.3M,India,18.4K,1K,45,June
WAMIndiaMovies,Wamindia Movies,,,10.3M,India,10.7K,137,6,June
Hindi Fairy Tales,Hindi Fairy Tales,,,10.3M,India,412.3K,6.9K,N/A',June
rathorvideo,Rathore Cassettes,,,10.1M,India,8K,86,6,June
Hindi Countdown,Hindi Countdown,Education,,10.1M,India,4M,99.7K,2.2K,June
Hindi Kahaniya,Hindi Kahaniya,,,10.1M,India,120.5K,1.5K,42,June
Heroine Movies 2022,Heroine Movies 2022,Daily vlogs,,10.1M,India,149.6K,926,19,June
Dynamo Gaming,Dynamo Gaming,,,10.1M,India,327.4K,38.5K,171,June
sadhguru,Sadhguru,Movies,,10.1M,India,126K,7K,145,June
ChennaiExp2013,Red Chillies Entertainment,,,10.1M,India,43.1K,1.6K,92,June
Comedy Captain,Comedy Captain,,,10M,India,19.7K,132,3,June
5-Minute Recipes,5-Minute Recipes,,,10M,India,61.9K,642,17,June
timesmusicindia,Times Music,Music & Dance,,9.9M,India,14.4K,564,31,June
shrutiarjunanand,Shruti Arjun Anand,Movies,Humor,9.9M,India,690.8K,19.4K,549,June
Indore Physical Academy,Indore Physical Academy,,,9.8M,India,173.1K,14.4K,207,June
sonyliv,SonyLIV,,,9.8M,India,3.7K,74,5,June
Eagle Home Entertainments,Eagle Home Entertainments,,,9.8M,India,1K,11,N/A',June
Marta and Rustam,Marta and Rustam,,,9.7M,India,7.9M,224.3K,206,June
Oneindia Hindi | à¤µà¤¨à¤‡à¤‚à¤¡à¤¿à¤¯à¤¾ à¤¹à¤¿à¤‚à¤¦à¥€,Oneindia Hindi | à¤µà¤¨à¤‡à¤‚à¤¡à¤¿à¤¯à¤¾ à¤¹à¤¿à¤‚à¤¦à¥€,News & Politics,,9.7M,India,1.5K,24,1,June
CS Bisht Vines,CS Bisht Vines,,,9.7M,India,4.9M,39.6K,815,June
Sonotek Haryanvi,Sonotek Haryanvi,Music & Dance,,9.7M,India,7.2K,245,23,June
aanandaaudio,Anand Audio,,,9.7M,India,81.5K,3.1K,98,June
Dharma Productions,Dharma Productions,,,9.6M,India,34.9K,1.7K,131,June
DRJ Records Specials,DRJ Records Specials,,,9.6M,India,28.1K,110,5,June
bhaktisongs,Shemaroo Bhakti,Music & Dance,,9.6M,India,917,14,1,June
mainaCassette,Haryanvi Maina,Music & Dance,,9.6M,India,7.9K,77,4,June
123 GO! Hindi,123 GO! Hindi,,,9.6M,India,819K,6.3K,76,June
danceindiadance,Dance India Dance,,,9.6M,India,4.7K,80,5,June
5-Minute Crafts TEENS,5-Minute Crafts TEENS,,,9.6M,India,20.4K,304,13,June
FilterCopy,FilterCopy,,,9.5M,India,667.2K,19.6K,208,June
sonotektv,Sonotek Music,Music & Dance,,9.5M,India,38.9K,1.1K,50,June
VYRLOriginals,VYRLOriginals,Music & Dance,,9.4M,India,6.1M,83.7K,3.1K,June
chetakvideo,Chetak,Music & Dance,,9.4M,India,17.7K,294,9,June
Bhojpuri Movies,Bhojpuri Movies,,,9.4M,India,4.5K,56,3,June
CricketICC,ICC,Sports,,9.3M,India,10.8K,340,27,June
FilterCopy,FilterCopy,,,9.5M,India,667.2K,19.6K,208,June
sonotektv,Sonotek Music,Music & Dance,,9.5M,India,38.9K,1.1K,50,June
Ricis Official,Ricis Official,Music & Dance,Humor,30.3M,Indonesia,592.4K,38.9K,1.1K,June
AH,AH,Music & Dance,Movies,29.7M,Indonesia,646.3K,34.4K,2.1K,June
Jess No Limit,Jess No Limit,Movies,Animation,24.8M,Indonesia,594.2K,25.3K,1.6K,June
Rans Entertainment,Rans Entertainment,Music & Dance,Humor,23.8M,Indonesia,873.6K,28.3K,852,June
TRANS7indonesia,TRANS7 OFFICIAL,Food & Drinks,,23M,Indonesia,7K,124,11,June
Frost Diamond,Frost Diamond,Music & Dance,Video games,21.8M,Indonesia,358K,25.1K,1.2K,June
Baim Paula,Baim Paula,Music & Dance,,20.6M,Indonesia,1.1M,43.5K,2.6K,June
NewAFI2013,Indosiar,Music & Dance,,20M,Indonesia,11.8K,187,15,June
corbuzierprediction,Deddy Corbuzier,,,18.8M,Indonesia,2.3M,53.5K,8.1K,June
kbsworld,KBS WORLD TV,,,18M,Indonesia,4.9K,165,6,June
GEN HALILINTAR,GEN HALILINTAR,Music & Dance,Humor,18M,Indonesia,135.7K,5.2K,182,June
MiawAug,MiawAug,Video games,,17.8M,Indonesia,919.6K,49.5K,3.5K,June
Naisa Alifia Yuriza (N.A.Y),Naisa Alifia Yuriza (N.A.Y),Music & Dance,Humor,17.6M,Indonesia,453.1K,12.3K,608,June
SCTVIndonesia,Surya Citra Televisi (SCTV),Music & Dance,Humor,17.5M,Indonesia,14.4K,273,21,June
tanboy kun,tanboy kun,Music & Dance,,16.1M,Indonesia,2.4M,64.6K,2.4K,June
lescopaque,Les' Copaque Production,,,16M,Indonesia,31.7K,394,39,June
TRANSTVofficial,TRANS TV Official,Music & Dance,,15.9M,Indonesia,622,8,1,June
Dyland PROS,Dyland PROS,Movies,Animation,15.5M,Indonesia,110.7K,6.5K,394,June
RCTI - LAYAR DRAMA INDONESIA,RCTI - LAYAR DRAMA INDONESIA,Music & Dance,Humor,15.1M,Indonesia,14.7K,289,14,June
Kerajinan 5-Menit,Kerajinan 5-Menit,Music & Dance,,15.1M,Indonesia,19K,174,9,June
Daftar Populer,Daftar Populer,News & Politics,,14.5M,Indonesia,112.9K,2.3K,165,June
Mobile Legends: Bang Bang Official,Mobile Legends: Bang Bang Official,Movies,Animation,14.4M,Indonesia,53.4K,1.1K,50,June
Arif muhammad,Arif muhammad,Music & Dance,Movies,14.3M,Indonesia,2.9M,79.9K,2.7K,June
MNCTVOfficial,MNCTV OFFICIAL,Music & Dance,,13.7M,Indonesia,3.5K,86,2,June
The Shiny Peanut,The Shiny Peanut,,,12.9M,Indonesia,24.1K,485,36,June
BUDI01 GAMING,BUDI01 GAMING,Video games,Humor,12.5M,Indonesia,594.9K,60K,4K,June
awakeningrecords,Awakening Music,Music & Dance,,12.5M,Indonesia,21K,1.8K,57,June
Troom Troom Indonesia,Troom Troom Indonesia,Toys,Humor,11.9M,Indonesia,452.6K,4.1K,134,June
KompasTVNews,KOMPASTV,News & Politics,,11.8M,Indonesia,2.5K,19,6,June
Yudist Ardhana,Yudist Ardhana,Movies,,11.7M,Indonesia,281.1K,9.1K,343,June
TwinRoozi ìŒë‘¥ì´ ë£¨ì§€,TwinRoozi ìŒë‘¥ì´ ë£¨ì§€,Daily vlogs,,10.3M,Indonesia,74.7K,N/A',N/A',June
T-STUDIO,T-STUDIO,,,10.1M,Indonesia,60.3K,1.9K,2,June
Islam Populer,Islam Populer,Education,,10M,Indonesia,62.7K,1.8K,232,June
Raditya Dika,Raditya Dika,Food & Drinks,,9.8M,Indonesia,223.1K,7.9K,405,June
hasanjr11,hasanjr11,,,9.8M,Indonesia,8.9K,573,27,June
SULE PRODUCTIONS,SULE PRODUCTIONS,,,9.5M,Indonesia,369K,13.2K,271,June
efdewe,efdewe,Music & Dance,Video games,9.5M,Indonesia,211.8K,10.7K,659,June
Nihongo Mantappu,Nihongo Mantappu,Music & Dance,Humor,9.5M,Indonesia,1.8M,90.9K,3.1K,June
monsta,Monsta,,,9.5M,Indonesia,43K,813,N/A',June
LetDa Hyper,LetDa Hyper,Music & Dance,Video games,9.4M,Indonesia,142.4K,7.4K,510,June
NessieJudge,Nessie Judge,,,9.4M,Indonesia,476.9K,28.9K,878,June
CNNindonesia,CNN Indonesia,News & Politics,,9.3M,Indonesia,4.6K,49,14,June
SULE PRODUCTIONS,SULE PRODUCTIONS,,,9.5M,Indonesia,369K,13.2K,271,June
efdewe,efdewe,Music & Dance,Video games,9.5M,Indonesia,211.8K,10.7K,659,June
Nihongo Mantappu,Nihongo Mantappu,Music & Dance,Humor,9.5M,Indonesia,1.8M,90.9K,3.1K,June
monsta,Monsta,,,9.5M,Indonesia,43K,813,N/A',June
AboFlah,AboFlah,Animation,Video games,25.5M,Iraq,3.9M,597.9K,25.7K,June
Noor Stars,Noor Stars,Movies,Humor,19.4M,Iraq,1.8M,142.5K,8.7K,June
musicalrmastv,Ø§Ù„Ù€Ø±ÙŠÙ…Ø§Ø³ - Al-Remas,Music & Dance,,16.7M,Iraq,7.2K,1.3K,29,June
Narins Beauty,Narins Beauty,,,13.3M,Iraq,1.9M,143.9K,6.2K,June
Ø£ØªØ±Ùˆ/Atro,Ø£ØªØ±Ùˆ/Atro,,,12.5M,Iraq,449.2K,62.8K,5.5K,June
Melon City Show - Ø¨Ø±Ù†Ø§Ù…Ø¬ ÙˆÙ„Ø§ÙŠØ© Ø¨Ø·ÙŠØ®,Melon City Show - Ø¨Ø±Ù†Ø§Ù…Ø¬ ÙˆÙ„Ø§ÙŠØ© Ø¨Ø·ÙŠØ®,,,12.3M,Iraq,170.8K,11.9K,251,June
Star Casablanca | Ù†Ø¬ÙˆÙ… Ø§Ù„Ø¯Ø§Ø± Ø§Ù„Ø¨ÙŠØ¶Ø§Ø¡,Star Casablanca | Ù†Ø¬ÙˆÙ… Ø§Ù„Ø¯Ø§Ø± Ø§Ù„Ø¨ÙŠØ¶Ø§Ø¡,Music & Dance,,11.3M,Iraq,34.8K,1.6K,145,June
Ù…Ù†ÙˆØ¹Ø§Øª Ø§Ù„ÙƒÙˆÙ…ÙŠØ¯ÙŠØ§ Ø§Ù„Ø¹Ø±Ø§Ù‚ÙŠØ©,Ù…Ù†ÙˆØ¹Ø§Øª Ø§Ù„ÙƒÙˆÙ…ÙŠØ¯ÙŠØ§ Ø§Ù„Ø¹Ø±Ø§Ù‚ÙŠØ©,,,9.7M,Iraq,1.6M,84.8K,1.8K,June
Bessan Ismail - Ø¨ÙŠØ³Ø§Ù† Ø§Ø³Ù…Ø§Ø¹ÙŠÙ„,Bessan Ismail - Ø¨ÙŠØ³Ø§Ù† Ø§Ø³Ù…Ø§Ø¹ÙŠÙ„,,,9.5M,Iraq,1.4M,133K,11.1K,June
Bessan Ismail - Ø¨ÙŠØ³Ø§Ù† Ø§Ø³Ù…Ø§Ø¹ÙŠÙ„,Bessan Ismail - Ø¨ÙŠØ³Ø§Ù† Ø§Ø³Ù…Ø§Ø¹ÙŠÙ„,,,9.5M,Iraq,1.4M,133K,11.1K,June
Junya Official Channel,Junya Official Channel,,,16.1M,Japan,399K,5.7K,38,June
HikakinTV,HikakinTV,Music & Dance,Humor,10.7M,Japan,1.5M,40.3K,1.9K,June
0214mex,ã¯ã˜ã‚ã—ã‚ƒã¡ã‚‡ãƒ¼ï¼ˆhajimeï¼‰,Music & Dance,Humor,10.3M,Japan,1.3M,30.9K,1.4K,June
MBCkpop,MBCkpop,Music & Dance,,9.9M,Malaysia,4.6K,275,11,June
JuegaGerman,JuegaGerman,Animation,Video games,45.9M,Mexico,1.5M,178.7K,3K,June
Badabun,Badabun,,,45.5M,Mexico,5.7K,247,10,June
Bad Bunny,Bad Bunny,Music & Dance,Movies,41M,Mexico,97.5M,2M,54.8K,June
LuisitoComunicaa,Luisito Comunica,,,39M,Mexico,2.1M,70.6K,2.9K,June
Kimberly Loaiza,Kimberly Loaiza,Daily vlogs,,36.8M,Mexico,9.7M,780.4K,59.2K,June
vegetta777,VEGETTA777,Video games,,33.1M,Mexico,348K,30.6K,242,June
Mikecrack,Mikecrack,Animation,Video games,31.9M,Mexico,2.2M,139.7K,1.8K,June
GENIAL,GENIAL,Animation,,31.3M,Mexico,56K,1.6K,52,June
TheDonato,TheDonato,,,26.9M,Mexico,439K,46.2K,203,June
LosPolinesios,LosPolinesios,Daily vlogs,,25.5M,Mexico,2.1M,105.7K,3.6K,June
DrossRotzank,DrossRotzank,News & Politics,Mystery,22.5M,Mexico,1.8M,119.9K,4.5K,June
Juan De Dios Pantoja,Juan De Dios Pantoja,Daily vlogs,,20.6M,Mexico,8.4M,719K,14.1K,June
MrBeast en EspaÃ±ol,MrBeast en EspaÃ±ol,,,19.6M,Mexico,13.6M,464.6K,14K,June
TelenovelaTelevisa,Tlnovelas,ASMR,,19.2M,Mexico,4.4K,155,3,June
Troom Troom Es,Troom Troom Es,Toys,,19.2M,Mexico,192.2K,3.8K,42,June
ElTrollino,ElTrollino,Animation,Video games,17.8M,Mexico,818.2K,68.3K,2.1K,June
invictorgs3,invictor,Video games,,17.2M,Mexico,2.9M,150.5K,1.4K,June
Willyrex,Willyrex,Video games,,17.1M,Mexico,139.8K,9K,122,June
Tu COSMOPOLIS,Tu COSMOPOLIS,Daily vlogs,,16.7M,Mexico,101.5K,7.8K,698,June
jquintanac5,DeToxoMoroxo,Movies,Animation,16.6M,Mexico,395.2K,27.6K,8.5K,June
SUPER SLICK SLIME SAM,SUPER SLICK SLIME SAM,DIY & Life Hacks,Design/art,16.5M,Mexico,179.5K,5.8K,152,June
IDEAS EN 5 MINUTOS,IDEAS EN 5 MINUTOS,,,16.4M,Mexico,40.1K,357,9,June
ppextras,ExtraPolinesios,Daily vlogs,,16.3M,Mexico,53.9K,3.7K,71,June
Antrax,Antrax,Video games,,16.1M,Mexico,1M,73.7K,2.7K,June
MissaSinfonia,MissaSinfonia,Animation,Humor,15.5M,Mexico,7.1M,842.4K,34.5K,June
Katie Angel,Katie Angel,,,15.3M,Mexico,260.4K,28K,62,June
Fede Vigevani,Fede Vigevani,,,15.2M,Mexico,3.4M,256.3K,10.1K,June
makeuplocalypse,Mariale,,,14.9M,Mexico,210.5K,9.1K,334,June
La Rosa de Guadalupe,La Rosa de Guadalupe,,,14.7M,Mexico,29.9K,514,23,June
iTownGamePlay,iTownGamePlay *Terror&DiversiÃ³n*,News & Politics,,14.7M,Mexico,542K,16.7K,707,June
XpressTV,XpressTV,Science & Technology,,14.5M,Mexico,1.4M,51K,614,June
Doc Tops,Doc Tops,News & Politics,,13.9M,Mexico,552.9K,30.4K,536,June
mispastelitosyoutub,Mis Pastelitos,Food & Drinks,,13.7M,Mexico,1.4M,50K,1.9K,June
vetealaversha,Darkar Company Studios,Animation,Video games,13.7M,Mexico,111.7K,11.6K,185,June
Auron,Auron,Video games,,13.5M,Mexico,1.3M,88.3K,1.2K,June
SrtaLynaV,Lyna,Movies,Animation,13.3M,Mexico,449.2K,29.7K,1.6K,June
TV Ana Emilia,TV Ana Emilia,Fashion,,13.3M,Mexico,171.6K,6K,785,June
123 GO! Spanish,123 GO! Spanish,Toys,,13.1M,Mexico,362.8K,4.8K,96,June
AdexeOficial,Adexe & Nau,Music & Dance,,12.5M,Mexico,24.7K,2.3K,258,June
gymvirtual,gymvirtual,Music & Dance,,12.5M,Mexico,67.9K,3K,58,June
TheDaniRep,DaniRep | +6 VÃ­deos Diarios De GTA 5 Online!,Animation,Video games,12M,Mexico,220.1K,16.9K,158,June
MÃ¡s SKabeche,MÃ¡s SKabeche,,,11.9M,Mexico,1.9M,113.2K,1.8K,June
DeGoBooM,DeGoBooM,Movies,Animation,11.9M,Mexico,558.3K,25.1K,108,June
YairAuriazul,Yair17,,,11.9M,Mexico,297.9K,38.8K,1.2K,June
RaptorGamer,RaptorGamer,Animation,Video games,11.8M,Mexico,724.1K,37.8K,790,June
CNCO,CNCO,Music & Dance,,11.7M,Mexico,22.5K,6.3K,407,June
Garena Free Fire LATAM,Garena Free Fire LATAM,,,11.7M,Mexico,75.2K,3K,187,June
MrTimbaVk,Timba Vk,Animation,Video games,11.7M,Mexico,1.9M,76.1K,1.2K,June
E-MasterSensei,E-MasterSensei,Movies,Video games,11.5M,Mexico,1.1M,75K,946,June
luzugames,luzugames,Animation,Video games,11.3M,Mexico,477.8K,43.4K,712,June
elcarteldesantatv,elcarteldesantatv,Music & Dance,,11.3M,Mexico,112.7K,15.4K,496,June
Juanpa Zurita,Juanpa Zurita,,,10.9M,Mexico,777.4K,49K,1.1K,June
XHuevaX,Hueva,Video games,,10.9M,Mexico,472.6K,15.4K,819,June
francoescamilla,Franco Escamilla,,,10.7M,Mexico,327.1K,11.1K,239,June
craftingeek,Craftingeek,,,10.5M,Mexico,101.7K,3.4K,335,June
tomiii 11,tomiii 11,Daily vlogs,,10.5M,Mexico,71.3K,13.7K,2.3K,June
TikTak Draw,TikTak Draw,Animation,,10.5M,Mexico,126.7K,7K,248,June
LA DIVAZA,LA DIVAZA,,,10.5M,Mexico,515.9K,54.9K,1.8K,June
Caso Cerrado,Caso Cerrado,Animation,,10.3M,Mexico,399K,3.7K,109,June
DalasReview,Dalas Review,Science & Technology,,10.3M,Mexico,728.1K,69.7K,4.1K,June
Luan Palomera,Luan Palomera,,,10.1M,Mexico,470.4K,19.5K,1.1K,June
BERTH-OH,BERTH-OH,,,10M,Mexico,790.7K,30.2K,709,June
DELRECORDS,DEL Records,Music & Dance,,9.7M,Mexico,38.8K,1.5K,84,June
ZarcortGame,ZarcortGame,Music & Dance,,9.6M,Mexico,54.1K,8K,359,June
luisitorey,luisitorey,,,9.6M,Mexico,9.3K,562,13,June
CRACKS,CRACKS,Movies,Animation,9.4M,Mexico,22.7K,1.6K,97,June
luisitorey,luisitorey,,,9.6M,Mexico,9.3K,562,13,June
SaadLamjarredTV,Saad Lamjarred | Ø³Ø¹Ø¯ Ù„Ù…Ø¬Ø±Ø¯,Music & Dance,,13.9M,Morocco,755.5K,50.9K,3.6K,June
aljazeerachannel,AlJazeera Channel Ù‚Ù†Ø§Ø© Ø§Ù„Ø¬Ø²ÙŠØ±Ø©,News & Politics,,10.5M,Morocco,13.4K,278,59,June
BBCArabicNews,BBC News Ø¹Ø±Ø¨ÙŠ,News & Politics,,10.1M,Morocco,15.7K,369,66,June
ARY Digital HD,ARY Digital HD,,,30.4M,Pakistan,10.6K,116,6,June
harpalgeo,HAR PAL GEO,,,30.1M,Pakistan,5.7K,53,3,June
HumNetwork,HUM TV,,,21.3M,Pakistan,2.3K,16,1,June
TRT Originals Urdu,TRT Originals Urdu,,,18.4M,Pakistan,268.8K,11.8K,302,June
Coke Studio,Coke Studio,Music & Dance,Movies,12.3M,Pakistan,67.7K,2.6K,126,June
geonews,Geo News,News & Politics,,11.7M,Pakistan,5.1K,69,12,June
ARYNEWSofficial,ARY News,News & Politics,,10.1M,Pakistan,39.1K,904,79,June
Golemcito Games,Golemcito Games,Movies,Animation,10.7M,Peru,1.4M,150.8K,3.8K,June
ABSCBNOnline,ABS-CBN Entertainment,,,39.8M,Philippines,1.8K,29,1,June
GMANETWORK,GMANetwork,,,26.9M,Philippines,10.1K,205,8,June
Raffy Tulfo in Action,Raffy Tulfo in Action,News & Politics,,23.4M,Philippines,603.9K,10.5K,1.3K,June
gmapublicaffairs,GMA Public Affairs,News & Politics,,19.1M,Philippines,7.9K,98,7,June
Ivana Alawi,Ivana Alawi,Daily vlogs,,15.5M,Philippines,4.4M,180.7K,4.8K,June
ranziscool,Ranz Kyle,Humor,,14.9M,Philippines,511.4K,22.5K,706,June
Niana Guerrero,Niana Guerrero,Music & Dance,Humor,14.7M,Philippines,814.1K,36.2K,933,June
TheABSCBNNews,ABS-CBN News,News & Politics,,13.9M,Philippines,4.3K,45,3,June
TWICE,TWICE,Music & Dance,Movies,13.9M,Philippines,396.6K,53.7K,1.9K,June
Wish 107.5,Wish 107.5,Music & Dance,,13.1M,Philippines,84.8K,2K,129,June
Alex Gonzaga Official,Alex Gonzaga Official,Music & Dance,Humor,12.7M,Philippines,2.8M,115.5K,2K,June
Zeinab Harake,Zeinab Harake,Daily vlogs,,12.7M,Philippines,2.7M,183.4K,3.9K,June
gmanews,GMA News,News & Politics,,11.7M,Philippines,7K,77,12,June
lincolnvelasquez,Cong TV,,,10.2M,Philippines,3.3M,241.6K,10.1K,June
popskids,POPS Kids,Animation,,14.7M,Poland,3.9K,37,N/A',June
A4,A4,Animation,Humor,40.3M,Russia,9.3M,508.6K,29.7K,June
Mister Max,Mister Max,DIY & Life Hacks,,23M,Russia,1.4M,26.9K,992,June
Miss Katy,Miss Katy,Video games,,21.8M,Russia,1.5M,40.9K,900,June
HiMan,HiMan,Video games,,17.9M,Russia,1.9M,124.2K,4.9K,June
ThePoznavatel,ÐŸÐ¾Ð·Ð½Ð°Ð²Ð°Ñ‚ÐµÐ»ÑŒ,Toys,DIY & Life Hacks,17.3M,Russia,4.1M,123.9K,3K,June
TheBrianMaps,TheBrianMaps,Video games,Humor,16.4M,Russia,2.5M,248.6K,13.9K,June
AdMe,AdMe,Animation,,15.5M,Russia,34.2K,1.1K,49,June
ntvru,ÐÐ¢Ð’,News & Politics,,15M,Russia,82.3K,901,216,June
MasterskayaNastroeny,ÐœÐ°ÑÑ‚ÐµÑ€ÑÐºÐ°Ñ ÐÐ°ÑÑ‚Ñ€Ð¾ÐµÐ½Ð¸Ñ,,,13.9M,Russia,331.1K,7.4K,116,June
pognalishow,Ð”Ð¸Ð¼Ð° ÐœÐ°ÑÐ»ÐµÐ½Ð½Ð¸ÐºÐ¾Ð²,Video games,,13.8M,Russia,5.5M,638.4K,21.2K,June
Kuplinov â–º Play,Kuplinov â–º Play,Video games,,13.7M,Russia,1.6M,115.3K,2.2K,June
EdisonPts,EdisonPts,Video games,,13.7M,Russia,2M,136.5K,9K,June
PozzitifonShow,ÐŸÐ¾Ð·Ð·Ð¸,Video games,,12.9M,Russia,703.1K,34.5K,2.2K,June
Ð“Ð›Ð•ÐÐ¢,Ð“Ð›Ð•ÐÐ¢,Video games,,12.5M,Russia,2.8M,248.8K,6.2K,June
Lady Diana,Lady Diana,Music & Dance,,12.5M,Russia,325.6K,5.2K,92,June
TastyCompot,Compot,Video games,,11.7M,Russia,1.1M,53.6K,2.1K,June
Magic Five,Magic Five,Travel,,11.3M,Russia,2.9M,161.7K,26.3K,June
Ð›ÑƒÐ½Ð¾Ð¼Ð¾ÑÐ¸Ðº,Ð›ÑƒÐ½Ð¾Ð¼Ð¾ÑÐ¸Ðº,Video games,,11.1M,Russia,1.5M,52.7K,1.6K,June
AdamThomasMoran,AdamThomasMoran,Video games,Humor,10.7M,Russia,539.9K,56.5K,3.8K,June
ctctv,Ð¡Ð¢Ð¡,Video games,Humor,10.3M,Russia,27.5K,429,24,June
Ð²Ð”ÑƒÐ´ÑŒ,Ð²Ð”ÑƒÐ´ÑŒ,News & Politics,,10.1M,Russia,13.9M,479.2K,65.5K,June
Wylsacom,Wylsacom,News & Politics,,10.1M,Russia,423.4K,16.1K,1.2K,June
KiKiDo,KiKiDo,Video games,Humor,10.1M,Russia,2M,50.9K,2K,June
Viki Show,Viki Show,Video games,Toys,10.1M,Russia,2.2M,86.8K,7.3K,June
Family Box,Family Box,Video games,,9.9M,Russia,254.4K,5K,381,June
EugenBro,EugenBro,Video games,,9.9M,Russia,459.3K,22.7K,1.7K,June
TeremokSongs,Ð¢ÐµÑ€ÐµÐ¼Ð¾Ðº - ÐŸÐµÑÐµÐ½ÐºÐ¸ Ð´Ð»Ñ Ð´ÐµÑ‚ÐµÐ¹,Music & Dance,,9.7M,Russia,144K,627,N/A',June
YFrostA,FROST,Video games,,9.3M,Russia,218.7K,21.9K,669,June
mmoshaya,mmoshaya,,,21.9M,Saudi Arabia,3.3M,51.2K,2.5K,June
RotanaAudio,Rotana,Music & Dance,,19.6M,Saudi Arabia,19.2K,657,68,June
HusamYK,Katakit Baby TV,Music & Dance,,12.3M,Saudi Arabia,160K,1.6K,N/A',June
BanderitaX,BanderitaX,Animation,Video games,11.7M,Saudi Arabia,1.8M,149K,4.7K,June
TheWillyrex,TheWillyrex,,,18.6M,Spain,38.8K,2K,N/A',June
TheGrefg,TheGrefg,Animation,Video games,17.6M,Spain,959.9K,73.6K,1K,June
Makiman131,Makiman131,Movies,Animation,14.9M,Spain,313.3K,19.9K,596,June
ExpCaseros,ExpCaseros,DIY & Life Hacks,Food & Drinks,11.5M,Spain,105.2K,3.5K,218,June
ElRinconDeGiorgio,El RincÃ³n De Giorgio,Video games,,11.1M,Spain,1.5M,202.5K,4.8K,June
WorkpointOfficial,WorkpointOfficial,,,36.6M,Thailand,7.2K,106,5,June
gmmonetv,one31,,,33.8M,Thailand,8.2K,198,7,June
tv3official,Ch3Thailand,,,30.7M,Thailand,120.5K,1.4K,33,June
gmmgrammyofficial,GMM GRAMMY OFFICIAL,Music & Dance,,22M,Thailand,2.6K,38,2,June
rsiammusic,RsiamMusic : à¸­à¸²à¸£à¹Œà¸ªà¸¢à¸²à¸¡,Music & Dance,,17.5M,Thailand,5.7K,126,9,June
grammygoldofficia,Grammy Gold Official,Music & Dance,,16.9M,Thailand,15.1K,283,16,June
zbingzbing,zbing z.,Animation,Video games,16.3M,Thailand,615.6K,19.7K,680,June
Kaykai Salaider,Kaykai Salaider,Movies,Humor,15.9M,Thailand,519.8K,36.8K,1.3K,June
AMARINTV : à¸­à¸¡à¸£à¸´à¸™à¸—à¸£à¹Œà¸—à¸µà¸§à¸µ,AMARINTV : à¸­à¸¡à¸£à¸´à¸™à¸—à¸£à¹Œà¸—à¸µà¸§à¸µ,News & Politics,,15.5M,Thailand,7.8K,98,15,June
bbtvch7,Ch7HD,,,14.8M,Thailand,4.9K,98,3,June
GMMTVSPOTLIKE,GMMTV OFFICIALâ€‹â€‹,Movies,Animation,14.4M,Thailand,27.9K,700,22,June
thairathonline,Thairath Online,News & Politics,,14.3M,Thailand,14K,187,20,June
Genierock,Genierock,Music & Dance,,14.1M,Thailand,22.3K,484,30,June
CH8vdo,à¸Šà¹ˆà¸­à¸‡8 : Thai Ch8,,,13.9M,Thailand,6.3K,84,2,June
bomberball,Bie The Ska,,,13.9M,Thailand,971.4K,29.1K,608,June
gmmchannel,GMM25Thailand,,,13.5M,Thailand,2.9K,36,1,June
My Mate Nate,My Mate Nate,,,12.1M,Thailand,1.7M,58.3K,1.4K,June
SpriteDer SPD,SpriteDer SPD,Humor,,9.5M,Thailand,4.3M,151.4K,4K,June
RSVDO,rsfriends,Music & Dance,,9.4M,Thailand,1.5K,39,4,June
SpriteDer SPD,SpriteDer SPD,Humor,,9.5M,Thailand,4.3M,151.4K,4K,June
netdmuzikk,netd mÃ¼zik,Music & Dance,,22.4M,Turkey,7.8K,188,41,June
atv,atv,Animation,,10.3M,Turkey,13.4K,120,9,June
ThePersica,Orkun IÅŸÄ±tmak,Animation,,9.8M,Turkey,2.3M,101.2K,3K,June
Sidemen,Sidemen,Video games,Humor,15.2M,United Kingdom,15.2M,511.3K,18.6K,June
F2Freestylers,F2Freestylers - Ultimate Soccer Skills Channel,Sports,,13.9M,United Kingdom,1.1M,40.8K,739,June
bbcnews,BBC News,News & Politics,,12.5M,United Kingdom,99.5K,1.5K,1K,June
BBC,BBC,,,12.4M,United Kingdom,23.1K,364,46,June
Tiana,Tiana,Video games,Humor,11.4M,United Kingdom,203.4K,6.9K,521,June
miniminter,Miniminter,Video games,Humor,10.1M,United Kingdom,1.6M,142.8K,2.1K,June
PewDiePie,PewDiePie,Animation,,111.5M,United States,4.5M,350.4K,17.3K,June
MrBeast6000,MrBeast,Video games,Humor,97.3M,United States,68.9M,3.9M,161.6K,June
WWEFanNation,WWE,Video games,,88.5M,United States,22.7K,495,28,June
BLACKPINK,BLACKPINK,Music & Dance,,74.7M,United States,2.6M,459.5K,25.7K,June
ibighit,HYBE LABELS,Music & Dance,,65.7M,United States,1.5M,212.5K,5.3K,June
corycotton,Dude Perfect,Video games,,57.6M,United States,6.9M,403K,5.9K,June
movieclips,Movieclips,Movies,Animation,57.2M,United States,43.3K,594,23,June
EdSheeran,Ed Sheeran,Music & Dance,,52M,United States,483.6K,18K,718,June
BRIGHT SIDE,BRIGHT SIDE,Animation,,43.5M,United States,54.5K,1.4K,98,June
DjWalkzz,Alan Walker,Music & Dance,Movies,42M,United States,501.6K,49.1K,1.9K,June
TheEllenShow,TheEllenShow,,,38.2M,United States,58.2K,1.1K,49,June
shakira,Shakira,,,36.4M,United States,219.2K,10.8K,179,June
TEDxTalks,TEDx Talks,,,35.3M,United States,125,4,N/A',June
YouTube,YouTube,,,33.1M,United States,28.1K,1.4K,N/A',June
markiplierGAME,Markiplier,Animation,Video games,32.9M,United States,3.2M,178.5K,5.8K,June
NoCopyrightSounds,NoCopyrightSounds,Music & Dance,,32.5M,United States,354K,13.5K,1.2K,June
SSSniperWolf,SSSniperWolf,Humor,,31.9M,United States,3.7M,109.1K,5.5K,June
Luis Fonsi,Luis Fonsi,,,30.8M,United States,18.3K,1.5K,59,June
SMTOWN,SMTOWN,Music & Dance,,30.5M,United States,323.8K,30.8K,1.7K,June
AllTrapNation,Trap Nation,Music & Dance,,30.5M,United States,80.5K,2.8K,117,June
SpinninRec,Spinnin' Records,Music & Dance,,29.6M,United States,50.6K,2K,53,June
latenight,The Tonight Show Starring Jimmy Fallon,Music & Dance,Humor,29.5M,United States,90.8K,2.2K,108,June
jacksepticeye,jacksepticeye,Video games,,28.4M,United States,1.3M,70.9K,3.2K,June
TheLateLateShow,The Late Late Show with James Corden,Animation,Humor,27.9M,United States,59.5K,1.3K,96,June
TalkingTomCat,Talking Tom,,,27.7M,United States,103.9K,1.8K,N/A',June
MrBeast Gaming,MrBeast Gaming,Animation,Video games,27.6M,United States,12.4M,528.4K,19.5K,June
taylorgangent,Wiz Khalifa,Music & Dance,,26.2M,United States,512.2K,17.1K,856,June
WorldStarHipHopTV,WORLDSTARHIPHOP,Music & Dance,,25.8M,United States,52.3K,1.6K,162,June
VanossGaming,VanossGaming,Animation,Video games,25.8M,United States,1.1M,52.9K,526,June
smosh,Smosh,Animation,Humor,25M,United States,221.4K,15.6K,660,June
TwiNboTzVids,Lucas and Marcus,Animation,Humor,24.7M,United States,749.5K,26K,1.1K,June
WatchMojo,WatchMojo.com,Movies,,24.6M,United States,71.7K,2.4K,275,June
LOENENT,1theK (ì›ë”ì¼€ì´),,,24.2M,United States,8.5K,639,28,June
James Charles,James Charles,Beauty,Fashion,24M,United States,947.7K,51.6K,1.9K,June
postmalone,Post Malone,Music & Dance,,23.9M,United States,184.2K,13K,230,June
NewOnNetflix,Netflix,Movies,Animation,23.8M,United States,276.9K,8.4K,452,June
Chloe Ting,Chloe Ting,Fitness,Health & Self Help,23.6M,United States,545.9K,24.4K,854,June
ColdplayVEVO,Coldplay,Music & Dance,,23.2M,United States,74.3K,7K,121,June
JellyYT,Jelly,Video games,,22.8M,United States,250.6K,14.9K,541,June
EnriqueIglesiasPlay,Enrique Iglesias,Music & Dance,,22.8M,United States,24.5K,2.2K,96,June
THECHAINSMOKERS,The Chainsmokers,Humor,,22.2M,United States,77.6K,5.3K,263,June
siavideos,Sia,Music & Dance,,21.5M,United States,126.7K,9.1K,715,June
TEDtalksDirector,TED,,,21.3M,United States,32.8K,1K,135,June
AmericasGotTalent,America's Got Talent,,,21.2M,United States,890.4K,15.8K,582,June
oRugrat,FaZe Rug,Video games,Humor,21.2M,United States,3.2M,115.9K,6K,June
Tasty,Tasty,Food & Drinks,,21M,United States,97.3K,3.3K,147,June
SSundee,SSundee,Video games,,20.8M,United States,2M,122.8K,3.4K,June
FGTeeV,FGTeeV,Animation,Video games,20.8M,United States,1.4M,16.6K,1.7K,June
PrestonPlayz,Preston,Animation,Video games,20.4M,United States,2.6M,145.3K,5.8K,June
BuzzFeedVideo,BuzzFeedVideo,Daily vlogs,,20.4M,United States,40.2K,845,71,June
BeckyGOfficial,Becky G,Music & Dance,,20.3M,United States,27.2K,2.8K,52,June
NationalGeographic,National Geographic,,,20.2M,United States,45.9K,1.1K,106,June
Brave Wilderness,Brave Wilderness,,,20.2M,United States,1.1M,34.5K,4.1K,June
TheFineBros,REACT,Humor,,20.2M,United States,126.4K,4.5K,292,June
VEVO,Vevo,Music & Dance,,20M,United States,94.4K,773,40,June
LazarBeam,LazarBeam,Video games,,20M,United States,4.2M,178.2K,7.2K,June
rossbollinger,Pencilmation,Animation,Humor,19.8M,United States,325K,3.8K,94,June
Mnet,Mnet K-POP,Music & Dance,Animation,19.7M,United States,20K,1.7K,94,June
Brent Rivera,Brent Rivera,Animation,Humor,19.4M,United States,5.2M,359.2K,10.9K,June
gottalentglobal,Got Talent Global,,,19.2M,United States,102.5K,882,48,June
gordonramsay,Gordon Ramsay,Food & Drinks,Health & Self Help,19.2M,United States,140.4K,4.4K,249,June
MARVEL,Marvel Entertainment,Movies,Animation,19.2M,United States,587.1K,31.9K,1.2K,June
Infinite,Infinite,Video games,Humor,19M,United States,774.9K,33.7K,2.7K,June
The ACE Family,The ACE Family,Humor,,18.8M,United States,923K,39.1K,1.7K,June
NBA,NBA,Sports,,18.8M,United States,62.2K,2.1K,110,June
JimmyKimmelLive,Jimmy Kimmel Live,Movies,,18.8M,United States,171.6K,3.3K,222,June
LankyBox,LankyBox,Video games,,18.5M,United States,629.4K,11.1K,330,June
icreateddisco,Calvin Harris,Music & Dance,,18.4M,United States,371.8K,13.1K,261,June
Unbox Therapy,Unbox Therapy,Science & Technology,,18.2M,United States,1.1M,20.1K,2.5K,June
Ninja Kidz TV,Ninja Kidz TV,Video games,,18.2M,United States,793.9K,18.8K,1.3K,June
CookieSwirlC,CookieSwirlC,Video games,,18M,United States,328.6K,4.1K,560,June
PDKFilms,PDK Films,Movies,Animation,18M,United States,510.2K,18.1K,1.2K,June
ÐœÐ¸Ñ€Ð¾ÑˆÐºÐ° Ð¢Ð’,ÐœÐ¸Ñ€Ð¾ÑˆÐºÐ° Ð¢Ð’,,,18M,United States,15.7K,96,10,June
TheOdd1sOut,TheOdd1sOut,Movies,Animation,17.8M,United States,1.3M,119.3K,1.6K,June
Vsauce,Vsauce,Science & Technology,,17.8M,United States,0,N/A',N/A',June
therealdemilovato,Demi Lovato,Music & Dance,,17.8M,United States,82.9K,8.2K,197,June
rhettandlink2,Good Mythical Morning,Food & Drinks,,17.6M,United States,910.7K,30.6K,996,June
Matroix,Ali-A,Video games,,17.6M,United States,822.9K,31.9K,1.8K,June
The Royalty Family,The Royalty Family,Humor,,17.5M,United States,3.3M,115.8K,N/A',June
Beast Reacts,Beast Reacts,,,17.5M,United States,9.7M,356.6K,9K,June
officialpsy,officialpsy,Music & Dance,,17.1M,United States,2.1M,75.3K,1.9K,June
HowToBasic,HowToBasic,Food & Drinks,,17.1M,United States,253.3K,27.2K,2.3K,June
TEDEducation,TED-Ed,Science & Technology,,16.9M,United States,339K,13.7K,509,June
Guava Juice,Guava Juice,,,16.8M,United States,180K,4.5K,234,June
JasonDerulo,Jason Derulo,Music & Dance,,16.7M,United States,61.6K,3.8K,65,June
IGNentertainment,IGN,Movies,Animation,16.6M,United States,47.5K,1.1K,111,June
Jane ASMR ì œì¸,Jane ASMR ì œì¸,Daily vlogs,,16.6M,United States,332.8K,7.8K,439,June
jeffreestar,jeffreestar,Beauty,,16.1M,United States,820.6K,27.4K,2.2K,June
monstafluffmusicTV,7clouds,Music & Dance,,16.1M,United States,104.6K,2.1K,126,June
MatthewPatrick13,The Game Theorists,Science & Technology,,15.9M,United States,3.8M,239.7K,11.7K,June
DopeLyrics,DopeLyrics,Music & Dance,,15.9M,United States,36.4K,932,71,June
failarmy,FailArmy,Animation,Humor,15.9M,United States,1.7M,20.1K,752,June
Camila Cabello,Camila Cabello,Music & Dance,Movies,15.9M,United States,512.7K,28.7K,1.2K,June
Dhar Mann,Dhar Mann,Health & Self Help,,15.9M,United States,6.3M,127.4K,6.5K,June
queenofficial,Queen Official,Music & Dance,,15.8M,United States,82.6K,4.2K,381,June
vice,VICE,News & Politics,,15.7M,United States,360.2K,7.5K,1.2K,June
PitbullMusic,Pitbull,Music & Dance,,15.7M,United States,2.8M,5.9K,5.1K,June
marquesbrownlee,Marques Brownlee,Science & Technology,,15.7M,United States,1.7M,81.3K,3.4K,June
movieclipsTRAILERS,Movieclips Trailers,Movies,Animation,15.6M,United States,58.1K,1.2K,104,June
RomanAtwoodVlogs,Roman Atwood Vlogs,Humor,,15.5M,United States,410.9K,19.7K,974,June
MegatoadStonie,Matt Stonie,Food & Drinks,,15.5M,United States,520.3K,24.9K,290,June
KSIOlajidebtHD,JJ Olatunji,Animation,Video games,15.3M,United States,4M,301.7K,8.5K,June
TheRichest,TheRichest,News & Politics,,15.1M,United States,17.5K,573,53,June
SAM SMITH,SAM SMITH,,,14.9M,United States,28.6K,2.2K,56,June
kwebbelkop,Kwebbelkop,Animation,Video games,14.9M,United States,44K,1.9K,195,June
Reaction Time,Reaction Time,Animation,Humor,14.9M,United States,34.1K,2.5K,132,June
With Kids[ìœ„ë“œí‚¤ì¦ˆ],With Kids[ìœ„ë“œí‚¤ì¦ˆ],,,14.9M,United States,98.4K,N/A',N/A',June
5-Minute Crafts FAMILY,5-Minute Crafts FAMILY,,,14.9M,United States,22.4K,243,12,June
TalkingFriends,Talking Tom & Friends,Animation,Humor,14.9M,United States,0,N/A',N/A',June
Lachlan,Lachlan,Video games,,14.9M,United States,654K,28.3K,1.1K,June
RiotGamesInc,League of Legends,Movies,Animation,14.8M,United States,416.1K,15.7K,642,June
IISuperwomanII,Lilly Singh,Animation,Humor,14.7M,United States,25.3K,1.2K,44,June
LEGO,LEGO,Animation,,14.7M,United States,19.6K,246,N/A',June
LinusTechTips,Linus Tech Tips,Science & Technology,,14.7M,United States,1.4M,68.7K,3.3K,June
MattyBRaps,MattyBRaps,Music & Dance,,14.5M,United States,132.9K,2K,N/A',June
collegehumor,CollegeHumor,Humor,,14.5M,United States,182.7K,12.5K,629,June
chadwildclay,Chad Wild Clay,Movies,Humor,14.4M,United States,1.7M,27.5K,2.7K,June
MartinGarrix,Martin Garrix,Music & Dance,,14.3M,United States,43.4K,5.6K,262,June
OfficialTrapCity,Trap City,Music & Dance,,14.2M,United States,32.2K,1.6K,76,June
PlayStation,PlayStation,,,14.2M,United States,38K,1.1K,139,June
CNN,CNN,Music & Dance,Animation,14.1M,United States,163.4K,2.5K,2.3K,June
NikkieTutorials,NikkieTutorials,Design/art,Beauty,13.9M,United States,313.7K,19.7K,1.4K,June
Zach King,Zach King,Movies,Humor,13.9M,United States,699.9K,35K,1.2K,June
Zach Choi ASMR,Zach Choi ASMR,Daily vlogs,,13.9M,United States,548.8K,25.4K,954,June
MrBeast Shorts,MrBeast Shorts,Daily vlogs,,13.9M,United States,25.1M,2.3M,8.6K,June
Daily Dose Of Internet,Daily Dose Of Internet,Animals & Pets,,13.9M,United States,6.5M,309K,9.3K,June
Unspeakable,Unspeakable,Video games,Humor,13.9M,United States,5M,84.7K,4.8K,June
WWWengie,Wengie,DIY & Life Hacks,,13.7M,United States,157K,10K,449,June
alanalan9635,Stokes Twins,Humor,,13.7M,United States,10.2M,502.6K,19.6K,June
UFC,UFC - Ultimate Fighting Championship,Sports,Fitness,13.7M,United States,103.7K,2K,281,June
crashcourse,CrashCourse,Science & Technology,,13.5M,United States,24.6K,1.2K,42,June
ChallengeAcceptedInc,Aphmau,Animation,Video games,13.5M,United States,3M,74.1K,4.1K,June
RosannaPansino,Rosanna Pansino,Food & Drinks,DIY & Life Hacks,13.5M,United States,612.3K,14.2K,374,June
Kurt Hugo Schneider,Kurt Hugo Schneider,,,13.5M,United States,41.9K,1.3K,40,June
AzzyLand,AzzyLand,Animation,,13.5M,United States,217.8K,7.9K,532,June
FAPtivi,FAPTV,Animation,Humor,13.3M,United States,2M,38.6K,794,June
H2ODelirious,H2ODelirious,Animation,Video games,13.3M,United States,125.8K,7.9K,193,June
AtlanticVideos,Atlantic Records,Music & Dance,,13.2M,United States,13.5K,499,19,June
The LaBrant Fam,The LaBrant Fam,Music & Dance,Humor,13.1M,United States,910.5K,28.8K,N/A',June
theRadBrad,theRadBrad,Video games,,13.1M,United States,165.4K,9.6K,520,June
ABCNews,ABC News,News & Politics,,13.1M,United States,5.4K,77,78,June
Jake Fellman,Jake Fellman,,,13.1M,United States,396.8K,15.8K,112,June
Hongyu ASMR í™ìœ ,Hongyu ASMR í™ìœ ,ASMR,,13M,United States,1.1M,15.7K,494,June
SaturdayNightLive,Saturday Night Live,Movies,Humor,12.9M,United States,716.6K,13.3K,638,June
MattSDance,Matt Steffanina,Music & Dance,,12.9M,United States,84.8K,4.3K,105,June
The Q,The Q,,,12.9M,United States,43.6K,2K,54,June
PrestonPlayz,PrestonPlayz,Video games,,12.9M,United States,2M,46.2K,2.2K,June
MrSuicideSheep,MrSuicideSheep,,,12.9M,United States,78.8K,3.7K,73,June
typicalgamer,Typical Gamer,Video games,,12.9M,United States,521.9K,12.4K,331,June
DALLMYD,Scuba Jake,Mystery,,12.9M,United States,534.2K,20K,803,June
MstrJames,Hacksmith,Video games,,12.7M,United States,123.9K,5.2K,305,June
JDCav24,ATHLEAN-Xâ„¢,Fitness,Health & Self Help,12.7M,United States,304.8K,13.9K,806,June
1032010814,TKOR,DIY & Life Hacks,,12.6M,United States,82.8K,2.4K,211,June
PowerfulJRE,PowerfulJRE,Daily vlogs,,12.6M,United States,1M,16.3K,4K,June
MusicTalentNow,Top Viral Talent,,,12.5M,United States,7.8K,201,10,June
JesseAndMike,JesseAndMike,,,12.5M,United States,256.9K,3.1K,113,June
Blossom,Blossom,,,12.5M,United States,36.1K,878,16,June
TalkingAngelaCat,Talking Angela,,,12.5M,United States,70.7K,866,N/A',June
React,People Vs Food,Food & Drinks,,12.5M,United States,467.8K,18.4K,798,June
RayWilliamJohnson,Ray William Johnson,Animation,Humor,12.3M,United States,2.5M,248.4K,1.5K,June
Meghan Trainor,Meghan Trainor,Music & Dance,,12.3M,United States,11.6K,538,40,June
elliegoulding,elliegoulding,,,12.3M,United States,0,N/A',N/A',June
rebeccazamolo1,Rebecca Zamolo,Video games,Humor,12.3M,United States,3.9M,82.9K,5.7K,June
Brawl Stars,Brawl Stars,Animation,,12.3M,United States,1M,60.8K,3.1K,June
Daniel LaBelle,Daniel LaBelle,,,12.2M,United States,14.7M,794.6K,1.9K,June
1veritasium,Veritasium,Science & Technology,,12.1M,United States,4M,173K,9.8K,June
JustForLaughsTV,Just For Laughs Gags,,,12.1M,United States,43.3K,904,39,June
Zhong,Zhong,,,12.1M,United States,3.4M,224.4K,2.1K,June
Kylie Jenner,Kylie Jenner,Fashion,,12.1M,United States,1.5M,N/A',2.6K,June
FIFATV,FIFA,Sports,,12M,United States,57.2K,1.6K,57,June
colinfurze,colinfurze,DIY & Life Hacks,,11.9M,United States,2.8M,159.3K,7.1K,June
Davie504,Davie504,Music & Dance,Animation,11.9M,United States,716.6K,72.6K,1.1K,June
Ice Cream Rolls,Ice Cream Rolls,,,11.9M,United States,108K,3K,130,June
TTfue,Tfue,Video games,,11.9M,United States,150.6K,7K,281,June
TheInfographicsShow,The Infographics Show,Education,,11.9M,United States,334.2K,8.9K,754,June
TheDodoSite,The Dodo,Animals & Pets,,11.8M,United States,366.6K,15.5K,688,June
Americanvogue,Vogue,Fashion,,11.7M,United States,291.6K,14.5K,231,June
Kluna Tik,Kluna Tik,,,11.7M,United States,232.9K,3.1K,208,June
MSA previously My Story Animated,MSA previously My Story Animated,Animation,Humor,11.6M,United States,6.2M,177.5K,6.6K,June
Natti Natasha,Natti Natasha,Movies,,11.5M,United States,48K,4.1K,83,June
MTV2,Wild 'N Out,Music & Dance,Humor,11.5M,United States,224.8K,5.6K,176,June
CrazyRussianHacker,CrazyRussianHacker,Animation,Toys,11.5M,United States,63.5K,1.8K,78,June
WiederDude,WiederDude,,,11.5M,United States,1.7M,38.7K,523,June
VyQwaint,Vy Qwaint,Video games,Humor,11.4M,United States,2.1M,36.5K,5K,June
jordanmatter,Jordan Matter,Music & Dance,Humor,11.4M,United States,8.2M,190.7K,12.8K,June
123 GO!,123 GO!,Humor,,11.3M,United States,425.7K,4.2K,104,June
CaptainSparklez,CaptainSparklez,Video games,,11.3M,United States,46.7K,4.7K,137,June
UnspeakableGaming,UnspeakableGaming,Video games,,11.3M,United States,93.7K,3.2K,106,June
YoungBoy Never Broke Again,YoungBoy Never Broke Again,Music & Dance,,11.3M,United States,7.9M,291.6K,20.3K,June
åŠžå…¬å®¤å°é‡Ž Ms Yeah,åŠžå…¬å®¤å°é‡Ž Ms Yeah,,,11.3M,United States,106.1K,6.8K,34,June
blackeyedpeasvideo,Black Eyed Peas,Music & Dance,,11.3M,United States,16.7K,1.2K,48,June
whoisjimmy,How Ridiculous,Sports,,11.3M,United States,6M,256.8K,1.1K,June
yogawithadriene,Yoga With Adriene,Fitness,,11.3M,United States,271K,8.6K,423,June
BBCEarth,BBC Earth,Animals & Pets,,11.3M,United States,75.4K,2K,119,June
crackrockcandy,Maymo,,,11.3M,United States,260.7K,908,50,June
realannoyingorange,Annoying Orange,Animation,,11.3M,United States,205.2K,4.1K,423,June
FirstWeFeast,First We Feast,Food & Drinks,,11.3M,United States,186.8K,8.1K,462,June
epicfortnite,Fortnite,Video games,,11.2M,United States,193.6K,8.7K,342,June
Avocado Couple I Crazy Comics,Avocado Couple I Crazy Comics,,,11.1M,United States,457.5K,3.9K,80,June
watchcut,Cut,Humor,,11.1M,United States,377.1K,16.8K,452,June
RapGeniusVideo,Genius,Music & Dance,,11.1M,United States,103.2K,4.5K,149,June
ExplosmEntertainment,ExplosmEntertainment,Movies,Animation,11M,United States,242.5K,17.3K,338,June
Quantum Tech HD,Quantum Tech HD,,,11M,United States,1.8M,9.9K,185,June
DemolitionRanch,DemolitionRanch,Video games,,11M,United States,1.4M,74.9K,6.1K,June
comedycentral,Comedy Central,Humor,,11M,United States,13.6K,556,29,June
SMOL,SMOL,,,10.9M,United States,372K,14.3K,13,June
FilmTheorists,The Film Theorists,Movies,,10.9M,United States,1.8M,95.9K,4.4K,June
Doja Cat,Doja Cat,Music & Dance,,10.8M,United States,468.2K,46.3K,2.3K,June
Taylor RS,Taylor RS,,,10.8M,United States,108.2K,626,16,June
Slogomanify,Slogo,Video games,,10.7M,United States,380.1K,17.3K,561,June
cbstvdinsideedition,Inside Edition,News & Politics,,10.7M,United States,213.9K,5.4K,610,June
doctruyencotich,KÃªnh Thiáº¿u Nhi - BHMEDIA,Music & Dance,,10.7M,United States,16.3K,61,N/A',June
Mrwhosetheboss,Mrwhosetheboss,Science & Technology,,10.7M,United States,2.6M,160.1K,15.7K,June
Dobre Brothers,Dobre Brothers,Movies,Humor,10.7M,United States,344.2K,15.1K,302,June
stampylonghead,stampylonghead,Video games,,10.7M,United States,116.8K,5.5K,861,June
penguinz0,penguinz0,Animation,Video games,10.7M,United States,1.1M,52.1K,2.9K,June
GoProCamera,GoPro,Sports,,10.7M,United States,37.1K,1.6K,54,June
Nao FunFun,Nao FunFun,Daily vlogs,,10.6M,United States,7.8K,41,N/A',June
NichLmao,NichLmao,Daily vlogs,,10.6M,United States,5.6M,472.8K,2.6K,June
Lofi Girl,Lofi Girl,Music & Dance,,10.6M,United States,342.6K,11.4K,533,June
WarnerBrosPictures,Warner Bros. Pictures,Movies,,10.6M,United States,3.7M,13.6K,1.2K,June
Google,Google,,,10.6M,United States,15.5K,430,56,June
BuzzFeedYellow,As/Is,Fashion,Design/art,10.6M,United States,20.9K,784,36,June
ChillStepNation,Chill Nation,Music & Dance,,10.6M,United States,40.4K,859,41,June
soicon295,Magnet World,,,10.5M,United States,23.9K,228,9,June
redbull,Red Bull,Sports,,10.5M,United States,72.9K,1.9K,41,June
Primitive Technology,Primitive Technology,DIY & Life Hacks,,10.5M,United States,1.4M,97.6K,3.5K,June
Cris Devil Gamer,Cris Devil Gamer,Movies,Animation,10.5M,United States,282.7K,14.4K,439,June
destinws2,SmarterEveryDay,Science & Technology,,10.5M,United States,3M,113.4K,8.2K,June
BE AMAZED,BE AMAZED,Education,,10.5M,United States,294.8K,9.2K,584,June
CJENMMUSIC,Stone Music Entertainment,Music & Dance,Movies,10.5M,United States,6.7K,534,24,June
HISHEdotcom,How It Should Have Ended,Movies,Animation,10.3M,United States,275.6K,15.7K,505,June
Ben Azelart,Ben Azelart,Video games,Humor,10.3M,United States,7.1M,171.9K,17.1K,June
AsapSCIENCE,AsapSCIENCE,Science & Technology,,10.3M,United States,236.8K,16.4K,704,June
historychannel,HISTORY,Movies,,10.3M,United States,56.6K,1K,101,June
cleanbandit,Clean Bandit,Music & Dance,,10.1M,United States,120.7K,3.8K,162,June
5-Minute Crafts LIKE,5-Minute Crafts LIKE,,,10.1M,United States,16.3K,157,5,June
Patty Mayo,Patty Mayo,Movies,Humor,10.1M,United States,159K,8K,450,June
MTV,MTV,Music & Dance,,10.1M,United States,7.6K,351,27,June
NASAtelevision,NASA,News & Politics,Science & Technology,10.1M,United States,92K,3.7K,N/A',June
Survival Builder,Survival Builder,,,10.1M,United States,180.9K,3.3K,116,June
singkingkaraoke,Sing King,Music & Dance,,10M,United States,17.3K,168,17,June
familyfunpack,Family Fun Pack,,,10M,United States,89.7K,1.8K,164,June
barcroftmedia,truly,News & Politics,,10M,United States,51.2K,N/A',307,June
joycetanner,QPark,Music & Dance,Humor,9.9M,United States,0,N/A',N/A',June
Talent Recap,Talent Recap,Music & Dance,Movies,9.9M,United States,76.6K,944,74,June
BestCodComedy,BCC Gaming,Video games,,9.9M,United States,10.7K,379,13,June
OneRepublic,OneRepublic,Music & Dance,,9.9M,United States,314.1K,15.3K,351,June
The Daily Show with Trevor Noah,The Daily Show with Trevor Noah,News & Politics,,9.9M,United States,231.3K,6.2K,424,June
htv2channel,Vie Channel - HTV2,Music & Dance,,9.9M,United States,20.5K,209,5,June
buzzfeedblue,BuzzFeed Multiplayer,,,9.8M,United States,9.2K,317,25,June
ì„¤ê¸°ì–‘SULGI,ì„¤ê¸°ì–‘SULGI,ASMR,Food & Drinks,9.8M,United States,822.6K,21.9K,586,June
[í–„ì§€]Hamzy,[í–„ì§€]Hamzy,,,9.8M,United States,2.8M,52.3K,1.2K,June
Prince Royce,Prince Royce,Music & Dance,,9.8M,United States,0,N/A',N/A',June
TheSyndicateProject,Syndicate,Video games,,9.7M,United States,107.9K,4.5K,740,June
Larva2011ani,Larva TUBA,,,9.7M,United States,23.8K,548,25,June
The Voice Global,The Voice Global,Music & Dance,,9.7M,United States,227.8K,3.9K,72,June
bgfilms,Babish Culinary Universe,Food & Drinks,,9.7M,United States,577.4K,26K,968,June
InquisitorMaster,InquisitorMaster,Animation,Video games,9.7M,United States,645.9K,20.3K,2K,June
Doctor Mike,Doctor Mike,Health & Self Help,,9.6M,United States,1.7M,98.9K,5.3K,June
SerbianGamesBL2,Life Hacks & Experiments,,,9.6M,United States,94K,377,31,June
FoxNewsChannel,Fox News,News & Politics,,9.6M,United States,113.9K,4.2K,1.1K,June
Stray Kids,Stray Kids,Daily vlogs,,9.6M,United States,494.8K,74.6K,2.6K,June
ehbeefamily,The Bee Family,Humor,,9.6M,United States,102.6K,6.7K,120,June
Psych2GoTv,Psych2Go,ASMR,Health & Self Help,9.5M,United States,119.1K,8.2K,812,June
Power Vision,Power Vision,,,9.5M,United States,137.3K,1.3K,39,June
POPSVIETNAM,POPS MUSIC,Music & Dance,,9.5M,United States,4.6K,144,5,June
Niki and Gabi,Niki and Gabi,Fashion,Humor,9.5M,United States,387.6K,17.8K,516,June
Corridor,Corridor,Animation,,9.5M,United States,1.9M,141.6K,4.7K,June
JoshDub,JoshDub,Animation,Humor,9.5M,United States,713.6K,35.4K,1.2K,June
jhaschak,Haschak Sisters,Music & Dance,Humor,9.4M,United States,2.3M,14.8K,655,June
JoeyGraceffa,Joey Graceffa,Animals & Pets,Humor,9.4M,United States,311.1K,23.8K,1.5K,June
Grandpa Kitchen,Grandpa Kitchen,Food & Drinks,,9.4M,United States,101.1K,6.5K,217,June
SAS-ASMR,SAS-ASMR,,,9.4M,United States,165.8K,6K,204,June
MrMuselk,Muselk,Video games,,9.4M,United States,197K,9.3K,414,June
NFL,NFL,Sports,,9.4M,United States,64.7K,1.5K,157,June
TeamMojang,Minecraft,Video games,,9.4M,United States,510.2K,31.8K,2K,June
ThÆ¡ Nguyá»…n,ThÆ¡ Nguyá»…n,Music & Dance,Animation,9.3M,United States,185.5K,2.4K,106,June
Troom Troom SELECT,Troom Troom SELECT,Movies,Animation,9.3M,United States,254.8K,2.9K,52,June
ehbeefamily,The Bee Family,Humor,,9.6M,United States,102.6K,6.7K,120,June
Psych2GoTv,Psych2Go,ASMR,Health & Self Help,9.5M,United States,119.1K,8.2K,812,June
Power Vision,Power Vision,,,9.5M,United States,137.3K,1.3K,39,June
POPSVIETNAM,POPS MUSIC,Music & Dance,,9.5M,United States,4.6K,144,5,June
Niki and Gabi,Niki and Gabi,Fashion,Humor,9.5M,United States,387.6K,17.8K,516,June
Corridor,Corridor,Animation,,9.5M,United States,1.9M,141.6K,4.7K,June
JoshDub,JoshDub,Animation,Humor,9.5M,United States,713.6K,35.4K,1.2K,June
