s.no,Youtube channel,youtuber name,Category,Followers,Country,"
Views (Avg.)",Likes (Avg.),Comments (Avg.),Category-2,Month
1,tseries,T-Series,Music & Dance,229.5M,India,103.8K,2.8K,158,,December
2,setindia,SET India,,147.2M,India,0,0,0,,December
3,checkgate,Cocomelon - Nursery Rhymes,Education,146.6M,,9.5M,48.3K,0,,December
4,MrBeast,MrBeast,Video games,117M,United States,68.5M,2.9M,99.9K,Humor,December
5,PewDiePie,PewDiePie,Animation,111.6M,United States,1.4M,110.7K,7.8K,,December
6,âœ¿ Kids Diana Show,âœ¿ Kids Diana Show,Animation,103.4M,,6.3M,20.7K,0,Toys,December
7,Like Nastya,Like Nastya,Toys,102.4M,,4.4M,21.1K,0,,December
8,WWEFanNation,WWE,Video games,91.8M,United States,144.9K,5.1K,207,,December
9,Vlad and Niki,Vlad and Niki,Animation,90.5M,,7M,27.4K,0,Toys,December
10,zeemusiccompany,Zee Music Company,Music & Dance,89.7M,India,89.6K,2.4K,91,,December
11,BLACKPINK,BLACKPINK,Music & Dance,82.8M,United States,1.8M,297.3K,4.5K,,December
12,GoldminesTelefilms,Goldmines,,79.5M,India,53.5K,673,27,,December
13,5-Minute Crafts,5-Minute Crafts,,77.9M,India,236.2K,1.5K,57,,December
14,sabtv,Sony SAB,Movies,73.9M,India,45.6K,757,18,Animation,December
15,BANGTANTV,BANGTANTV,Music & Dance,71.7M,India,1.7M,398.8K,8.8K,,December
16,ibighit,HYBE LABELS,Music & Dance,68.8M,United States,2.9M,179.6K,3.9K,,December
17,KondZilla,Canal KondZilla,Music & Dance,66.3M,Brazil,39.2K,1.7K,247,,December
18,zeetv,Zee TV,,64.2M,India,8.9K,80,2,,December
19,filmigaane,Shemaroo Filmi Gaane,Music & Dance,62.6M,India,15.2K,172,7,,December
20,SmartBooksMedia,Pinkfong Baby Shark - Kids' Songs & Stories,Animation,62.3M,,350.1K,924,0,Toys,December
21,ChuChu TV Nursery Rhymes & Kids Songs,ChuChu TV Nursery Rhymes & Kids Songs,Toys,59.7M,,147K,855,0,,December
22,dudeperfect,Dude Perfect,Video games,58.6M,United States,7.1M,207.6K,6.7K,,December
23,movieclips,Movieclips,Movies,58.1M,United States,9.2K,142,13,Animation,December
24,colorstv,Colors TV,,57.6M,India,6.7K,73,2,,December
25,Marshmello,Marshmello,Music & Dance,56.1M,United States,1.7M,88.5K,4.5K,,December
26,tseriesbhakti,T-Series Bhakti Sagar,Music & Dance,56M,India,20.7K,458,44,,December
27,tipsofficial,Tips Official,Music & Dance,55.3M,India,336.6K,2.3K,84,,December
28,BHOJPURIWAVE,Wave Music,Music & Dance,54.9M,,60.1K,1.4K,106,,December
29,aajtak,Aaj Tak,News & Politics,54.9M,India,3.2K,45,5,,December
30,sonymusicindiaSME,Sony Music India,Music & Dance,54.6M,India,861.6K,22.2K,286,,December
31,ReinoMariaElenaWalsh,El Reino Infantil,Music & Dance,53.5M,,43.5K,255,0,,December
32,EdSheeran,Ed Sheeran,Music & Dance,52.6M,United States,222.6K,11.1K,790,,December
33,LooLooKids,LooLoo Kids - Nursery Rhymes and Children's Songs,Music & Dance,51.2M,United States,332K,5.5K,0,,December
34,taylorswift,Taylor Swift,Music & Dance,49.6M,United States,3.5M,102.1K,1.7K,,December
35,yrf,YRF,Music & Dance,49.1M,India,58.9K,3.2K,29,Movies,December
36,BillionSurpriseToys - English Kids Songs & Cartoon,BillionSurpriseToys - English Kids Songs & Cartoon,Toys,47.9M,,191K,0,0,,December
37,infobellshindirhymes,Infobells - Hindi,Education,47.6M,,187.7K,841,0,,December
38,JuegaGerman,JuegaGerman,Movies,46.6M,Mexico,874K,85.9K,3K,Animation,December
39,Badabun,Badabun,,46M,Mexico,8.5K,394,7,,December
40,felipeneto,Felipe Neto,,44.7M,Brazil,884.9K,107K,1.7K,,December
41,BRIGHT SIDE,BRIGHT SIDE,Animation,44.2M,United States,43.1K,1.1K,77,,December
42,vcsabiavideos,VocÃª Sabia?,,44.1M,Brazil,530.7K,54K,874,,December
43,sonymusicindiaVEVO,SonyMusicIndiaVEVO,Music & Dance,43.9M,India,59.4K,1.5K,51,,December
44,KatyPerryMusic,Katy Perry,Music & Dance,43.5M,,84.4K,8.2K,871,,December
45,getmovies,Get Movies,,43.2M,,69.9K,366,0,,December
46,DjWalkzz,Alan Walker,Music & Dance,42.7M,United States,104.5K,9.9K,477,Movies,December
47,A4,A4,Animation,42.5M,Russia,11.2M,404.5K,27.1K,Humor,December
48,ShemarooEnt,Shemaroo,,42.3M,India,47.4K,439,13,,December
49,Like Nastya Show,Like Nastya Show,Animation,41.8M,,94K,453,0,Toys,December
50,ABSCBNOnline,ABS-CBN Entertainment,,41.5M,Philippines,1.4K,19,1,,December
51,Voot Kids,Voot Kids,Movies,41.5M,,523.7K,4.8K,0,Animation,December
52,speedrecordss,Speed Records,Music & Dance,41.5M,India,23.5K,1.2K,57,,December
53,LittleBabyBum,Little Baby Bum - Nursery Rhymes & Kids Songs,Animation,40.1M,,88K,175,0,Toys,December
54,LuisitoComunicaa,Luisito Comunica,,39.8M,Mexico,2.7M,93K,2.9K,,December
55,MashaMedvedTV,ÐœÐ°ÑˆÐ° Ð¸ ÐœÐµÐ´Ð²ÐµÐ´ÑŒ,Education,39.7M,,1.6M,9K,0,,December
56,Shakira,Shakira,,39.3M,United States,207K,9.4K,829,,December
57,KimberlyLoaiza,Kimberly Loaiza,Daily vlogs,39M,Mexico,11.6M,524.3K,16.9K,,December
58,venus,Ishtar Music,Music & Dance,38.7M,India,35.7K,941,13,,December
59,luccasneto,LUCCAS NETO - LUCCAS TOON,Movies,38.4M,Brazil,419.5K,6.6K,0,Animation,December
60,TheEllenShow,TheEllenShow,,38.3M,United States,7.7K,229,18,,December
61,gr6explode,GR6 EXPLODE,Music & Dance,38.2M,Brazil,944.9K,42K,821,,December
62,XXXTENTACION,XXXTENTACION,Music & Dance,38.1M,United States,812.5K,103.3K,8.1K,,December
63,toysandcolors,Toys and Colors,Movies,38M,,1M,1.1K,0,Toys,December
64,WorkpointOfficial,WorkpointOfficial,,37.7M,Thailand,8.4K,116,5,,December
65,MashaBearEN,Masha and The Bear,Animation,37.7M,,893.3K,4.2K,0,Toys,December
66,ARY Digital HD,ARY Digital HD,,37.4M,Pakistan,12K,93,4,,December
67,AddictedA1,CarryMinati,Movies,37.3M,India,14.7M,2.7M,110K,Humor,December
68,DaddyYankeeOFFTV,Daddy Yankee,Music & Dance,37.3M,Colombia,60.9K,5.1K,97,,December
69,shfa2 - Ø´ÙØ§,shfa2 - Ø´ÙØ§,Daily vlogs,37M,,593.8K,3.9K,0,,December
70,TEDxTalks,TEDx Talks,,36.8M,United States,199.5,4,0,,December
71,shfa,shfa,Daily vlogs,36.7M,France,2.3M,31.8K,0,,December
72,SuperSimpleSongs,Super Simple Songs - Kids Songs,Music & Dance,36.5M,,946.9K,2K,0,,December
73,Jkk Entertainment,Jkk Entertainment,,36.5M,India,14.5M,105.6K,1.2K,,December
74,Mikecrack,Mikecrack,Movies,35.7M,Mexico,932.8K,76.6K,1.5K,Animation,December
75,Ozuna,Ozuna,Music & Dance,35.6M,United States,24.6M,141.7K,2.4K,,December
76,Goldmines Gaane Sune Ansune,Goldmines Gaane Sune Ansune,Music & Dance,35.6M,India,31.1K,243,11,,December
77,gmmonetv,à¸Šà¹ˆà¸­à¸‡ one31,,35.5M,Thailand,4.3K,97,1,,December
78,Like Nastya ESP,Like Nastya ESP,,35M,,304.5K,1.2K,0,,December
79,UltraHindi,Ultra Bollywood,,34.6M,India,70.6K,429,12,,December
80,harpalgeo,HAR PAL GEO,,34.6M,Pakistan,10.3K,88,1,,December
81,Maria Clara & JP,Maria Clara & JP,,34.5M,,2.6M,13.9K,0,,December
82,abpnewstv,ABP NEWS,News & Politics,34.3M,India,1.9K,20,2,,December
83,sonypalindia,Sony PAL,,34.3M,India,8.9K,108,8,,December
84,TotalGaming093,Total Gaming,,34.1M,India,477K,48.8K,3K,,December
85,YouTube,YouTube,,34M,United States,11.8M,1.2M,61.4K,,December
86,markiplierGAME,Markiplier,Animation,34M,United States,2.6M,164.6K,9.2K,Video games,December
87,Ryan's World,Ryan's World,Animation,33.7M,,457.3K,1.9K,0,Toys,December
88,vegetta777,VEGETTA777,Video games,33.6M,Mexico,223.4K,22.2K,356,,December
89,Geet MP3,Geet MP3,Music & Dance,33.4M,India,3.8M,78K,7.6K,,December
90,tseriesapnapunjab,T-Series Apna Punjab,Music & Dance,33.2M,India,20.7K,897,33,,December
91,LaGranjaDeZenon,La Granja de ZenÃ³n,Music & Dance,33.1M,,498.9K,1.9K,0,Animation,December
92,NoCopyrightSounds,NoCopyrightSounds,Music & Dance,33M,United States,336.4K,12.9K,786,,December
93,IndiaTV,IndiaTV,News & Politics,33M,India,9.5K,167,10,,December
94,SSSniperWolf,SSSniperWolf,Humor,33M,United States,2.7M,76.7K,4.6K,,December
95,KHANDESHI MOVIES,KHANDESHI MOVIES,,32.8M,India,893.1K,9.3K,178,,December
96,Ch3Thailand,Ch3Thailand,,32.5M,Thailand,96.8K,980,20,,December
97,Vlad vÃ  Nikita,Vlad vÃ  Nikita,Movies,32.1M,,1.8M,5.5K,0,Humor,December
98,selenagomez,Selena Gomez,,32M,United States,1.6M,139.3K,5.8K,,December
99,tseriesoldisgold,Bollywood Classics,Music & Dance,31.9M,India,178.5K,1.6K,37,,December
100,erosentertainment,Eros Now Music,,31.9M,India,21.9K,347,23,,December
101,GENIAL,GENIAL,Animation,31.6M,Mexico,33K,1.1K,37,,December
102,PowerKidstv,PowerKids TV,Movies,31.4M,India,205.9K,0,0,Animation,December
103,rajshri,Rajshri,,31.3M,India,24.6K,282,10,,December
104,SongsOfIndianCinema,Saregama Music,Music & Dance,31.3M,India,13.7K,358,20,,December
105,MrBean,Mr Bean,,31.2M,India,134.8K,2K,68,,December
106,SMTOWN,SMTOWN,Music & Dance,31M,United States,359.1K,36.5K,1.1K,,December
107,babybus,BabyBus - Kids Songs and Cartoons,Animation,30.8M,,1M,1.7K,0,Toys,December
108,DisneyMusicVEVO,DisneyMusicVEVO,Music & Dance,30.8M,United States,125.5K,4.7K,245,Movies,December
109,Ricis Official,Ricis Official,Music & Dance,30.6M,Indonesia,556.7K,24.9K,726,Movies,December
110,AllTrapNation,Trap Nation,Music & Dance,30.6M,United States,45K,1.9K,77,,December
111,latenight,The Tonight Show Starring Jimmy Fallon,Movies,30.4M,United States,126.2K,2.3K,190,Humor,December
112,rezendeevil,rezendeevil,Movies,30.2M,Brazil,274.9K,17.7K,416,Humor,December
113,AttaHalilintar,AH,Music & Dance,30.1M,Indonesia,767.7K,27.4K,1.9K,Movies,December
114,Techno Gamerz,Techno Gamerz,,30M,India,6.7M,349K,19.8K,,December
115,WWRBhojpuri,Worldwide Records Bhojpuri,Music & Dance,29.9M,India,78.7K,2.1K,91,,December
116,SpinninRec,Spinnin' Records,Music & Dance,29.8M,United States,33.6K,1.7K,53,,December
117,ImagineDragons,ImagineDragons,Music & Dance,29.4M,United States,85.8K,9.3K,119,,December
118,theofficialpeppa,Peppa Pig - Official Channel,Toys,29.3M,,318.8K,1.1K,0,,December
119,MR. INDIAN HACKER,MR. INDIAN HACKER,,29.1M,India,8.2M,640.4K,25.3K,,December
120,Wow Kidz,Wow Kidz,Animation,29M,,129.8K,1.3K,0,Humor,December
121,UltraRecords,Ultra Records,Music & Dance,29M,United States,18.1K,703,25,,December
122,Maluma,Maluma,Music & Dance,29M,Colombia,3.9M,97.1K,3K,,December
123,Genevieve's Playhouse - Learning Videos for Kids,Genevieve's Playhouse - Learning Videos for Kids,Toys,28.9M,,3.4M,3.6K,0,,December
124,jacksepticeye,jacksepticeye,Video games,28.8M,United States,1.2M,68.4K,3.9K,,December
125,GMANETWORK,GMANetwork,,28.8M,Philippines,3.5K,97,1,,December
126,toyoraljanahtv,Ù‚Ù†Ø§Ø© Ø·ÙŠÙˆØ± Ø§Ù„Ø¬Ù†Ø© | toyoraljanahtv,Music & Dance,28.8M,,110.6K,0,0,,December
127,DONA ë„ë‚˜,DONA ë„ë‚˜,,28.8M,United States,1.1M,7.6K,183,,December
128,Karolgmusic,KAROL G,Music & Dance,28.7M,Colombia,45.9M,988.6K,48.2K,,December
129,TalkingTomCat,Talking Tom,,28.6M,United States,166.8K,875,119,,December
130,Little Angel: Nursery Rhymes & Kids Songs,Little Angel: Nursery Rhymes & Kids Songs,Toys,28.4M,,527.2K,2K,0,,December
131,zeenews,Zee News,News & Politics,28.3M,India,6.7K,83,12,,December
132,Diana and Roma ESP,Diana and Roma ESP,Animation,28.1M,,1.5M,5.6K,0,,December
133,TheLateLateShow,The Late Late Show with James Corden,Animation,28M,United States,43.2K,817,63,Humor,December
134,à¤µà¥à¤²à¤¾à¤¦ à¤”à¤° à¤¨à¤¿à¤•à¤¿à¤¤à¤¾,à¤µà¥à¤²à¤¾à¤¦ à¤”à¤° à¤¨à¤¿à¤•à¤¿à¤¤à¤¾,,28M,,218.4K,1.3K,0,,December
135,TwiNboTzVids,Lucas and Marcus,Animation,27.8M,United States,656.9K,18.4K,1.1K,Humor,December
136,TheDonato,TheDonato,,27.8M,Mexico,731.5K,49.2K,1K,,December
137,infobellstamil,infobells - Tamil,Education,27.4M,,335.1K,1.4K,0,,December
138,AboFlah,AboFlah,Animation,27.2M,Iraq,2.6M,371.8K,11.1K,Video games,December
139,adityamusic,Aditya Music,Music & Dance,27.1M,India,20.1K,371,20,,December
140,taylorgangent,Wiz Khalifa,Music & Dance,26.9M,United States,1.1M,58.3K,1.8K,,December
141,Bounce Patrol - Kids Songs,Bounce Patrol - Kids Songs,Music & Dance,26.8M,,205.5K,832,0,,December
142,michaeljackson,Michael Jackson,Music & Dance,26.8M,United States,115.1K,7.6K,657,,December
143,infobellstelugu,infobells - Telugu,Education,26.6M,,70.9K,288,0,,December
144,enchufetv,enchufetv,,26.6M,Ecuador,231.9K,14.2K,235,,December
145,TheDiamondMinecart,DanTDM,Video games,26.3M,United States,466.6K,25.1K,2.5K,,December
146,toycantando,toycantando,Music & Dance,26.3M,,73.2K,679,0,Animation,December
147,Sandeep Maheshwari,Sandeep Maheshwari,Daily vlogs,26.2M,India,1.7M,111.4K,6.9K,,December
148,WorldStarHipHopTV,WORLDSTARHIPHOP,Music & Dance,26.1M,United States,18.5K,551,39,,December
149,jypentertainment,JYP Entertainment,Music & Dance,25.9M,United States,904.2K,110.2K,3.9K,,December
150,xSkyHeLLxx,Renato Garcia,Movies,25.9M,Brazil,685.9K,66K,1.2K,Animation,December
151,VanossGaming,VanossGaming,Animation,25.8M,United States,1.2M,54.4K,1.4K,Video games,December
152,nickelodeonjuniorfr,Nick Jr.,Animation,25.8M,,73.6K,170,0,Toys,December
153,Goldmines Dishoom,Goldmines Dishoom,,25.8M,,25.5K,253,0,,December
154,1MILLION Dance Studio,1MILLION Dance Studio,,25.7M,India,35.7K,2.1K,27,,December
155,LosPolinesios,LosPolinesios,Music & Dance,25.7M,Mexico,840.7K,37.7K,1.7K,Movies,December
156,adityamovies,Aditya Movies,,25.6M,India,27.6K,909,28,,December
157,mariliamendoncareal,MarÃ­lia MendonÃ§a,Music & Dance,25.4M,Brazil,2.4M,51K,1.9K,,December
158,beyonce,BeyoncÃ©,,25.4M,United States,0,0,0,,December
159,MashaOso,Masha y el Oso,Animation,25.3M,,323.5K,2.1K,0,,December
160,Raffy Tulfo in Action,Raffy Tulfo in Action,News & Politics,25.3M,Philippines,669.2K,9.7K,1.3K,,December
161,RihannaVEVO,RihannaVEVO,Music & Dance,25.3M,United States,2M,101K,3.5K,,December
162,NewOnNetflix,Netflix,Movies,25.1M,United States,96.4K,1.6K,151,Animation,December
163,Jess No Limit,Jess No Limit,Movies,25.1M,Indonesia,406.6K,10.8K,797,Animation,December
164,RatitasPandilleras,Las Ratitas,,25M,,318.1K,5.3K,0,,December
165,smosh,Smosh,Movies,24.9M,United States,127.6K,10.4K,334,Humor,December
166,WatchMojo,WatchMojo.com,Movies,24.9M,United States,63K,2K,235,,December
167,Crazy XYZ,Crazy XYZ,,24.7M,India,4.2M,322.4K,11.1K,,December
168,postmalone,Post Malone,Music & Dance,24.7M,United States,118.3K,11.6K,458,,December
169,davidguettavevo,David Guetta,Music & Dance,24.7M,Brazil,81K,3.6K,184,,December
170,shemaroomovies,Shemaroo Movies,,24.6M,India,44.9K,464,12,,December
171,Rans Entertainment,Rans Entertainment,Music & Dance,24.5M,Indonesia,584.2K,19.2K,502,Humor,December
172,Amit Bhadana,Amit Bhadana,Humor,24.4M,India,9.3M,610.3K,137.7K,,December
173,LOENENT,1theK (ì›ë”ì¼€ì´),,24.3M,Indonesia,7.4K,625,24,,December
174,Chloe Ting,Chloe Ting,Fitness,24.3M,United States,303.4K,11.5K,439,Health & Self Help,December
175,TheEnaldinhO,Enaldinho,Movies,24.2M,Brazil,2M,59.2K,1.3K,,December
176,ColdplayVEVO,Coldplay,Music & Dance,24.2M,United States,243.5K,14.9K,834,,December
177,Diana and Roma HIN,Diana and Roma HIN,,24.1M,,96.2K,569,0,,December
178,ChrisBrownTV,Chris Brown,Music & Dance,24.1M,United States,20.4M,773.2K,36.2K,,December
179,TRANS7indonesia,TRANS7 OFFICIAL,Food & Drinks,24M,Indonesia,4.4K,43,5,,December
180,Goldmines Bollywood,Goldmines Bollywood,,23.9M,India,19.3K,105,3,,December
181,NinjasHyper,Ninja,Animation,23.9M,United States,243.5K,11.9K,607,Video games,December
182,ABPLIVE,ABPLIVE,News & Politics,23.9M,India,2.2K,47,1,,December
183,JamesCharles,James Charles,Beauty,23.8M,United States,1M,51.9K,1.9K,Fashion,December
184,HumNetwork,HUM TV,,23.7M,Pakistan,2.7K,16,0,,December
185,Logan Paul,Logan Paul,Video games,23.6M,United States,4.3M,252.9K,11.5K,Humor,December
186,Happy Lives,Happy Lives,,23.4M,,12.8K,37,0,,December
187,EnriqueIglesiasPlay,Enrique Iglesias,Music & Dance,23.4M,United States,103.8K,4K,507,,December
188,Troom Troom,Troom Troom,Animation,23.3M,,178.6K,1.6K,82,Toys,December
189,NickyJamTV,NickyJamTV,Music & Dance,23.3M,Colombia,30.8K,2K,76,Movies,December
190,netdmuzikk,netd mÃ¼zik,Music & Dance,23.3M,Turkey,8.5K,232,44,,December
191,Mister Max,Mister Max,DIY & Life Hacks,23.3M,Russia,481.5K,12.7K,896,,December
192,WB Kids,WB Kids,Movies,23.2M,,61.4K,672,0,Animation,December
193,mildicasdemulher,Tina Pontes,,23.2M,Brazil,71.2K,872,0,,December
194,JellyYT,Jelly,Video games,23.1M,United States,180.8K,8.9K,1K,,December
195,Anuel AA,Anuel AA,Music & Dance,23.1M,Colombia,2.3M,152K,7.5K,Animation,December
196,SesameStreet,Sesame Street,,23.1M,,106.6K,280,0,,December
197,The Lallantop,The Lallantop,News & Politics,23.1M,India,24.3K,640,76,,December
198,likenastyaae,Like Nastya AE,,23M,,552.1K,2.7K,0,,December
199,Frost Diamond,Frost Diamond,Music & Dance,23M,Indonesia,396.9K,22.1K,837,Video games,December
200,MrBeast en EspaÃ±ol,MrBeast en EspaÃ±ol,,23M,Mexico,7.2M,294.1K,9.1K,,December
201,D Billions,D Billions,,22.9M,,1.3M,987,0,,December
202,onemeeeliondollars,Mark Rober,Science & Technology,22.9M,United States,5.4M,408.8K,27.6K,,December
203,VenusMovies,Venus Movies,,22.8M,India,58.8K,631,10,,December
204,Miss Katy,Miss Katy,Video games,22.7M,Russia,674.8K,14.5K,736,,December
205,DrossRotzank,DrossRotzank,,22.7M,Mexico,1.8M,146.7K,5.9K,,December
206,AmericasGotTalent,America's Got Talent,Music & Dance,22.7M,United States,243K,4.8K,126,Movies,December
207,Technical Guruji,Technical Guruji,,22.7M,India,491.1K,30.2K,1.8K,,December
208,Diana and Roma ARA,Diana and Roma ARA,,22.5M,,612.4K,3.2K,0,,December
209,gmmgrammyofficial,GMM GRAMMY OFFICIAL,Music & Dance,22.5M,Thailand,4.8K,169,3,,December
210,Smile Family,Smile Family,Movies,22.3M,,55K,285,0,Toys,December
211,goldmineshindi,Goldmines Movies,,22.3M,India,8.5K,96,7,,December
212,TED,TED,,22.3M,United States,20.5K,417,66,,December
213,PeppaLatinoAmericano,Peppa Pig EspaÃ±ol Latino - Canal Oficial,Toys,22.3M,,285.2K,1.7K,0,,December
214,mmoshaya,mmoshaya,,22.3M,Saudi Arabia,1.7M,17.6K,775,,December
215,WHBBP,White Hill Music,Music & Dance,22.2M,India,16K,829,41,,December
216,WaveMusicBhojpuri,Wave Music Bhojpuri,Music & Dance,22.2M,India,7.7K,91,7,,December
217,sia,Sia,Music & Dance,22.2M,United States,0,0,0,,December
218,PenIndiaPvtLimited,Pen Movies,Movies,22.1M,India,173.5K,5.5K,184,Animation,December
219,Brent Rivera,Brent Rivera,Video games,22.1M,United States,3.2M,194.5K,7.3K,Humor,December
220,oRugrat,FaZe Rug,Video games,22.1M,United States,2.6M,99.4K,7.6K,Humor,December
221,Paulo Londra,Paulo Londra,Music & Dance,22.1M,Argentina,1.3M,82.8K,2.3K,,December
222,starplus,StarPlus,,21.9M,India,26.1K,437,10,,December
223,PrestonPlayz,Preston,Animation,21.9M,United States,1M,28.4K,1.1K,Video games,December
224,BabyBus - Canciones Infantiles & Videos para NiÃ±os,BabyBus - Canciones Infantiles & Videos para NiÃ±os,Movies,21.8M,,112.7K,458,0,Animation,December
225,Juan De Dios Pantoja,Juan De Dios Pantoja,Daily vlogs,21.7M,Mexico,6.2M,355.7K,5.3K,,December
226,shfa show India,shfa show India,Daily vlogs,21.6M,,1.1M,7.4K,0,,December
227,Like Nastya PRT,Like Nastya PRT,,21.6M,,413K,1.9K,0,,December
228,CharliesVlogs,Charlie Puth,Music & Dance,21.6M,United States,99.5K,8.6K,528,,December
229,SSundee,SSundee,Video games,21.5M,United States,1.3M,68.5K,3.6K,,December
230,â˜… Kids Roma Show,â˜… Kids Roma Show,Animation,21.4M,,986K,3.6K,0,Toys,December
231,Goldmines Cineplex,Goldmines Cineplex,,21.4M,India,6.9K,58,3,,December
232,LankyBox,LankyBox,Video games,21.3M,United States,262.3K,4.1K,181,,December
233,FGTeeV,FGTeeV,Animation,21.3M,United States,608.4K,8.3K,1.1K,Video games,December
234,Tasty,Tasty,Food & Drinks,21.1M,United States,60K,3.4K,33,,December
235,UltraMovieParlour,Ultra Movie Parlour,,20.9M,India,34.6K,358,11,,December
236,NationalGeographic,National Geographic,,20.9M,United States,30.7K,723,25,,December
237,5-Minute Crafts DIY,5-Minute Crafts DIY,Music & Dance,20.9M,India,11.1K,240,7,Humor,December
238,Baim Paula,Baim Paula,Music & Dance,20.9M,Indonesia,862.5K,50.7K,11.5K,Movies,December
239,Kids TV - Nursery Rhymes And Baby Songs,Kids TV - Nursery Rhymes And Baby Songs,Toys,20.9M,,23.2K,64,0,,December
240,CanalCanalha,Canal Canalha,Sports,20.7M,Brazil,1.4M,160.3K,3.9K,,December
241,DisneyChannelLA,Disney LatinoamÃ©rica,,20.7M,,19.3K,207,0,,December
242,BeastReacts,Beast Reacts,,20.6M,United States,8.2M,228.4K,3.9K,,December
243,Brave Wilderness,Brave Wilderness,,20.6M,United States,287.6K,9.1K,1K,,December
244,RotanaAudio,Rotana,Music & Dance,20.5M,Saudi Arabia,16.8K,390,25,,December
245,Vlad and Niki Arabic,Vlad and Niki Arabic,,20.5M,,443K,1.9K,0,,December
246,Zhong,Zhong,,20.5M,United States,1.4M,76.8K,3.6K,,December
247,Alan Becker,Alan Becker,Animation,20.5M,United States,808.5K,80.8K,2.8K,Video games,December
248,JakePaulProductions,Jake Paul,Fitness,20.4M,United States,1.3M,50.7K,1.9K,,December
249,TheElenaYa,Diana and Roma EN,Animation,20.4M,,2.2M,5.3K,0,Toys,December
250,toyorbabytv,toyorbabytv,Music & Dance,20.3M,,125.2K,0,0,,December
251,BuzzFeedVideo,BuzzFeedVideo,Food & Drinks,20.3M,United States,26.9K,537,23,,December
252,TelenovelaTelevisa,Tlnovelas,,20.3M,Mexico,12.1K,241,11,,December
253,LazarBeam,LazarBeam,Animation,20.3M,United States,1.6M,98.2K,6.9K,Video games,December
254,gmapublicaffairs,GMA Public Affairs,News & Politics,20.2M,Philippines,3.7K,39,4,,December
255,MrVivekBindra,Dr. Vivek Bindra: Motivational Speaker,Education,20.2M,India,320.8K,20.1K,836,,December
256,Kinder Spielzeug Kanal,Kinder Spielzeug Kanal,Animation,20.2M,,67K,164,0,Toys,December
257,NetflixIndiaOfficial,Netflix India,,20.2M,India,57.3K,1.4K,89,,December
258,AuthenticGames,AuthenticGames,Movies,20.2M,Brazil,16.7K,1.5K,176,Video games,December
259,SlivkiChanel,SlivkiShow,Video games,20.1M,Russia,2.1M,121.5K,3.5K,,December
260,Totoy kids - PortuguÃªs,Totoy kids - PortuguÃªs,Animation,20.1M,,69.4K,872,0,,December
261,5-Minute Crafts PLAY,5-Minute Crafts PLAY,,20.1M,India,29.9K,216,12,,December
262,TheFineBros,REACT,Humor,20.1M,United States,94.1K,4K,227,,December
263,VEVO,Vevo,Music & Dance,20.1M,United States,51.9K,552,19,,December
264,HaerteTest,HaerteTest,,20M,India,24.6K,122,14,,December
265,pencilmation,Pencilmation,Animation,20M,United States,101.6K,1.2K,47,Humor,December
266,romeo,Romeo Santos,Music & Dance,19.9M,United States,69.4K,6.5K,325,,December
267,Mnet,Mnet K-POP,Music & Dance,19.9M,United States,45.5K,2.8K,177,Animation,December
268,PTXofficial,Pentatonix,Music & Dance,19.9M,United States,350.5K,18.9K,959,,December
269,Sun TV,Sun TV,,19.9M,India,62.5K,1.4K,12,,December
270,MARVEL,Marvel Entertainment,Movies,19.9M,United States,142.1K,8.2K,367,Animation,December
271,Eva Bravo Play,Eva Bravo Play,,19.8M,,399.8K,2.3K,0,,December
272,fatosdesconhecidos,Fatos Desconhecidos,Science & Technology,19.8M,Brazil,108.7K,12.3K,528,,December
273,corbuzier,Deddy Corbuzier,,19.7M,Indonesia,1.4M,30.6K,3.4K,,December
274,Noor Stars,Noor Stars,Movies,19.7M,Iraq,1M,90.9K,5K,Humor,December
275,gottalentglobal,Got Talent Global,,19.7M,United States,43.1K,778,28,,December
276,Infinite,Infinite,Video games,19.7M,United States,630.7K,15.4K,695,Humor,December
277,Kurzgesagt,Kurzgesagt â€“ In a Nutshell,Education,19.7M,United States,4.4M,211.8K,6.3K,,December
278,Dushyant kukreja,Dushyant kukreja,,19.6M,India,2.1M,139.7K,353,,December
279,invictorgs3,invictor,Animation,19.6M,Mexico,523.7K,35.9K,794,Video games,December
280,gordonramsay,Gordon Ramsay,Food & Drinks,19.5M,United States,96K,3.1K,273,Health & Self Help,December
281,Gusttavo Lima Oficial,Gusttavo Lima Oficial,Music & Dance,19.5M,Brazil,6.5M,49.3K,1.4K,,December
282,Vania Mania Kids,Vania Mania Kids,Animation,19.5M,,787.1K,2.7K,0,Toys,December
283,RobinHoodGamer1,Robin Hood Gamer,Animation,19.5M,Brazil,739.9K,51.3K,748,Video games,December
284,NBA,NBA,Sports,19.5M,United States,39.8K,1.5K,59,,December
285,TroomTroom_Es,Troom Troom Es,,19.4M,Mexico,67K,1K,56,,December
286,AlejoIgoa,Alejo Igoa,DIY & Life Hacks,19.3M,Argentina,7.6M,131.1K,17.9K,,December
287,OfficialClashOfClans,Clash of Clans,Movies,19.3M,United States,354.6K,29.7K,767,Animation,December
288,The Royalty Family,The Royalty Family,Humor,19.2M,United States,3.7M,95.1K,0,,December
289,Kids Channel India - Hindi Rhymes and Baby Songs,Kids Channel India - Hindi Rhymes and Baby Songs,Education,19.2M,,45.5K,301,0,,December
290,DLSNews,DLS News,News & Politics,19.2M,India,64.1K,1.8K,155,,December
291,BabyBus - Cerita & Lagu Anak-anak,BabyBus - Cerita & Lagu Anak-anak,Movies,19.1M,,262.4K,816,0,Humor,December
292,AS Gaming,AS Gaming,,19.1M,India,454.7K,38.3K,904,,December
293,Crafty Panda,Crafty Panda,Music & Dance,19.1M,India,50.7K,278,8,,December
294,greengoldtv,Green Gold TV - Official Channel,,19.1M,,234.3K,1.9K,0,,December
295,Maya and Mary,Maya and Mary,Toys,19.1M,,10.5K,0,0,Education,December
296,BritainsGotTalent09,Britain's Got Talent,Music & Dance,19M,United Kingdom,185K,633,34,Movies,December
297,TRT Originals Urdu,TRT Originals Urdu,,19M,Pakistan,220.3K,9.2K,196,,December
298,YOLO AVENTURAS,YOLO AVENTURAS,,19M,Mexico,812.5K,73K,325,,December
299,JimmyKimmelLive,Jimmy Kimmel Live,Movies,18.9M,United States,207.2K,3.3K,300,,December
300,NichLmao,NichLmao,Daily vlogs,18.9M,United States,844.5K,45.2K,6.7K,,December
301,sonotekvideo,Sonotek,Music & Dance,18.8M,India,28.7K,933,111,Animation,December
302,Heidi & Zidane à¤¬à¤šà¥à¤šà¥‹à¤‚ à¤•à¥€ à¤•à¤¹à¤¾à¤¨à¤¿à¤¯à¤¾à¤,Heidi & Zidane à¤¬à¤šà¥à¤šà¥‹à¤‚ à¤•à¥€ à¤•à¤¹à¤¾à¤¨à¤¿à¤¯à¤¾à¤,Daily vlogs,18.7M,,24.3K,137,0,,December
303,The ACE Family,The ACE Family,Humor,18.7M,United States,914.2K,39K,3.3K,,December
304,Junya Official Channel,Junya Official Channel,,18.7M,Japan,411.6K,1.7K,36,,December
305,PinkPanther,Official Pink Panther,Movies,18.7M,,708.1K,5.4K,0,Animation,December
306,CookieSwirlC,CookieSwirlC,Video games,18.7M,United States,101.2K,1.6K,371,,December
307,MiawAug,MiawAug,Video games,18.7M,Indonesia,492.6K,25.3K,1.4K,,December
308,Sourav Joshi Vlogs,Sourav Joshi Vlogs,Daily vlogs,18.6M,India,5.6M,469.8K,10.7K,,December
309,Emiway Bantai,Emiway Bantai,Music & Dance,18.6M,India,1.5M,174.4K,18.6K,,December
310,TheWillyrex,TheWillyrex,,18.5M,Spain,14.1K,921,303,,December
311,ElTrollino,ElTrollino,Animation,18.5M,Mexico,680.9K,28K,212,Video games,December
312,Village Cooking Channel,Village Cooking Channel,,18.5M,India,3.2M,146.2K,2.6K,,December
313,TheOdd1sOut,TheOdd1sOut,Movies,18.5M,United States,908.2K,71.7K,1K,Animation,December
314,HiBestMan,HiMan,Video games,18.5M,Russia,924.6K,62K,2.4K,,December
315,kbsworld,KBS WORLD TV,,18.5M,Indonesia,4.6K,115,6,,December
316,turmadamonicaTV,Turma da MÃ´nica,,18.5M,,155.2K,1K,0,,December
317,Vlad and Niki IDN,Vlad and Niki IDN,Music & Dance,18.4M,,207K,775,0,Movies,December
318,DanielSaboya,Dan-Sa / Daniel Saboya,Music & Dance,18.4M,Brazil,35K,778,39,Animation,December
319,SCTVIndonesia,SCTV,Music & Dance,18.3M,Indonesia,14.4K,272,23,Movies,December
320,PDKFilms,PDK Films,Movies,18.3M,United States,534.8K,17.2K,1.1K,Animation,December
321,farrukotv,Farruko,Music & Dance,18.3M,United States,4.1M,86.7K,3.4K,,December
322,Rafa & Luiz,Rafa & Luiz,Video games,18.3M,Brazil,590.9K,31.8K,812,,December
323,Unbox Therapy,Unbox Therapy,Science & Technology,18.3M,United States,1.2M,4.5K,377,,December
324,Vsauce,Vsauce,Science & Technology,18.2M,United States,2M,177.8K,8.7K,,December
325,DUDUeCAROL,DUDU e CAROL,,18.2M,Brazil,2.1M,87.9K,390,,December
326,INCRÃVEL,INCRÃVEL,Animation,18.2M,,15.9K,719,31,,December
327,GEN HALILINTAR,GEN HALILINTAR,Music & Dance,18.2M,Indonesia,241.1K,8K,197,Humor,December
328,etvteluguindia,etvteluguindia,,18.1M,India,19.5K,216,4,,December
329,Like Nastya Vlog,Like Nastya Vlog,Daily vlogs,18.1M,,491.4K,1.3K,0,,December
330,Naisa Alifia Yuriza (N.A.Y),Naisa Alifia Yuriza (N.A.Y),Music & Dance,18M,Indonesia,169K,9.2K,140,Movies,December
331,STARVIJAY,Vijay Television,,18M,India,14.3K,244,8,,December
332,dj47maryn,Marmok,Animation,18M,Russia,3.9M,310.9K,8.2K,Video games,December
333,rsiammusic,RsiamMusic : à¸­à¸²à¸£à¹Œà¸ªà¸¢à¸²à¸¡,Music & Dance,18M,Thailand,7.7K,145,10,,December
334,Kiddiestv Hindi - Nursery Rhymes & Kids Songs,Kiddiestv Hindi - Nursery Rhymes & Kids Songs,Education,17.9M,,12.4K,65,0,,December
335,ThePoznavatel,ÐŸÐ¾Ð·Ð½Ð°Ð²Ð°Ñ‚ÐµÐ»ÑŒ,Toys,17.9M,Russia,1.1M,41.9K,1.8K,DIY & Life Hacks,December
336,rhettandlink2,Good Mythical Morning,Food & Drinks,17.9M,United States,959.7K,34K,1.4K,,December
337,Little Angel EspaÃ±ol - Canciones Infantiles,Little Angel EspaÃ±ol - Canciones Infantiles,Animation,17.9M,,413.5K,2.4K,0,,December
338,Matroix,Ali-A,Video games,17.9M,United States,511.2K,19.3K,3K,,December
339,TEDEducation,TED-Ed,Science & Technology,17.9M,United States,344.7K,14.8K,642,,December
340,7clouds,7clouds,Music & Dance,17.8M,United States,156K,2.2K,111,,December
341,TheGrefg,TheGrefg,Animation,17.7M,Spain,1.1M,80.4K,1.4K,Video games,December
342,SockeyeMedia,Mother Goose Club Playhouse,Music & Dance,17.7M,,8.5K,52,0,,December
343,SebastianYatra,SebastiÃ¡n Yatra,Music & Dance,17.7M,Colombia,14.3K,1.4K,112,,December
344,JFlaMusic,JFlaMusic,Music & Dance,17.7M,United States,76.9K,5.6K,181,,December
345,Masha e o Urso,Masha e o Urso,,17.7M,,321K,2.1K,0,,December
346,aMOODIEsqueezie,SQUEEZIE,,17.6M,France,6.1M,398.7K,6.5K,,December
347,FactTechz,FactTechz,Education,17.6M,India,615.1K,38.1K,1.4K,,December
348,SOMOY TV,SOMOY TV,Daily vlogs,17.6M,Bangladesh,7.5K,145,15,,December
349,SUPER SLICK SLIME SAM,SUPER SLICK SLIME SAM,,17.6M,Mexico,191.2K,6.4K,116,,December
350,RobleisIUTU,RobleisIUTU,Movies,17.6M,Argentina,733.6K,53.9K,1.3K,Animation,December
351,grammygoldofficia,Grammy Gold Official,Music & Dance,17.6M,Thailand,10.1K,396,10,,December
352,portadosfundos,Porta dos Fundos,Movies,17.5M,Brazil,799.2K,70.5K,1K,Animation,December
353,rkddigital,RKD Studios,,17.5M,India,563.9K,13K,173,,December
354,Sony AATH,Sony AATH,,17.5M,Bangladesh,172.1K,1.7K,38,,December
355,Stubborn Facts,Stubborn Facts,News & Politics,17.5M,India,458.8K,6.1K,151,,December
356,alanalan9635,Stokes Twins,Video games,17.4M,United States,11.9M,312.4K,26.5K,Humor,December
357,ArabGamesNetwork,Ø´Ø¨ÙƒØ© Ø§Ù„Ø¹Ø§Ø¨ Ø§Ù„Ø¹Ø±Ø¨ | Arab Games Network,,17.4M,Algeria,178K,18.8K,806,,December
358,iberethenorio,Manual do Mundo,Science & Technology,17.3M,Brazil,343.3K,39K,773,,December
359,Dhar Mann,Dhar Mann,Health & Self Help,17.3M,United States,5M,82K,4.9K,,December
360,triggeredinsaan,Triggered Insaan,Humor,17.3M,India,7.8M,665.8K,13.8K,,December
361,indiancomedy,Shemaroo Comedy,,17.3M,India,62.9K,596,12,,December
362,Willyrex,Willyrex,Video games,17.2M,Mexico,76.2K,6.4K,101,,December
363,Sidemen,Sidemen,Video games,17.2M,United Kingdom,9.7M,583.7K,17.5K,Humor,December
364,Goldmines Great Indian Comedy,Goldmines Great Indian Comedy,,17.2M,India,8.2K,102,4,,December
365,fedevigevani,Fede Vigevani,,17.2M,Mexico,3M,170.7K,6.7K,,December
366,EeOneGuy,EeOneGuy,Music & Dance,17.1M,Russia,269.2K,9.1K,6.5K,,December
367,Jane ASMR ì œì¸,Jane ASMR ì œì¸,Daily vlogs,17.1M,Indonesia,300.4K,4.7K,265,,December
368,musicalrmastv,Ø§Ù„Ù€Ø±ÙŠÙ…Ø§Ø³ - Al-Remas,Music & Dance,17M,Iraq,80.4K,2.5K,235,,December
369,IGNentertainment,IGN,,17M,United States,49K,1.2K,150,,December
370,JasonDerulo,Jason Derulo,Music & Dance,17M,United States,54.5K,2.9K,44,,December
371,SonyMusicSouthVEVO,SonyMusicSouthVEVO,Music & Dance,17M,,9.5K,147,5,,December
372,aynakoitsroi,Guava Juice,,17M,United States,94.8K,2K,305,,December
373,AnittaOficial,Anitta,Music & Dance,16.9M,Brazil,616.5K,44.3K,2.5K,,December
374,tanboykun,tanboy kun,Music & Dance,16.9M,Indonesia,1.8M,38.9K,1.8K,,December
375,Zuni and Family,Zuni and Family,Daily vlogs,16.9M,,79.9K,433,0,,December
376,zbingzbing,zbing z.,Animation,16.9M,Thailand,325.6K,10.8K,439,Video games,December
377,Smile Family Spanish,Smile Family Spanish,,16.8M,,381.4K,1.4K,0,,December
378,Apple,Apple,Music & Dance,16.8M,,702.6K,20K,0,Animation,December
379,TheBrianMaps,TheBrianMaps,Video games,16.8M,Russia,1.3M,195.1K,11.8K,Humor,December
380,Tu COSMOPOLIS,Tu COSMOPOLIS,News & Politics,16.8M,Mexico,75.5K,5.9K,481,,December
381,Dangal TV Channel,Dangal TV Channel,,16.8M,India,89.4K,792,5,,December
382,Katie Angel,Katie Angel,,16.7M,Mexico,191.8K,11.4K,1.4K,,December
383,LIV Crime,LIV Crime,Daily vlogs,16.7M,India,93.6K,1.1K,29,,December
384,Prajapati News,Prajapati News,,16.7M,India,17.8K,1.1K,55,,December
385,Blippi - Educational Videos for Kids,Blippi - Educational Videos for Kids,Education,16.6M,,869.5K,3K,0,Toys,December
386,jquintanac5,DeToxoMoroxo,Movies,16.6M,Mexico,194.3K,14.8K,3.6K,Animation,December
387,Bizarrap,Bizarrap,Music & Dance,16.6M,Argentina,43.4M,2.6M,134.9K,Movies,December
388,queenofficial,Queen Official,Music & Dance,16.6M,United States,162.8K,16.5K,1.1K,Movies,December
389,IDEAS EN 5 MINUTOS,IDEAS EN 5 MINUTOS,,16.6M,Mexico,40.1K,270,7,,December
390,News24page,News24,News & Politics,16.5M,India,2.1K,36,6,,December
391,GameTheory,The Game Theorists,Science & Technology,16.4M,United States,1.9M,98.8K,5.3K,,December
392,VICE,VICE,News & Politics,16.4M,United States,337K,8K,1.3K,,December
393,TRANSTVofficial,TRANS TV Official,Music & Dance,16.4M,Indonesia,1.1K,15,2,,December
394,lescopaque,Les' Copaque Production,,16.4M,Indonesia,1.2M,13.9K,241,,December
395,Sandra Cires Art,Sandra Cires Art,,16.4M,Colombia,484.5K,30.7K,1.6K,,December
396,ppextras,ExtraPolinesios,Daily vlogs,16.4M,Mexico,51.9K,3.4K,679,,December
397,marquesbrownlee,Marques Brownlee,Science & Technology,16.4M,United States,2.6M,100K,5.3K,,December
398,El Reino a Jugar,El Reino a Jugar,Education,16.4M,,73.6K,316,0,Toys,December
399,AMARINTV : à¸­à¸¡à¸£à¸´à¸™à¸—à¸£à¹Œà¸—à¸µà¸§à¸µ,AMARINTV : à¸­à¸¡à¸£à¸´à¸™à¸—à¸£à¹Œà¸—à¸µà¸§à¸µ,News & Politics,16.3M,Thailand,10.3K,124,17,,December
400,Jason Vlogs,Jason Vlogs,Animation,16.3M,,785.7K,3K,0,Toys,December
401,Kaykai Salaider,Kaykai Salaider,Movies,16.3M,Thailand,358.9K,26.8K,1.1K,Humor,December
402,And TV,And TV,,16.2M,India,2K,15,1,,December
403,failarmy,FailArmy,Animation,16.2M,United States,1.5M,19.8K,1K,Humor,December
404,Aayu and Pihu Show,Aayu and Pihu Show,Movies,16.2M,India,2.9M,70.9K,5.9K,Humor,December
405,KSIOlajidebtHD,JJ Olatunji,,16.2M,United States,2.3M,164.8K,4.8K,,December
406,Zappy Toons - Hindi Nursery Rhymes and Stories,Zappy Toons - Hindi Nursery Rhymes and Stories,Education,16.2M,,51.8K,258,0,,December
407,IvanaAlawi,Ivana Alawi,Daily vlogs,16.2M,Philippines,2.4M,96.2K,5.7K,,December
408,boyceavenue,Boyce Avenue,Music & Dance,16.1M,Brazil,410.6K,10.5K,266,,December
409,AlanChikinChow,Alan Chikin Chow,,16.1M,India,129.1K,1.2K,81,,December
410,Like Nastya VNM,Like Nastya VNM,,16M,,310.9K,0,0,,December
411,popchartbusters,Pop Chartbusters,Music & Dance,16M,India,6.8K,114,10,,December
412,MegatoadStonie,Matt Stonie,Food & Drinks,16M,United States,2.4M,125.9K,1.8K,,December
413,PitbullMusic,Pitbull,Music & Dance,16M,United States,15K,817,22,,December
414,DopeLyrics,DopeLyrics,Music & Dance,16M,United States,10.6K,256,34,,December
415,JenniferLopez,Jennifer Lopez,Music & Dance,16M,,0,0,0,Movies,December
416,Kids Play,Kids Play,,16M,,136.9K,611,0,,December
417,FunFunMiniWorld,FunFun Toy Doll TV,,16M,United States,35.7K,508,0,,December
418,Wow Kidz Action,Wow Kidz Action,,15.9M,,41.5K,407,0,,December
419,Enes Batur,Enes Batur,Video games,15.9M,Turkey,2.2M,166.9K,8.3K,Humor,December
420,AdMe,AdMe,Animation,15.8M,Russia,39.3K,1.1K,57,,December
421,OGatoGalactico,Gato Galactico | GALÃXIA,Animation,15.8M,Brazil,171.8K,8.2K,123,,December
422,Busy Fun Ltd,Busy Fun Ltd,,15.8M,India,1.8M,10K,327,,December
423,movieclipsTRAILERS,Rotten Tomatoes Trailers,Movies,15.8M,United States,40.9K,760,86,Animation,December
424,RCTI - LAYAR DRAMA INDONESIA,RCTI - LAYAR DRAMA INDONESIA,Music & Dance,15.8M,Indonesia,16K,260,14,Movies,December
425,FitDanceTV,FitDance,Music & Dance,15.8M,,32.4K,715,17,,December
426,Like Nastya IDN,Like Nastya IDN,Music & Dance,15.8M,,280.2K,0,0,Movies,December
427,Dyland PROS,Dyland PROS,Movies,15.7M,Indonesia,31.2K,1.7K,111,Animation,December
428,wifistudy,wifistudy,Education,15.7M,India,8.9K,741,26,,December
429,With Kids[ìœ„ë“œí‚¤ì¦ˆ],With Kids[ìœ„ë“œí‚¤ì¦ˆ],,15.7M,United States,145.5K,0,0,,December
430,laharimusic,Lahari Music | T-Series,Music & Dance,15.7M,India,7.3K,147,7,,December
431,SriBalajiMovies,SriBalajiMovies,,15.6M,India,17.3K,123,2,,December
432,Zach Choi ASMR,Zach Choi ASMR,Daily vlogs,15.6M,United States,2.1M,207K,830,,December
433,SAM SMITH,SAM SMITH,,15.6M,United States,108.3K,6.9K,252,,December
434,RomanAtwoodVlogs,Roman Atwood Vlogs,Movies,15.6M,United States,619.3K,27.6K,1.3K,Humor,December
435,T3DDYgames,T3ddy,Daily vlogs,15.6M,Brazil,504.5K,53.5K,1.6K,,December
436,Vlad and Niki ESP,Vlad and Niki ESP,,15.5M,,1.1M,6.2K,0,,December
437,Fun For Kids TV - Hindi Rhymes,Fun For Kids TV - Hindi Rhymes,,15.5M,,0,0,0,,December
438,gmmtv,GMMTV OFFICIALâ€‹â€‹,Music & Dance,15.5M,Thailand,42.4K,801,17,Movies,December
439,news18India,News18 India,News & Politics,15.4M,India,1.2K,15,1,,December
440,bbtvch7,Ch7HD,,15.4M,Thailand,7.7K,202,3,,December
441,elcanaldePlimPlim,Plim Plim - Kids Songs & Episodes - Spanish,Music & Dance,15.4M,,461.2K,2.1K,0,,December
442,popskids,POPS Kids,Animation,15.4M,Indonesia,2.8K,20,0,,December
443,LOKESH GAMER,LOKESH GAMER,,15.4M,India,208K,23.9K,864,,December
444,Kerajinan 5-Menit,Kerajinan 5-Menit,Music & Dance,15.4M,Indonesia,15.1K,121,5,,December
445,LEGO,LEGO,Animation,15.3M,United States,23.7K,444,0,,December
446,SelenaGomezVEVO,SelenaGomezVEVO,Music & Dance,15.3M,United States,1.9M,149.4K,6.1K,,December
447,bbchindi,BBC News Hindi,News & Politics,15.3M,India,133.4K,0,258,,December
448,ndtvindia,NDTV India,News & Politics,15.3M,India,7.4K,164,24,,December
449,La Rosa de Guadalupe,La Rosa de Guadalupe,,15.3M,Mexico,208.8K,1.6K,42,,December
450,narendramodionline,NMF News,News & Politics,15.3M,India,9.3K,190,19,,December
451,hejproducao,Henrique e Juliano,Music & Dance,15.2M,Brazil,41.9K,2.6K,34,,December
452,5-Minute Crafts FAMILY,5-Minute Crafts FAMILY,,15.2M,India,13K,128,5,,December
453,Oyuncak AvÄ±,Oyuncak AvÄ±,,15.2M,,39.1K,0,2,,December
454,sagawa,Sagawa /ã•ãŒã‚,,15.2M,United States,200.8K,1.3K,36,,December
455,newvolgavideo,Volga Video,,15.2M,India,3.2K,27,1,,December
456,mkmusicnews,MK MUSIC,Music & Dance,15.2M,Brazil,19.8K,1.8K,35,,December
457,TheRichest,TheRichest,News & Politics,15.2M,United States,11.4K,419,55,,December
458,Super Senya,Super Senya,Animation,15.2M,,65K,374,0,Toys,December
459,TalkingFriends,Talking Tom & Friends,Animation,15.2M,United States,191.1K,1.7K,0,Humor,December
460,Ø­ÙØ±Ù Ø¥Ø¨Ø¯Ø§Ø¹ÙŠØ© ÙÙŠ 5 Ø¯Ù‚Ø§Ø¦Ù‚,Ø­ÙØ±Ù Ø¥Ø¨Ø¯Ø§Ø¹ÙŠØ© ÙÙŠ 5 Ø¯Ù‚Ø§Ø¦Ù‚,,15.2M,Egypt,31.5K,244,9,,December
461,thairathonline,Thairath Online,News & Politics,15.1M,Thailand,10.6K,139,20,,December
462,Makiman131,Makiman131,Movies,15.1M,Spain,409K,35.7K,744,Animation,December
463,LinusTechTips,Linus Tech Tips,Science & Technology,15.1M,United States,1.5M,60.2K,3.3K,,December
464,nianaguerrero,Niana Guerrero,Music & Dance,15M,Philippines,473.8K,19K,779,Humor,December
465,mariale,Mariale,,15M,Mexico,155.7K,3.8K,183,,December
466,ranziscool,Ranz Kyle,Humor,15M,Philippines,520.8K,14.9K,311,,December
467,pognalishow,Ð”Ð¸Ð¼Ð° ÐœÐ°ÑÐ»ÐµÐ½Ð½Ð¸ÐºÐ¾Ð²,Video games,15M,Russia,4.8M,408.6K,18.5K,,December
468,TWICE,TWICE,Music & Dance,15M,Philippines,545.5K,64.9K,843,Movies,December
469,RiotGamesInc,League of Legends,Movies,15M,United States,1.4M,48.2K,3.4K,Animation,December
470,TeamFilmsBhojpuri,Team Films Bhojpuri,Music & Dance,15M,India,12.9K,300,50,Movies,December
471,BollywoodClassics,Bollywood Classics,Music & Dance,15M,India,22.4K,165,7,,December
472,ChallengeAcceptedInc,Aphmau,Animation,14.9M,United States,2.1M,50.4K,3.6K,Video games,December
473,Zach King,Zach King,Movies,14.9M,United States,2.6M,20.6K,951,Humor,December
474,Dave and Ava - Nursery Rhymes and Baby Songs,Dave and Ava - Nursery Rhymes and Baby Songs,Education,14.9M,,169.1K,523,0,,December
475,PragatiVermaaShorts,Pragati Verma Shorts,,14.9M,India,2.6M,213.9K,670,,December
476,Daftar Populer,Daftar Populer,News & Politics,14.9M,Indonesia,51K,1.2K,113,,December
477,CraftBattleDuty,Lachlan,Video games,14.9M,United States,535.3K,18.7K,749,,December
478,Unspeakable,Unspeakable,Video games,14.9M,United States,2.8M,41.1K,3.8K,Humor,December
479,zncoficial,ZÃ© Neto e Cristiano,,14.8M,Brazil,18.9K,1.6K,21,,December
480,ERB,ERB,Music & Dance,14.8M,United States,2.4M,167.2K,20.9K,Animation,December
481,kwebbelkop,Kwebbelkop,Animation,14.8M,United States,68.3K,1.6K,188,Video games,December
482,MobileLegends5v5MOBA,Mobile Legends: Bang Bang Official,Movies,14.8M,Indonesia,269.9K,4K,369,Animation,December
483,Arif muhammad,Arif muhammad,Music & Dance,14.8M,Indonesia,2.6M,53.7K,1.6K,Movies,December
484,Johny FamilyShow,Johny FamilyShow,Music & Dance,14.8M,,50K,128,0,Toys,December
485,Totoy kids - EspaÃ±ol,Totoy kids - EspaÃ±ol,Toys,14.8M,,50.4K,1.3K,0,,December
486,jemproducoes,Jorge & Mateus Oficial,Music & Dance,14.8M,Brazil,16.6K,921,34,,December
487,iTownGamePlay,iTownGamePlay *Terror&DiversiÃ³n*,News & Politics,14.8M,Mexico,65.8K,4.4K,178,,December
488,It's Mamix,It's Mamix,DIY & Life Hacks,14.8M,Russia,3.9M,230.1K,8.6K,,December
489,majorlazer,Major Lazer Official,Music & Dance,14.8M,United States,13.3K,574,13,Movies,December
490,Planeta das GÃªmeas,Planeta das GÃªmeas,Toys,14.7M,,281.4K,11.8K,30,,December
491,MSA previously My Story Animated,MSA previously My Story Animated,Animation,14.7M,United States,6.4M,164.1K,5K,Humor,December
492,BlippiEspanol,Blippi EspaÃ±ol,Toys,14.7M,,368.6K,1K,0,Education,December
493,LEGENDA FUNK,LEGENDA FUNK,Music & Dance,14.7M,Brazil,7.7K,273,7,Animation,December
494,XpressTV,XpressTV,Science & Technology,14.7M,Mexico,1.2M,35.8K,405,,December
495,Ø­Ù‚Ø§Ø¦Ù‚ ÙˆØ£Ø³Ø±Ø§Ø±,Ø­Ù‚Ø§Ø¦Ù‚ ÙˆØ£Ø³Ø±Ø§Ø±,,14.7M,Egypt,32.8K,1.1K,69,,December
496,IDEIAS INCRÃVEIS,IDEIAS INCRÃVEIS,,14.6M,Brazil,11.5K,182,5,,December
497,FueledByRamen,Fueled By Ramen,,14.6M,United States,82.4K,1.8K,119,,December
498,Taarak Mehta Ka Ooltah Chashmah,Taarak Mehta Ka Ooltah Chashmah,,14.6M,India,161.8K,2.9K,48,,December
499,MattyBRaps,MattyBRaps,Music & Dance,14.6M,United States,27.5K,735,0,Movies,December
500,collegehumor,CollegeHumor,Movies,14.6M,United States,251.1K,17.2K,600,Humor,December
501,IISuperwomanII,Lilly Singh,Animation,14.6M,United States,43K,2.4K,71,Humor,December
502,zeefilmimusic,Zee Music Classic,,14.6M,India,3.5K,55,2,,December
503,PlayStation,PlayStation,,14.6M,United States,33.3K,1.2K,112,,December
504,CNN,CNN,Music & Dance,14.6M,United States,259.5K,3.6K,1.8K,Animation,December
505,UFC,UFC - Ultimate Fighting Championship,Sports,14.6M,United States,63.2K,1.4K,239,,December
506,Genierock,Genierock,Music & Dance,14.6M,Thailand,327.6K,8.3K,315,,December
507,Canal Nostalgia,Canal Nostalgia,Science & Technology,14.6M,,44.9K,6.1K,155,,December
508,Drawblogs,Drawblogs,Movies,14.5M,Mexico,15K,793,59,Animation,December
509,TheABSCBNNews,ABS-CBN News,News & Politics,14.5M,Philippines,2.7K,24,4,,December
510,Ajay Sharma,Ajay Sharma,,14.5M,India,409.8K,30.7K,56,,December
511,Gyan Gamingã…¤,Gyan Gamingã…¤,,14.5M,India,103.3K,11.1K,424,,December
512,Daily Dose Of Internet,Daily Dose Of Internet,Animals & Pets,14.5M,United States,4.4M,222.9K,6.5K,,December
513,Ø§Ù†ØµØ§Ù„Ø© ÙØ§Ù…ÙŠÙ„ÙŠ I Ø£Ù†Ø³ Ùˆ Ø£ØµØ§Ù„Ø©,Ø§Ù†ØµØ§Ù„Ø© ÙØ§Ù…ÙŠÙ„ÙŠ I Ø£Ù†Ø³ Ùˆ Ø£ØµØ§Ù„Ø©,,14.4M,Egypt,2.2M,135.4K,3.5K,,December
514,Boram Tube ToysReview [ë³´ëžŒíŠœë¸Œ í† ì´ë¦¬ë·°],Boram Tube ToysReview [ë³´ëžŒíŠœë¸Œ í† ì´ë¦¬ë·°],Daily vlogs,14.4M,,43.9K,228,0,,December
515,Super Polina,Super Polina,,14.4M,Russia,3.7K,28,0,,December
516,chadwildclay,Chad Wild Clay,Movies,14.4M,United States,1.1M,24.8K,4.4K,Humor,December
517,MartinGarrix,Martin Garrix,Music & Dance,14.4M,United States,35.2K,3.3K,73,,December
518,MY FAMILY,MY FAMILY,,14.4M,India,615.8K,3.5K,74,,December
519,Kuplinov â–º Play,Kuplinov â–º Play,Video games,14.4M,Russia,1.9M,118.9K,2.6K,,December
520,O Canal do JoÃ£ozinho - Little Angel PortuguÃªs,O Canal do JoÃ£ozinho - Little Angel PortuguÃªs,Animation,14.4M,,514.7K,2.9K,0,,December
521,CH8vdo,à¸Šà¹ˆà¸­à¸‡8 : Thai Ch8,,14.4M,Thailand,974.5,9,0,,December
522,A2 Motivation by Arvind Arora,A2 Motivation by Arvind Arora,,14.4M,India,54.6K,8K,106,,December
523,EdisonPts,EdisonPts,Video games,14.3M,Russia,2M,126.9K,5.3K,,December
524,Hongyu ASMR í™ìœ ,Hongyu ASMR í™ìœ ,ASMR,14.3M,United States,700.7K,10.4K,283,,December
525,TroomTroomRu,Ð¢Ñ€ÑƒÐ¼ Ð¢Ñ€ÑƒÐ¼,Humor,14.2M,,179.8K,2K,178,Toys,December
526,fcbarcelona,FC Barcelona,Sports,14.2M,United States,103.3K,7.7K,243,,December
527,inventonahoratv,Invento na Hora,Animation,14.2M,Brazil,827.2K,111.5K,1.7K,Humor,December
528,DM - Desi Melodies,DM - Desi Melodies,Music & Dance,14.2M,India,54.2K,2.3K,108,,December
529,camilaloures,Camila Loures,Movies,14.2M,Brazil,186.4K,17K,297,Humor,December
530,Vlad and Niki ARA,Vlad and Niki ARA,,14.2M,,82.2K,858,0,,December
531,SrtaLynaV,Lyna,Movies,14.2M,Mexico,401K,17.7K,1.1K,Animation,December
532,crashcourse,CrashCourse,Science & Technology,14.2M,United States,40.8K,2.4K,165,,December
533,OfficialTrapCity,Trap City,Music & Dance,14.2M,United States,22.6K,1.2K,46,,December
534,MazhavilManorama,Mazhavil Manorama,,14.2M,India,26.2K,299,8,,December
535,MasterskayaNastroeny,ÐœÐ°ÑÑ‚ÐµÑ€ÑÐºÐ°Ñ ÐÐ°ÑÑ‚Ñ€Ð¾ÐµÐ½Ð¸Ñ,Movies,14.2M,Russia,294K,6.5K,143,Video games,December
536,Doc Tops,Doc Tops,Animation,14.2M,Mexico,403K,22.9K,448,,December
537,whoisjimmy,How Ridiculous,Video games,14.2M,United States,359.1K,13.8K,89,,December
538,#Refugio Mental,#Refugio Mental,Movies,14.2M,Argentina,226.6K,3.6K,51,,December
539,5-Minute Crafts Recycle,5-Minute Crafts Recycle,,14.1M,India,36K,225,7,,December
540,MNCTVOfficial,MNCTV OFFICIAL,Music & Dance,14.1M,Indonesia,2.3K,46,3,,December
541,Dear Sir,Dear Sir,Education,14.1M,India,116.6K,8.4K,722,,December
542,mispastelitosyoutub,Mis Pastelitos,Food & Drinks,14.1M,Mexico,331.3K,14.4K,920,,December
543,Auron,Auron,Video games,14M,Mexico,1.4M,86.2K,1.4K,,December
544,bomberball,Bie The Ska,,14M,Thailand,310.7K,11K,468,,December
545,AM3NlC,AM3NlC,Food & Drinks,14M,Brazil,228.3K,26.6K,354,,December
546,F2Freestylers,F2Freestylers - Ultimate Soccer Skills Channel,Sports,14M,United Kingdom,408.5K,17.5K,381,,December
547,NikkieTutorials,NikkieTutorials,Design/art,14M,United States,353.8K,20.5K,491,Beauty,December
548,RosannaPansino,Rosanna Pansino,DIY & Life Hacks,14M,United States,81.6K,5.7K,67,,December
549,Aadishakti Films,Aadishakti Films,Music & Dance,14M,,16.3K,565,82,,December
550,dangmattsmith,DangMattSmith,Animation,14M,,186.5K,6.8K,771,Humor,December
551,gmmchannel,GMM25Thailand,,13.9M,Thailand,1.3K,17,1,,December
552,ABCNews,ABC News,News & Politics,13.9M,United States,9.2K,84,87,,December
553,Zig & Sharko,Zig & Sharko,,13.9M,,248.6K,1.5K,0,,December
554,The MriDul,The MriDul,,13.9M,India,8.5M,275.3K,13.8K,,December
555,Yoeslan,Yoeslan,,13.9M,India,662.4K,12.9K,37,,December
556,SRKASSAMESE,SRK MUSIC,Music & Dance,13.9M,India,120.4K,4.4K,140,,December
557,GLENTYOUTUBE,Ð“Ð›Ð•ÐÐ¢,Video games,13.9M,Russia,1.9M,144.3K,5.3K,,December
558,vetealaversha,Darkar Company Studios,Animation,13.9M,Mexico,86.5K,7.2K,223,Video games,December
559,NOBRU,NOBRU,Video games,13.8M,Brazil,101.8K,9.8K,373,Toys,December
560,katakit_baby,Katakit Baby TV,Music & Dance,13.8M,Saudi Arabia,110.4K,1.1K,0,,December
561,TazerCraft,TazerCraft,Movies,13.8M,Brazil,211.1K,15.9K,859,Animation,December
562,MAIKI021,MAIKI021,Movies,13.8M,Brazil,17.8K,2.4K,70,Animation,December
563,telemundotv,Telemundo,,13.8M,Argentina,7.7K,346,13,,December
564,Like Nastya Stories,Like Nastya Stories,,13.8M,,131.3K,698,0,,December
565,Wish 107.5,Wish 107.5,Music & Dance,13.7M,Philippines,66K,1.7K,223,,December
566,ZEE5,ZEE5,,13.7M,India,344,2,0,,December
567,Bispo Bruno Leonardo,Bispo Bruno Leonardo,Music & Dance,13.7M,Brazil,707.2K,232K,184.8K,,December
568,WWWengie,Wengie,DIY & Life Hacks,13.7M,United States,0,0,0,,December
569,Coke Studio,Coke Studio,Music & Dance,13.7M,Pakistan,44.7K,1.3K,74,Movies,December
570,hamaarbhojpuri,T-Series Hamaar Bhojpuri,Music & Dance,13.7M,India,11.8K,311,33,,December
571,bandagarotasafada,Wesley SafadÃ£o,Music & Dance,13.7M,Brazil,949.5K,13K,270,,December
572,boplayhard,PlayHard,,13.7M,Brazil,90.2K,7.7K,78,,December
573,KompasTVNews,KOMPASTV,News & Politics,13.6M,Indonesia,4.5K,44,13,,December
574,Infobells Bangla,Infobells Bangla,Education,13.6M,,42.3K,162,0,,December
575,Narins Beauty,Narins Beauty,,13.6M,Iraq,1.9M,132K,10.3K,,December
576,TV Ana Emilia,TV Ana Emilia,,13.6M,Mexico,187.2K,9.1K,337,,December
577,jordanmatter,Jordan Matter,Music & Dance,13.6M,United States,4.9M,80.8K,7.8K,Humor,December
578,OReinho,O Reino Infantil,Music & Dance,13.6M,,30.1K,239,0,,December
579,FAPtivi,FAPTV,Animation,13.6M,United States,2.4M,41.8K,719,Humor,December
580,PrestonPlayz,PrestonPlayz,Animation,13.6M,United States,1.7M,41.9K,1.7K,Video games,December
581,lindseystomp,Lindsey Stirling,Music & Dance,13.5M,United States,373.6K,21.5K,1.1K,Movies,December
582,The World Adventures à¤¹à¤¿à¤¨à¥à¤¦à¥€,The World Adventures à¤¹à¤¿à¤¨à¥à¤¦à¥€,Daily vlogs,13.5M,,9.5K,628,28,,December
583,123 GO! Spanish,123 GO! Spanish,Animation,13.5M,Mexico,212.9K,1.9K,55,,December
584,bbcnews,BBC News,News & Politics,13.5M,United States,120.2K,1.7K,891,,December
585,disneyjunior,Disney Junior,Music & Dance,13.5M,,78.2K,238,0,,December
586,Online Job,Online Job,,13.5M,India,5.1K,154,30,,December
587,ETV Jabardasth,ETV Jabardasth,,13.5M,India,86.2K,1.3K,21,,December
588,MyMissAnand,MyMissAnand,Movies,13.4M,India,1.2M,25.8K,0,Humor,December
589,AzzyLand,AzzyLand,Animation,13.4M,United States,58.3K,4K,654,,December
590,Ben Azelart,Ben Azelart,Video games,13.4M,United States,4.7M,118.2K,8.4K,Humor,December
591,Sony Music South,Sony Music South,Movies,13.4M,India,17.8K,395,20,Animation,December
592,PowerfulJRE,PowerfulJRE,Daily vlogs,13.4M,United States,1.2M,22K,4.8K,,December
593,iloveindianmakeup,Anaysa,Movies,13.3M,India,935.2K,25.7K,560,Humor,December
594,H2ODelirious,H2ODelirious,Animation,13.3M,United States,81.4K,4.4K,237,Video games,December
595,Desi Gamers,Desi Gamers,,13.3M,India,518.9K,76K,2.3K,,December
596,Juliana Baltar,Juliana Baltar,Movies,13.3M,Brazil,288.4K,12.7K,443,Humor,December
597,Zeinab Harake,Zeinab Harake,Daily vlogs,13.3M,Philippines,1.5M,80.3K,1.3K,,December
598,StudyIQ IAS,StudyIQ IAS,Education,13.3M,India,13.3K,608,17,,December
599,Narendra Modi,Narendra Modi,Science & Technology,13.3M,India,13.6K,783,64,News & Politics,December
600,TheQ_original,The Q,,13.2M,United States,243.2K,7.7K,446,,December
601,theRadBrad,theRadBrad,Video games,13.2M,United States,129K,7.7K,781,,December
602,PozzitifonShow,ÐŸÐ¾Ð·Ð·Ð¸,Video games,13.2M,Russia,602.7K,22.3K,1.5K,,December
603,skillzaisherebooya,Conor Maynard,Music & Dance,13.2M,United States,594.1K,30.7K,1.2K,,December
604,NishaMadhulika,NishaMadhulika,Food & Drinks,13.2M,India,210.2K,4K,621,,December
605,LeoNata Family,LeoNata Family,,13.2M,United States,46.2K,226,8,,December
606,tseriesregional,T-Series Regional,Music & Dance,13.2M,India,3.9K,68,8,,December
607,The LaBrant Fam,The LaBrant Fam,Music & Dance,13.2M,United States,814.7K,25.2K,0,Humor,December
608,SaturdayNightLive,Saturday Night Live,Movies,13.2M,United States,115.5K,4.2K,165,Humor,December
609,rebeccazamolo1,Rebecca Zamolo,Video games,13.1M,United States,3M,53.1K,3.8K,Humor,December
610,Alex Gonzaga Official,Alex Gonzaga Official,Music & Dance,13.1M,Philippines,2.1M,64.5K,2.3K,Humor,December
611,jazzghost1,Jazzghost,Animation,13.1M,Brazil,965.4K,55.2K,3K,Video games,December
612,djzoi0,Everson Zoio,Movies,13.1M,Brazil,220.7K,29.1K,2.5K,Animation,December
613,zeetvtelugu,Zee Telugu,,13M,India,9K,124,2,,December
614,Ø£ØªØ±Ùˆ/Atro,Ø£ØªØ±Ùˆ/Atro,,13M,Iraq,355.5K,56K,5.2K,,December
615,BBC,BBC,Movies,13M,United Kingdom,27.2K,685,22,,December
616,MattSDance,Matt Steffanina,Music & Dance,13M,United States,99.7K,4.7K,96,Movies,December
617,JDCav24,ATHLEAN-Xâ„¢,Fitness,13M,United States,210.3K,11.4K,1.1K,Health & Self Help,December
618,Ù…Ø§Ø´Ø§ Ùˆ Ø§Ù„Ø¯Ø¨,Ù…Ø§Ø´Ø§ Ùˆ Ø§Ù„Ø¯Ø¨,,13M,,683.3K,5.8K,0,,December
619,typicalgamer,Typical Gamer,Video games,13M,United States,275K,9.2K,396,,December
620,redetv,RedeTV,News & Politics,13M,Brazil,2K,54,2,,December
621,Lady Diana,Lady Diana,Music & Dance,13M,Russia,2M,55.5K,2.4K,,December
622,Crescendo com Luluca,Crescendo com Luluca,Toys,13M,Brazil,508.7K,31.5K,2.3K,,December
623,O Que NÃ£o Dizer Oficial,O Que NÃ£o Dizer Oficial,Movies,13M,Brazil,49.2K,5.2K,33,Animation,December
624,VexTrex,VexTrex,,13M,,60K,0,0,,December
625,einerdtv,Ei Nerd,Movies,13M,Brazil,286.9K,42.3K,1.2K,Animation,December
626,MstrJames,Hacksmith,Video games,12.9M,United States,0,0,0,,December
627,JOJO TV - Hindi Stories,JOJO TV - Hindi Stories,,12.9M,India,48.1K,306,0,,December
628,karameeshchannel,karameeshchannel,Music & Dance,12.9M,Jordan,259.1K,1.5K,0,,December
629,Brawl Stars,Brawl Stars,Animation,12.9M,United States,15M,422.4K,55.1K,,December
630,JamunaTVbd,Jamuna TV,News & Politics,12.9M,Bangladesh,21.6K,627,43,,December
631,MrSuicideSheep,MrSuicideSheep,,12.9M,United States,55.9K,2.6K,59,,December
632,Meghan Trainor,Meghan Trainor,Music & Dance,12.9M,United States,2.1M,102K,550,,December
633,Danny Fitt,Danny Fitt,,12.9M,Mexico,552K,16.1K,1.4K,,December
634,DJ Khaled,DJ Khaled,Music & Dance,12.9M,United States,112.2K,7.6K,0,,December
635,thinkmusicindia,Think Music India,Music & Dance,12.9M,India,243.9K,2K,48,,December
636,BUDI01 GAMING,BUDI01 GAMING,Movies,12.8M,Indonesia,272.2K,17.7K,2.8K,Animation,December
637,ComePlayWithMe,Come Play With Me,Toys,12.8M,,1.2M,0,0,,December
638,MusicTalentNow,Top Viral Talent,,12.8M,United States,18.9K,322,10,,December
639,GoldClassics,Goldmines Premiere,,12.8M,,17.5K,201,0,,December
640,#RefÃºgio Mental,#RefÃºgio Mental,Movies,12.8M,Brazil,142.1K,4.9K,52,Animation,December
641,gymvirtual,gymvirtual,Music & Dance,12.8M,Mexico,87K,3.4K,54,,December
642,storybots,Netflix Jr.,Animation,12.8M,,16.8K,105,0,Humor,December
643,zeebangla,Zee Bangla,,12.8M,India,5.1K,56,0,,December
644,awakeningrecords,Awakening Music,Music & Dance,12.8M,Indonesia,14.2K,1.5K,45,,December
645,BIBOì™€ ìž¥ë‚œê°,BIBOì™€ ìž¥ë‚œê°,,12.8M,,33.3K,0,0,,December
646,KabitasKitchen,Kabita's Kitchen,,12.7M,India,152.4K,3.2K,353,,December
647,sonyliv,Sony LIV,,12.7M,India,43.8K,181,7,,December
648,Knowledge Tv à¤¹à¤¿à¤¨à¥à¤¦à¥€,Knowledge Tv à¤¹à¤¿à¤¨à¥à¤¦à¥€,Education,12.7M,India,43.6K,1.6K,63,,December
649,Mythpat,Mythpat,,12.7M,India,2.1M,187.1K,7.6K,,December
650,PeppaPigPortuguesOficial,Peppa Pig em PortuguÃªs Brasil - Canal Oficial,Movies,12.7M,,170.9K,1.2K,0,Animation,December
651,Health Time,Health Time,Daily vlogs,12.7M,India,4.9K,191,8,,December
652,Blockbuster Movies,Blockbuster Movies,Daily vlogs,12.7M,India,29.3K,272,7,,December
653,JesseAndMike,JesseAndMike,,12.7M,United States,173.9K,1.5K,521,,December
654,DeGoBooM,DeGoBooM,Movies,12.7M,Mexico,380K,12.2K,367,Animation,December
655,Blossom,Blossom,,12.7M,United States,12.7K,214,9,,December
656,My Mate Nate,My Mate Nate,,12.7M,Thailand,1.1M,43.4K,891,,December
657,Mrwhosetheboss,Mrwhosetheboss,Science & Technology,12.6M,United States,3.4M,152.8K,8.5K,,December
658,gmanews,GMA News,News & Politics,12.6M,Philippines,2.5K,27,5,,December
659,Codiscos,Codiscos,Music & Dance,12.6M,,20.8K,189,9,,December
660,kidstvindia,Kids TV India Hindi Nursery Rhymes,Education,12.6M,,112.1K,604,0,,December
661,Melon City Show - Ø¨Ø±Ù†Ø§Ù…Ø¬ ÙˆÙ„Ø§ÙŠØ© Ø¨Ø·ÙŠØ®,Melon City Show - Ø¨Ø±Ù†Ø§Ù…Ø¬ ÙˆÙ„Ø§ÙŠØ© Ø¨Ø·ÙŠØ®,,12.6M,Iraq,217.6K,13.7K,183,,December
662,RS1313Shorts,RS 1313 SHORTS,,12.6M,India,3.8K,50,6,,December
663,AdexeOficial,Adexe & Nau,Music & Dance,12.6M,Mexico,23.3K,2.4K,147,,December
664,TheDodoSite,The Dodo,Animals & Pets,12.6M,United States,256.2K,13.5K,608,,December
665,1032010814,TKOR,DIY & Life Hacks,12.6M,United States,40.4K,1.2K,74,,December
666,Trakin Tech,Trakin Tech,News & Politics,12.6M,India,325.5K,22.7K,1.4K,,December
667,FIFATV,FIFA,Sports,12.6M,United States,21.2K,1K,45,,December
668,TheInfographicsShow,The Infographics Show,Education,12.6M,United States,307.5K,12.7K,661,,December
669,caseyneistat,CaseyNeistat,Daily vlogs,12.6M,United States,1.4M,87.4K,5.3K,,December
670,TastyCompot,Compot,Video games,12.6M,Russia,1.2M,48.4K,2.1K,,December
671,KidsLineKOYA,KOYA with,Toys,12.6M,,25.8K,63,0,Education,December
672,Piuzinho,Piuzinho,Animation,12.5M,Brazil,155.9K,25.3K,711,Humor,December
673,KapilComedyNights,Colors Rishtey,,12.5M,India,4K,36,2,,December
674,parafernalha,Parafernalha,,12.5M,Brazil,46.1K,3.7K,34,,December
675,Troom Troom India,Troom Troom India,,12.5M,India,171.5K,1.5K,32,,December
676,geonews,Geo News,News & Politics,12.5M,Pakistan,4.8K,60,6,,December
677,htbhakti,Sonotek Bhakti,Music & Dance,12.5M,India,71.4K,870,49,,December
678,E-MasterSensei,E-MasterSensei,Movies,12.5M,Mexico,777.3K,38.2K,818,Video games,December
679,elliegoulding,elliegoulding,Music & Dance,12.5M,United States,16.9K,1.1K,49,,December
680,RaptorGamer,RaptorGamer,Animation,12.5M,Mexico,590.5K,32.3K,968,Video games,December
681,Vlad and Niki PRT,Vlad and Niki PRT,,12.5M,,524.1K,0,0,,December
682,LOUD,LOUD,,12.5M,Brazil,163.6K,11.8K,205,,December
683,TV9 Bharatvarsh,TV9 Bharatvarsh,News & Politics,12.5M,India,2.1K,39,2,,December
684,TalkingAngelaCat,Talking Angela,,12.5M,United States,34.1K,267,0,,December
685,TechnologyGyan,Technology Gyan,,12.5M,India,887.6K,56.5K,2.1K,,December
686,Yudist Ardhana,Yudist Ardhana,Movies,12.5M,Indonesia,226.4K,5.1K,311,,December
687,TroomTroom_Pt,Troom Troom PT,Toys,12.5M,Brazil,116.8K,1.6K,47,,December
688,Gibby :),Gibby :),Movies,12.4M,Mexico,52.1K,3.6K,307,,December
689,LittleBabyBumEspanol,Little Baby Bum en EspaÃ±ol,Education,12.4M,,12.6K,42,0,,December
690,React,People Vs Food,Food & Drinks,12.4M,United States,372.5K,15.4K,916,,December
691,Indore Physical Academy,Indore Physical Academy,,12.4M,India,38.3K,2.6K,140,,December
692,officialfuturevideos,Future,Music & Dance,12.4M,United States,1.6M,80.5K,2.5K,,December
693,HZHtube Kids Fun,HZHtube Kids Fun,Animation,12.4M,,75.1K,377,0,Toys,December
694,JustForLaughsTV,Just For Laughs Gags,,12.4M,United States,33K,619,20,,December
695,Americanvogue,Vogue,Fashion,12.4M,United States,662.4K,10.4K,234,,December
696,officialjassrecords,Jass Records,Music & Dance,12.4M,India,146.7K,2.5K,139,,December
697,DisneyChannelUK,DisneyChannelUK,Movies,12.4M,,22.7K,542,0,Humor,December
698,user-ik9wu8di9o,WiederDude,,12.3M,United States,4.5M,13.2K,436,,December
699,ndtv,NDTV,News & Politics,12.3M,India,2.1K,17,7,,December
700,MÃ¡s SKabeche,MÃ¡s SKabeche,,12.3M,Mexico,1.1M,48K,728,,December
701,Republic Bharat,Republic Bharat,News & Politics,12.3M,India,3.1K,0,5,,December
702,Rauw Alejandro,Rauw Alejandro,Music & Dance,12.3M,Peru,838.7K,25.1K,1.2K,,December
703,CHHOTU KI MASTI,CHHOTU KI MASTI,,12.3M,India,1.2M,11.5K,153,,December
704,Ð›ÑƒÐ½Ð¾Ð¼Ð¾ÑÐ¸Ðº,Ð›ÑƒÐ½Ð¾Ð¼Ð¾ÑÐ¸Ðº,Video games,12.3M,Russia,2.6M,49.2K,2.1K,,December
705,Bela BagunÃ§a,Bela BagunÃ§a,Movies,12.3M,Brazil,148.9K,4.8K,224,Animation,December
706,WaveMusicBhakti,Wave Music Bhakti,Music & Dance,12.2M,,5K,93,8,,December
707,N1Noobtubers,ì›ƒì›ƒTwinsFromRussia,Daily vlogs,12.2M,United States,46.9K,2.1K,9,,December
708,Akon,Akon,Music & Dance,12.2M,Brazil,135K,9.8K,563,,December
709,BanderitaX,BanderitaX,Animation,12.2M,Saudi Arabia,611.6K,55.3K,2.3K,Video games,December
710,dednahype,dednahype,,12.2M,United States,35.4K,262,17,,December
711,TheDaniRep,DaniRep | +6 VÃ­deos Diarios De GTA 5 Online!,Animation,12.2M,Mexico,60.3K,6.6K,26,Video games,December
712,lucygerardi43,Luli PampÃ­n,Music & Dance,12.2M,,1.5M,4.1K,0,Animation,December
713,AvrilLavigne,Avril Lavigne,Music & Dance,12.2M,United States,134.9K,8.8K,459,,December
714,Troom Troom Indonesia,Troom Troom Indonesia,Music & Dance,12.2M,Indonesia,101.2K,877,42,Movies,December
715,Panda.,Panda,Animation,12.1M,India,379.7K,36.7K,897,Toys,December
716,IceCreamRolls,Ice Cream Rolls,,12.1M,United States,52.9K,1.5K,103,,December
717,YairAuriazul,Yair17,Movies,12.1M,Mexico,290.6K,23.9K,393,Animation,December
718,123 GO!,123 GO!,DIY & Life Hacks,12.1M,United States,309.3K,2.2K,76,,December
719,Planet Earth INDIA,Planet Earth INDIA,Daily vlogs,12.1M,India,776.8K,4.4K,230,,December
720,Lulu99,Lulu99,,12.1M,Colombia,744.8K,34.2K,2.3K,,December
721,YoungBoy Never Broke Again,YoungBoy Never Broke Again,Music & Dance,12.1M,United States,780.6K,37.9K,3.3K,,December
722,MrTimbaVk,Timba Vk,Animation,12.1M,Mexico,1.3M,40.6K,743,Video games,December
723,Ð’Ð»Ð°Ð´ Ð¸ ÐÐ¸ÐºÐ¸Ñ‚Ð°,Ð’Ð»Ð°Ð´ Ð¸ ÐÐ¸ÐºÐ¸Ñ‚Ð°,Toys,12M,,557K,2.6K,0,,December
724,TiempodeSol,Duo Tiempo De Sol,Music & Dance,12M,,67.2K,388,0,Animation,December
725,infobellskannada,infobells - Kannada,Education,12M,,167.1K,711,0,,December
726,colinfurze,colinfurze,Video games,12M,United States,466.6K,15K,421,,December
727,Natti Natasha,Natti Natasha,Music & Dance,12M,United States,24.4K,2.1K,35,,December
728,emma chamberlain,emma chamberlain,Food & Drinks,12M,United States,2.4M,156K,4.8K,,December
729,Nat and Essie,Nat and Essie,Toys,12M,United States,42.2K,1K,4,,December
730,Mor Haryanvi,Mor Haryanvi,Music & Dance,12M,India,2.5M,41.2K,15.6K,,December
731,eltreceok,El Trece,News & Politics,11.9M,,3.2K,27,6,,December
732,TsMadaan,TsMadaan,Education,11.9M,India,11K,446,46,,December
733,KaKa Kids TV - Nursery Rhymes Kids Animated Songs,KaKa Kids TV - Nursery Rhymes Kids Animated Songs,,11.9M,,1.5K,8,0,,December
734,CNCO,CNCO,Music & Dance,11.9M,Mexico,68.4K,10.8K,808,,December
735,Koo Koo TV - Hindi,Koo Koo TV - Hindi,,11.9M,India,131.3K,1.3K,25,,December
736,Kluna Tik,Kluna Tik,,11.9M,United States,99.6K,1.6K,162,,December
737,blackeyedpeasvideo,Black Eyed Peas,Music & Dance,11.9M,United States,81K,2.9K,116,,December
738,elrubius,Rubius Z,Movies,11.9M,Mexico,1.1M,91.9K,1.4K,Animation,December
739,Hero Movies 2022,Hero Movies 2022,Daily vlogs,11.8M,India,54K,422,7,,December
740,MBCMASR,MBC Ù…ØµØ±,,11.8M,Egypt,6.9K,61,4,,December
741,EU FICO LOKO,EU FICO LOKO,,11.8M,Brazil,8.3K,853,34,,December
742,MrGear,MrGear,,11.8M,United States,8.6K,191,28,,December
743,TTfue,Tfue,Animation,11.8M,United States,116.5K,5.1K,150,Video games,December
744,MC Divertida,MC Divertida,Music & Dance,11.8M,,201.9K,1.5K,0,Movies,December
745,FirstWeFeast,First We Feast,Food & Drinks,11.8M,United States,122K,6K,262,,December
746,MORGENSHTERN,MORGENSHTERN,Music & Dance,11.8M,Russia,1.5M,145.5K,7.2K,Movies,December
747,QuantumTech,Quantum Tech HD,,11.8M,United States,3M,8.6K,178,,December
748,Heidi y Zidane,Heidi y Zidane,Daily vlogs,11.8M,,181.4K,890,0,,December
749,prantoniojunior,Pastor AntÃ´nio JÃºnior,Music & Dance,11.8M,Brazil,335.1K,61.9K,6.2K,,December
750,Free Fire India Official,Free Fire India Official,,11.8M,India,44.7K,4.4K,279,,December
751,PinkVideoVault,P!NK,Music & Dance,11.8M,United States,52.1K,5.2K,174,,December
752,SBTonline,SBT,,11.8M,Brazil,2.8K,167,3,,December
753,MashaBearUkraine,ÐœÐ°ÑˆÐ° Ñ‚Ð° Ð’ÐµÐ´Ð¼Ñ–Ð´ÑŒ,Education,11.8M,,195.7K,868,0,,December
754,Acenix,Acenix,Video games,11.8M,Mexico,987.1K,69.9K,646,,December
755,GoldminesAction,GoldminesAction,,11.8M,,9.1K,123,0,,December
756,FrontaL Gaming,FrontaL Gaming,Movies,11.8M,,105.8K,7.8K,462,Animation,December
757,WildNOut,Wild 'N Out,Music & Dance,11.7M,United States,197.6K,4.5K,186,Humor,December
758,Garena Free Fire LATAM,Garena Free Fire LATAM,,11.7M,Mexico,21.6K,1.8K,144,,December
759,francoescamilla,Franco Escamilla,,11.7M,Mexico,203.7K,13.9K,194,,December
760,penguinz0,penguinz0,Animation,11.7M,United States,1.9M,92.7K,6.3K,Video games,December
761,Diana and Roma IND,Diana and Roma IND,,11.7M,,221.8K,853,0,,December
762,hawkrecord,Single Track Studio,Music & Dance,11.7M,India,0,0,0,,December
763,Pari's Lifestyle,Pari's Lifestyle,,11.7M,India,697.6K,6.9K,202,,December
764,TWO SIDE GAMERS,TWO SIDE GAMERS,,11.7M,India,407.7K,31.7K,1.5K,,December
765,bharatzkitchen HINDI,bharatzkitchen HINDI,,11.7M,India,408.8K,10K,267,,December
766,AlArabiya,AlArabiya Ø§Ù„Ø¹Ø±Ø¨ÙŠØ©,News & Politics,11.7M,Algeria,1.8K,21,4,,December
767,Ø§Ù„Ø¬Ø§Ù†Ø¨ Ø§Ù„Ù…ÙØ´Ø±Ù‚ | Bright Side Arabic,Ø§Ù„Ø¬Ø§Ù†Ø¨ Ø§Ù„Ù…ÙØ´Ø±Ù‚ | Bright Side Arabic,,11.7M,Egypt,18K,382,22,,December
768,YMWayneCarter,Lil Wayne,Music & Dance,11.7M,United States,104.6K,6.6K,463,,December
769,CrazyRussianHacker,CrazyRussianHacker,Animation,11.7M,United States,52.5K,1.6K,80,Toys,December
770,FlowersComedy,Flowers Comedy,,11.7M,India,164.8K,1.7K,167,,December
771,FelipeViktor,LipaoGamer,Movies,11.6M,Brazil,113.6K,6.8K,116,Animation,December
772,Lofi Girl,Lofi Girl,Music & Dance,11.6M,United States,43.4K,1.9K,88,,December
773,Biperysusamigos,Biper y sus Amigos,Music & Dance,11.6M,,351.7K,0,0,Movies,December
774,pocoyotv,POCOYÃ“ en ESPAÃ‘OL - Canal Oficial,,11.6M,,122.9K,433,0,,December
775,Jaiden Animations,Jaiden Animations,,11.6M,United States,3.6M,288K,13.4K,,December
776,realannoyingorange,Annoying Orange,Movies,11.6M,United States,143K,2.9K,556,Animation,December
777,BBCEarth,BBC Earth,,11.6M,United States,42.8K,1.8K,44,,December
778,kendricklamar5461,Kendrick Lamar,Music & Dance,11.6M,United States,8M,413.1K,15.1K,,December
779,Morgz,Morgz,Video games,11.5M,,229.7K,6.4K,1.2K,Humor,December
780,CarryisLive,CarryisLive,,11.5M,India,507.7K,53.5K,1.7K,,December
781,VyQwaint,Vy Qwaint,Video games,11.5M,United States,1.6M,27.1K,4.2K,Humor,December
782,ExpCaseros,ExpCaseros,DIY & Life Hacks,11.5M,Spain,36K,1.2K,79,Food & Drinks,December
783,TheViralFeverVideos,The Viral Fever,Movies,11.5M,India,1.8M,83.9K,2.7K,Humor,December
784,Flamingo,Flamingo,Animation,11.5M,United States,1.4M,48K,5K,Video games,December
785,toysplay,ToysPlay,Animation,11.5M,,134.2K,543,0,Toys,December
786,FilmTheorists,The Film Theorists,Movies,11.4M,United States,1.2M,79.2K,4.7K,,December
787,crackrockcandy,Maymo,,11.4M,United States,89K,479,82,,December
788,hoiitsroi,Wassabi,Movies,11.4M,United States,75.7K,4.5K,132,Humor,December
789,Star Casablanca | Ù†Ø¬ÙˆÙ… Ø§Ù„Ø¯Ø§Ø± Ø§Ù„Ø¨ÙŠØ¶Ø§Ø¡,Star Casablanca | Ù†Ø¬ÙˆÙ… Ø§Ù„Ø¯Ø§Ø± Ø§Ù„Ø¨ÙŠØ¶Ø§Ø¡,Music & Dance,11.4M,Iraq,23.3K,1.3K,134,,December
790,UnspeakableGaming,UnspeakableReacts,Video games,11.4M,United States,322K,6.7K,405,,December
791,Taylor RS,Taylor RS,,11.4M,United States,95.6K,611,11,,December
792,epicfortnite,Fortnite,Movies,11.4M,United States,177K,9K,377,Video games,December
793,Ù‚Ù†Ø§Ø© ÙˆÙ†Ø§Ø³Ø© -  Wanasah TV,Ù‚Ù†Ø§Ø© ÙˆÙ†Ø§Ø³Ø© -  Wanasah TV,Music & Dance,11.4M,,1.5M,10.7K,0,,December
794,watchcut,Cut,Humor,11.4M,United States,427.8K,12.3K,578,,December
795,oyabakatousan,"Sen, Momo, Ai & Shii's Channel",Daily vlogs,11.4M,Japan,68.3K,938,0,,December
796,CaptainSparklez,CaptainSparklez,Video games,11.4M,United States,117K,10.6K,456,,December
797,ElRinconDeGiorgio,El RincÃ³n De Giorgio,Video games,11.4M,Spain,950.6K,134.4K,2.3K,,December
798,mylifeaseva,MyLifeAsEva,Humor,11.4M,United States,59K,3.1K,277,,December
799,zeetamil,Zee Tamil,,11.4M,India,10K,135,1,,December
800,InsideEdition,Inside Edition,News & Politics,11.4M,United States,104.8K,2.2K,396,,December
801,luzugames,luzugames,Animation,11.3M,Mexico,154.7K,14.9K,505,Video games,December
802,NirahuaMusic,Nirahua Music World,,11.3M,India,271.7K,5.2K,134,,December
803,BakLol Video,BakLol Video,Movies,11.3M,India,526.1K,8.6K,609,Humor,December
804,Avocado Couple I Crazy Comics,Avocado Couple I Crazy Comics,,11.3M,United States,144.7K,1.2K,40,,December
805,VirgÃ­nia Fonseca,VirgÃ­nia Fonseca,Movies,11.3M,Brazil,1M,77.1K,1.6K,Humor,December
806,brancoala,Brancoala,Movies,11.3M,Brazil,384.9K,8.1K,274,Animation,December
807,ArynewsTvofficial,ARY News,News & Politics,11.3M,Pakistan,13.4K,249,15,,December
808,Ya - Alisa,Ya - Alisa,,11.3M,,1.8K,10,0,,December
809,korayzeynep0,Koray Zeynep,Daily vlogs,11.3M,Turkey,11.5K,52,2,,December
810,MagicFive5,Magic Five,Travel,11.3M,Russia,683.6K,28.4K,3.7K,,December
811,RachitRojha,Rachit Rojha,,11.3M,India,1.7M,30.4K,1.5K,,December
812,aljazeerachannel,AlJazeera Arabic  Ù‚Ù†Ø§Ø© Ø§Ù„Ø¬Ø²ÙŠØ±Ø©,News & Politics,11.3M,Morocco,8.7K,124,26,,December
813,MrGustavoParodias,Gustavo ParÃ³dias,,11.3M,Brazil,178.7K,5.8K,129,,December
814,sagahits,SagaHits,Music & Dance,11.3M,India,17.6K,837,102,,December
815,comedycentral,Comedy Central,Movies,11.2M,United States,24.6K,895,51,Humor,December
816,RapGeniusVideo,Genius,Music & Dance,11.2M,United States,23.2K,1K,136,Movies,December
817,Oum Walid,Oum Walid,Education,11.2M,Algeria,266K,16.8K,1.1K,,December
818,Morphle TV,Morphle TV,Animation,11.2M,,50.4K,252,0,Toys,December
819,SEVENGERS,SEVENGERS,,11.2M,India,0,0,0,,December
820,Stray Kids,Stray Kids,Music & Dance,11.2M,United States,657.1K,100K,3.7K,Movies,December
821,mrplotvideos,Mundo Bita,Music & Dance,11.2M,,217.9K,1.2K,0,Movies,December
822,OGGY,OGGY,,11.2M,,212.2K,2K,0,,December
823,LikeTeamEnglish,LIKE! English,,11.2M,India,0,0,0,,December
824,DemolitionRanch,DemolitionRanch,Video games,11.2M,United States,982.6K,50.1K,5.7K,,December
825,doctruyencotich,KÃªnh Thiáº¿u Nhi - BHMEDIA,Music & Dance,11.2M,United States,17.1K,52,0,Animation,December
826,chotoonz,Chotoonz TV - Funny Cartoons for Kids,,11.2M,,39.9K,0,0,,December
827,Barbie,Barbie,,11.1M,,25.8K,213,0,,December
828,JessicaJane99,Jessica Jane,Food & Drinks,11.1M,Indonesia,1.8M,80.4K,3.6K,,December
829,dobrebrothers,Dobre Brothers,Movies,11.1M,United States,365.3K,12.9K,603,Humor,December
830,oyuncakoynuyorumtv,OYUNCAKOYNUYORUM,,11.1M,,112.8K,356,0,,December
831,viihtubeoficial,Viih Tube,,11.1M,Brazil,448.1K,20.1K,406,,December
832,telugufilmnagar,Telugu Filmnagar,,11.1M,India,2.7K,34,1,,December
833,ì„¤ê¸°ì–‘SULGI,ì„¤ê¸°ì–‘SULGI,ASMR,11.1M,United States,687.6K,13.4K,488,Food & Drinks,December
834,zeeqindia,Zee Kids,,11.1M,,62.3K,1.1K,0,,December
835,SanjoyDasOfficial,Sanjoy Das Official,,11.1M,India,11.5K,1.8K,155,,December
836,BeAmazed,BE AMAZED,Education,11.1M,United States,399.9K,9.8K,619,,December
837,GamesEduUu,Games EduUu,Movies,11.1M,Brazil,1.2M,165.9K,3.9K,Toys,December
838,Lycoman Facts,Lycoman Facts,,11.1M,India,2M,0,221,,December
839,NEXT9NEWS à¤¹à¤° à¤–à¤¬à¤° à¤†à¤ª à¤¤à¤•,NEXT9NEWS à¤¹à¤° à¤–à¤¬à¤° à¤†à¤ª à¤¤à¤•,News & Politics,11.1M,India,2.9K,19,1,,December
840,NASA,NASA,News & Politics,11.1M,United States,92.6K,3.8K,0,Science & Technology,December
841,Painzeiro,Painzeiro,Daily vlogs,11.1M,Brazil,228.1K,10.7K,428,,December
842,hasanjr11,hasanjr11,,11.1M,Indonesia,831.4K,10.4K,1.5K,,December
843,historychannel,HISTORY,Movies,11.1M,United States,100.1K,2K,228,,December
844,jpgameplayfull,JP Plays,Video games,11.1M,Brazil,50.9K,2.5K,104,,December
845,RDCGujarati,RDC Gujarati,Music & Dance,11.1M,India,10.5K,370,15,,December
846,BIBO Ð¸ Ð˜Ð³Ñ€ÑƒÑˆÐºÐ¸,BIBO Ð¸ Ð˜Ð³Ñ€ÑƒÑˆÐºÐ¸,Animation,11M,,50.5K,0,0,Toys,December
847,ctctv,Ð¡Ð¢Ð¡,Video games,11M,Russia,101.1K,1.1K,47,Humor,December
848,Levinho,Levinho,,11M,India,218.8K,15.4K,740,,December
849,pinkfongko,í•‘í¬í (ì¸ê¸° ë™ìš”ãƒ»ë™í™”),Education,11M,Algeria,16.8K,469,0,,December
850,ExplosmEntertainment,ExplosmEntertainment,Movies,11M,United States,131.2K,11.1K,157,Animation,December
851,XHuevaX,Hueva,Video games,11M,Mexico,113.2K,4.3K,234,,December
852,Pen Multiplex,Pen Multiplex,,11M,India,4.2K,27,1,,December
853,Slogomanify,Slogo,Video games,11M,United States,280K,10.7K,466,,December
854,Ryan Trahan,Ryan Trahan,Humor,11M,United States,9.9M,944.5K,25.1K,,December
855,Vox,Vox,News & Politics,11M,United States,297.1K,7.6K,371,,December
856,Peppa Pig Hindi,Peppa Pig Hindi,Education,11M,,244.5K,1.8K,0,,December
857,HikakinTV,HikakinTV,Music & Dance,11M,Japan,1.2M,31.8K,1.7K,Humor,December
858,Milena Stepanienco - MILENINHA,Milena Stepanienco - MILENINHA,Movies,11M,Brazil,122.3K,1.1K,0,Animation,December
859,rathorvideo,Rathore Cassettes,,11M,India,5K,56,5,,December
860,OfficiallyAnneMarie,Anne-Marie,Music & Dance,11M,India,32.7K,3.4K,71,,December
861,Juanpa Zurita,Juanpa Zurita,,10.9M,Mexico,1M,60.3K,1.5K,,December
862,videogyan,Videogyan Nursery Rhymes - Kids Songs & Cartoons,Animation,10.9M,,158.2K,540,0,,December
863,5-Minute Crafts LIKE,5-Minute Crafts LIKE,,10.9M,India,6.8K,56,2,,December
864,GolemcitoGames,Golemcito Games,Movies,10.9M,Peru,593.7K,63.8K,1.5K,Animation,December
865,TroomTroom_Arabic,Troom Troom Arabic,,10.9M,Egypt,314K,3.8K,114,,December
866,WAMIndiaMovies,Wamindia Movies,,10.9M,India,24.6K,247,4,,December
867,THE BROWN SIBLINGS,THE BROWN SIBLINGS,,10.9M,India,2.3M,201.9K,323,,December
868,KiKiDo,KiKiDo,Video games,10.9M,Russia,2.4M,42K,2.5K,Humor,December
869,woodyandkleiny,Woody & Kleiny,,10.9M,United States,26.5K,1.7K,126,,December
870,Ãrea Secreta,Ãrea Secreta,Movies,10.9M,Brazil,155.6K,20.8K,613,,December
871,sadhguru,Sadhguru,Movies,10.9M,India,129.8K,5.2K,216,,December
872,mamilosmolengas,Mussoumano,Music & Dance,10.9M,Brazil,1.8M,79.9K,6.1K,Animation,December
873,CasoCerrado,Caso Cerrado,Animation,10.8M,Mexico,405.2K,3.2K,112,,December
874,Experienced Mojaraba TV,Experienced Mojaraba TV,Health & Self Help,10.8M,United States,34.4K,890,22,Food & Drinks,December
875,GIMS,GIMS,Music & Dance,10.8M,France,1.2M,49.1K,2.1K,,December
876,Joe HaTTab,Joe HaTTab,Movies,10.8M,Somalia,2.7M,162.7K,5.8K,,December
877,Goldmines Housefull,Goldmines Housefull,,10.8M,,9.1K,0,0,,December
878,mirandasings08,Miranda Sings,Movies,10.8M,United States,115.8K,9.4K,573,Humor,December
879,redbull,Red Bull,Sports,10.8M,United States,35K,2K,25,,December
880,ChuChuTV Hindi,ChuChuTV Hindi,Education,10.8M,,156.3K,1K,0,,December
881,timesmusicindia,Times Music,Music & Dance,10.8M,India,6.6K,235,14,,December
882,DentalDigest,Dental Digest,,10.8M,United States,638.1K,8.2K,482,,December
883,DRJRecordsSpecials,DRJ Records Specials,,10.8M,India,32.1K,128,3,,December
884,ComedyShortsGamer,Deji,Animation,10.8M,United Kingdom,1.2M,48.1K,2.5K,Humor,December
885,PinaRecordsVideos,Pina Records,Music & Dance,10.8M,Peru,1.3M,41.5K,9.1K,,December
886,WarnerBrosPictures,Warner Bros. Pictures,Movies,10.8M,United States,105.8K,4.3K,434,Animation,December
887,Google,Google,,10.8M,United States,28.5K,623,0,,December
888,DuDuPopTOY,DuDuPopTOY,Animation,10.8M,,8.6K,58,0,Humor,December
889,Kids smile TV,Kids smile TV,Movies,10.8M,,105K,509,0,Toys,December
890,MUSATANVEER,Entertainment with Musa,,10.7M,Pakistan,169.3K,1.2K,49,,December
891,Primitive Technology,Primitive Technology,DIY & Life Hacks,10.7M,United States,1.2M,73.9K,3K,,December
892,TikTak Draw,TikTak Draw,Animation,10.7M,Mexico,72.7K,4.3K,321,,December
893,Talent Recap,Talent Recap,Music & Dance,10.7M,United States,57.9K,924,64,Movies,December
894,Airrack,Airrack,Video games,10.7M,United States,4.6M,344.6K,33.1K,Humor,December
895,[í–„ì§€]Hamzy,[í–„ì§€]Hamzy,,10.7M,United States,1.7M,31.9K,866,,December
896,stampylonghead,stampylonghead,Video games,10.7M,United States,104.3K,4.9K,1.1K,,December
897,Alexa Rivera,Alexa Rivera,Animation,10.7M,United States,2M,86.1K,3.4K,Humor,December
898,Utkarsh Classes Jodhpur,Utkarsh Classes Jodhpur,Education,10.7M,India,109K,8.5K,371,,December
899,user-eg5ud6ut6s,Vlad y Nikita Show,,10.7M,,246.3K,1K,0,,December
900,soicon295,Magnet World,,10.6M,United States,302.4K,1.3K,28,,December
901,Hindi Fairy Tales,Hindi Fairy Tales,,10.6M,India,580.7K,7.8K,185,,December
902,PrankvsPrank,Jesse,Music & Dance,10.6M,United States,106.7K,7.3K,1.1K,Humor,December
903,Family Box,Family Box,Video games,10.6M,Russia,247.2K,7.8K,95,,December
904,sbtthenoite,The Noite com Danilo Gentili,Movies,10.6M,Brazil,4.5K,421,17,Humor,December
905,craftingeek,Craftingeek,,10.6M,Mexico,231.3K,11.1K,1.1K,,December
906,Pinkfong en espaÃ±ol - Canciones Infantiles,Pinkfong en espaÃ±ol - Canciones Infantiles,Animation,10.6M,,46.7K,153,0,Toys,December
907,francinyehlke,Franciny Ehlke,Fashion,10.6M,Brazil,208.4K,19.7K,396,Design/art,December
908,AdamThomasMoran,AdamThomasMoran,Video games,10.6M,Russia,488K,38.8K,2.5K,Humor,December
909,GoProCamera,GoPro,Sports,10.6M,United States,35.4K,1.7K,53,,December
910,ChillStepNation,Chill Nation,Music & Dance,10.6M,United States,21.1K,680,27,,December
911,MTV,MTV,Music & Dance,10.6M,United States,18.5K,992,23,Movies,December
912,Toymong tv í† ì´ëª½TV,Toymong tv í† ì´ëª½TV,,10.6M,,24.9K,195,0,,December
913,bbcarabic,BBC News Ø¹Ø±Ø¨ÙŠ,News & Politics,10.6M,Morocco,21.2K,389,70,,December
914,atv,atv,Movies,10.6M,Turkey,28.9K,295,10,Animation,December
915,TeremokTV,Ð¢ÐµÑ€ÐµÐ¼Ð¾Ðº Ð¢Ð’,Video games,10.6M,,281.7K,1.1K,0,,December
916,TeamMojang,Minecraft,Animation,10.6M,United States,659.8K,37.5K,1.4K,Video games,December
917,Comedy Captain,Comedy Captain,,10.6M,India,6K,62,2,,December
918,Eli Kids - Cartoons & Songs,Eli Kids - Cartoons & Songs,Music & Dance,10.6M,,1M,3.2K,0,,December
919,CJENMMUSIC,Stone Music Entertainment,Music & Dance,10.6M,United States,5.8K,448,19,Movies,December
920,Behindwoodstv,BehindwoodsTV,,10.6M,,50.1K,1.2K,51,,December
921,Rawan and Rayan,Rawan and Rayan,,10.5M,Algeria,0,0,0,,December
922,Cris Devil Gamer,Cris Devil Gamer,Movies,10.5M,United States,260.3K,8.1K,212,Animation,December
923,GeorgeNotFound,GeorgeNotFound,Video games,10.5M,United States,1.7M,137.6K,6.6K,,December
924,GemaNadaPertiwi,GNP Music,Music & Dance,10.5M,Indonesia,40.5K,187,0,Animation,December
925,Hindi Kahaniya,Hindi Kahaniya,,10.5M,India,42.5K,629,26,,December
926,CS Bisht Vines,CS Bisht Vines,,10.5M,India,2M,19.3K,426,,December
927,williesalim,Willie Salim,,10.5M,Indonesia,1M,18.3K,3.4K,,December
928,Farjana Drawing Academy,Farjana Drawing Academy,,10.5M,India,71K,2.1K,373,,December
929,Heroine Movies 2022,Heroine Movies 2022,Daily vlogs,10.5M,India,136.7K,820,9,,December
930,MTflims,Tanner Fox,Autos & Vehicles,10.5M,,397.5K,18.2K,1.4K,Humor,December
931,VikiShow,Viki Show,Video games,10.5M,Russia,1.9M,58K,2.5K,Toys,December
932,ReceitasdePai,Receitas de Pai,Food & Drinks,10.5M,Brazil,80K,10.7K,311,,December
933,Doctor Mike,Doctor Mike,Health & Self Help,10.5M,United States,1.8M,65.4K,2.9K,,December
934,Lorrayne Oliveira,Lorrayne Oliveira,Animation,10.5M,Brazil,454.2K,20.8K,673,Humor,December
935,Oneindia Hindi | à¤µà¤¨à¤‡à¤‚à¤¡à¤¿à¤¯à¤¾ à¤¹à¤¿à¤‚à¤¦à¥€,Oneindia Hindi | à¤µà¤¨à¤‡à¤‚à¤¡à¤¿à¤¯à¤¾ à¤¹à¤¿à¤‚à¤¦à¥€,News & Politics,10.5M,India,1.5K,17,1,,December
936,singkingkaraoke,Sing King,Music & Dance,10.5M,United States,10.4K,104,9,,December
937,LittleAngelIndonesia,Little Angel Bahasa Indonesia - Lagu Anak,Music & Dance,10.5M,,248.4K,1.3K,0,Toys,December
938,Adriana Show,Adriana Show,Animation,10.4M,,298.2K,0,0,Toys,December
939,PattymayoTv,Patty Mayo,Movies,10.4M,United States,512.8K,13.9K,674,Humor,December
940,BrPVPHu3,JoÃ£o Caetano,,10.4M,Brazil,626.3K,45.6K,966,,December
941,5-Minute Recipes,5-Minute Recipes,,10.4M,India,44K,331,7,,December
942,Playing with Rafael,Playing with Rafael,,10.4M,Brazil,10.9K,52,0,,December
943,bhaktisongs,Shemaroo Bhakti,Music & Dance,10.4M,India,7.1K,164,11,,December
944,TwinRoozi ìŒë‘¥ì´ ë£¨ì§€,TwinRoozi ìŒë‘¥ì´ ë£¨ì§€,Daily vlogs,10.4M,Indonesia,74.6K,0,0,,December
945,"Baby Big Mouth Kids - Sing, Dance, Explore","Baby Big Mouth Kids - Sing, Dance, Explore",Animation,10.4M,,528,4,0,Toys,December
946,SaraBeautyCorner,"SaraBeautyCorner - DIY, Comedy, Makeup, Nail Art",DIY & Life Hacks,10.4M,United States,36.2K,2.8K,93,,December
947,TomorrowlandChannel,Tomorrowland,Music & Dance,10.4M,Brazil,47.6K,1.7K,82,,December
948,EugenBro,EugenBro,Video games,10.4M,Russia,258K,15.1K,1.9K,,December
949,HiTechIslamic,Hi-Tech Islamic Naat,Music & Dance,10.4M,Pakistan,95.1K,1.1K,77,,December
950,ì„œì€ì¼ìƒì´ì•¼ê¸°,ì„œì€ì¼ìƒì´ì•¼ê¸°,,10.4M,,17.6K,107,0,,December
951,XO TEAM,XO TEAM,,10.4M,United States,617.9K,38.6K,264,,December
952,TeremokSongs,Ð¢ÐµÑ€ÐµÐ¼Ð¾Ðº - ÐŸÐµÑÐµÐ½ÐºÐ¸ Ð´Ð»Ñ Ð´ÐµÑ‚ÐµÐ¹,Music & Dance,10.4M,Russia,98.7K,499,0,,December
953,AsapSCIENCE,AsapSCIENCE,Science & Technology,10.4M,United States,149K,6.8K,338,,December
954,Jugnu Kids - Nursery Rhymes and Best Baby Songs,Jugnu Kids - Nursery Rhymes and Best Baby Songs,Animation,10.4M,,161.2K,1.3K,0,,December
955,The Daily Show with Trevor Noah,The Daily Show with Trevor Noah,News & Politics,10.4M,United States,185.9K,7K,402,,December
956,SpriteDer SPD,SpriteDer SPD,Humor,10.4M,Thailand,4.3M,152.9K,5.6K,,December
957,0214mex,ã¯ã˜ã‚ã—ã‚ƒã¡ã‚‡ãƒ¼ï¼ˆhajimeï¼‰,Music & Dance,10.4M,Japan,592.2K,18.5K,1.1K,Humor,December
958,VYRLOriginals,VYRLOriginals,Music & Dance,10.4M,India,7.3M,34K,3.3K,,December
959,PrimeVideoIN,Prime Video India,Movies,10.4M,India,77.3K,387,25,Animation,December
960,HeeraGoldOfficial,Heera Gold,Daily vlogs,10.3M,Pakistan,18.9K,791,94,,December
961,cleanbandit,Clean Bandit,Music & Dance,10.3M,United States,76.5K,3.5K,147,,December
962,Survival Builder,Survival Builder,,10.3M,United States,49.9K,1.5K,112,,December
963,Hindi Countdown,Hindi Countdown,Education,10.3M,India,1.8M,35.8K,811,,December
964,Sanam,Sanam,Music & Dance,10.3M,India,58.7K,6.3K,293,Movies,December
965,Salman Noman,Salman Noman,,10.3M,India,0,0,0,,December
966,TopMovieClips,TopMovieClips,Movies,10.3M,United States,124.5K,2.1K,140,Animation,December
967,SiaVEVO,SiaVEVO,Music & Dance,10.3M,United States,58.4K,3.7K,405,,December
968,Islam Populer,Islam Populer,Education,10.3M,Indonesia,25.9K,854,63,,December
969,topperguild,Topper Guild,Animation,10.3M,United States,288.9K,5.9K,680,Humor,December
970,AnandAudio,Anand Audio,,10.3M,India,175.5K,2.2K,109,,December
971,Wylsacom,Wylsacom,Science & Technology,10.3M,Russia,291.7K,13K,950,News & Politics,December
972,SONU SHARMA,SONU SHARMA,Education,10.3M,India,483.2K,28.7K,1K,,December
973,nikhirschi,Supercar Blondie,Animation,10.3M,United States,232.7K,6.8K,654,,December
974,JessicaJulioeBaby,Laurinha e Helena - Clubinho da Laura,Movies,10.3M,Brazil,83.5K,1.4K,0,Animation,December
975,T-STUDIO,T-STUDIO,,10.3M,Indonesia,8.1K,1K,0,,December
976,ThePersica,Orkun IÅŸÄ±tmak,Animation,10.3M,Turkey,2.1M,83.7K,2.7K,,December
977,123 GO! Hindi,123 GO! Hindi,,10.2M,India,234.1K,1.7K,20,,December
978,DalasReview,Dalas Review,Science & Technology,10.2M,Mexico,305.7K,30.9K,4.6K,,December
979,nhstudioz,NH Studioz,,10.2M,India,10.6K,71,2,,December
980,NFL,NFL,Sports,10.2M,United States,24.5K,635,78,,December
981,ChuChuTV EspaÃ±ol,ChuChuTV EspaÃ±ol,Toys,10.2M,,51.4K,358,0,,December
982,SÆ¡n TÃ¹ng M-TP Official,SÆ¡n TÃ¹ng M-TP Official,Music & Dance,10.2M,United States,100.9K,7.7K,108,Animation,December
983,htv2channel,Vie Channel - HTV2,Music & Dance,10.2M,United States,40.2K,475,58,,December
984,Luan Palomera,Luan Palomera,,10.2M,Mexico,118.5K,7.1K,369,,December
985,Roshan Zindagi,Roshan Zindagi,Education,10.2M,India,21.2K,652,15,,December
986,Eagle Home Entertainments,Eagle Home Entertainments,,10.2M,India,724,3,0,,December
987,Ù…ØµØ·ÙÙ‰ GAME OVER,Ù…ØµØ·ÙÙ‰ GAME OVER,,10.1M,Iraq,564.4K,64.5K,2.7K,,December
988,GadgetIn,GadgetIn,,10.1M,Indonesia,1.2M,28.2K,3.5K,,December
989,RUOK,RUOK,,10.1M,Brazil,215.4K,25.2K,1.3K,,December
990,Sabkuchhsikhojano,Sab Kuchh Sekho Jano,News & Politics,10.1M,India,11.8K,1.2K,72,,December
991,Harpreet SDC,Harpreet SDC,,10.1M,India,36.1K,1.3K,49,,December
992,FoxNewsChannel,Fox News,News & Politics,10.1M,United States,98.4K,4K,884,,December
993,Santa Fe Klan Official,Santa Fe Klan Official,Music & Dance,10.1M,Mexico,0,0,0,,December
994,Boram Tube Show,Boram Tube Show,Daily vlogs,10.1M,,14.8K,95,0,,December
995,Diana and Roma PRT,Diana and Roma PRT,,10.1M,,403.6K,1.3K,0,,December
996,SULE PRODUCTIONS,SULE PRODUCTIONS,,10.1M,Indonesia,101.5K,2.5K,292,,December
997,Dynamo Gaming,Dynamo Gaming,,10.1M,India,112.4K,17.8K,677,,December
998,one_Iraqi_Diary,ÙŠÙˆÙ…ÙŠØ§Øª ÙˆØ§Ø­Ø¯ Ø¹Ø±Ø§Ù‚ÙŠ | One Iraqi Diary,,10.1M,Iraq,2.9M,245.5K,17.2K,,December
999,ClassicMrBean,Classic Mr Bean,,10.1M,India,48.3K,624,23,,December
1000,Anupam Movie Songs,Anupam Movie Songs,Music & Dance,10.1M,Bangladesh,41.2K,315,18,,December
970,AnandAudio,Anand Audio,,10.3M,India,175.5K,2.2K,109,,December
971,Wylsacom,Wylsacom,Science & Technology,10.3M,Russia,291.7K,13K,950,News & Politics,December
986,Eagle Home Entertainments,Eagle Home Entertainments,,10.2M,India,724,3,0,,December
